"gbifID","license","species","basisOfRecord","decimalLongitude","decimalLatitude","coordinateUncertaintyInMeters","year","month","day","countryCode","stateProvince","county","locality","verbatimLocality","institutionCode","recordedBy","references"
897129119,"CC0_1_0","Urocitellus columbianus","PRESERVED_SPECIMEN",NA,NA,NA,1987,6,22,"US","Washington","Pend Oreille County","7 MI W TIGER, LAKE LEON","7 MI W TIGER, LAKE LEON","WNMU","Collector(s): Bruce J. Hayward","http://arctos.database.museum/guid/WNMU:Mamm:5478"
897126133,"CC0_1_0","Urocitellus columbianus","PRESERVED_SPECIMEN",NA,NA,NA,1973,6,6,"US","Idaho","Valley County","20 MI W YELLOW PINE","20 MI W YELLOW PINE","WNMU","Collector(s): Bruce J. Hayward","http://arctos.database.museum/guid/WNMU:Mamm:2768"
897126012,"CC0_1_0","Urocitellus columbianus","PRESERVED_SPECIMEN",NA,NA,NA,1973,6,6,"US","Idaho","Valley County","20 mi W Yellow Pine","20 mi W Yellow Pine","WNMU","Collector(s): Bruce J. Hayward","http://arctos.database.museum/guid/WNMU:Mamm:2659"
NA,NA,NA,NA,NA,NA,NA,NA,NA,NA,NA,NA,NA,NA,NA,NA,NA,NA
NA,NA,NA,NA,NA,NA,NA,NA,NA,NA,NA,NA,NA,NA,NA,NA,NA,NA
NA,NA,NA,NA,NA,NA,NA,NA,NA,NA,NA,NA,NA,NA,NA,NA,NA,NA
NA,NA,NA,NA,NA,NA,NA,NA,NA,NA,NA,NA,NA,NA,NA,NA,NA,NA
NA,NA,NA,NA,NA,NA,NA,NA,NA,NA,NA,NA,NA,NA,NA,NA,NA,NA
812662715,"CC0_1_0","Urocitellus columbianus","PRESERVED_SPECIMEN",-118.0780719,44.519175,6183,1977,7,11,"US","Oregon","Baker","Unity, 8 mi NE","USA | Oregon | Baker","PSM","C. Maser","http://portal.vertnet.org/o/psm/bird?id=Mammal-25993"
812662206,"CC0_1_0","Urocitellus columbianus","PRESERVED_SPECIMEN",-117.96958,45.172971,5030,1979,3,26,"US","Oregon","Union","Ladd Canyon, 1.5 mi SE","USA | Oregon | Union","PSM","R. Etter and B. Grove","http://portal.vertnet.org/o/psm/bird?id=Mammal-26078"
812662205,"CC0_1_0","Urocitellus columbianus","PRESERVED_SPECIMEN",-117.96958,45.172971,5030,1979,3,26,"US","Oregon","Union","Ladd Canyon, 1.5 mi SE","USA | Oregon | Union","PSM","R. Etter and B. Grove","http://portal.vertnet.org/o/psm/bird?id=Mammal-26077"
812660976,"CC0_1_0","Urocitellus columbianus","PRESERVED_SPECIMEN",-118.5528969,45.2637653,14495,1976,6,19,"US","Oregon","Union","Starkey Experimental Forest, Meadow Creek","USA | Oregon | Union","PSM","E. Bull","http://portal.vertnet.org/o/psm/bird?id=Mammal-24155"
812656799,"CC0_1_0","Urocitellus columbianus","PRESERVED_SPECIMEN",-118.1700159,48.4286468,2105,1974,6,19,"US","Washington","Stevens","Roosevelt Lake, E shore, nr Rice","USA | Washington | Stevens","PSM","University of Washington","http://portal.vertnet.org/o/psm/bird?id=Mammal-20325"
NA,NA,NA,NA,NA,NA,NA,NA,NA,NA,NA,NA,NA,NA,NA,NA,NA,NA
NA,NA,NA,NA,NA,NA,NA,NA,NA,NA,NA,NA,NA,NA,NA,NA,NA,NA
NA,NA,NA,NA,NA,NA,NA,NA,NA,NA,NA,NA,NA,NA,NA,NA,NA,NA
665719081,"CC0_1_0","Urocitellus columbianus","PRESERVED_SPECIMEN",-113.705704,47.622299,NA,1985,NA,NA,"US","Montana","Missoula Co","6 mi N 1 mi E Condon; Dog Creek T22N, R16W, W .5 sec 3","","FMNH","R. M. Timm",""
5006598768,"CC0_1_0","Urocitellus columbianus","PRESERVED_SPECIMEN",NA,NA,NA,1981,6,20,"US","Montana","Lake","4.6 mi S, 3.4 mi E Big Fork","","UCOCV","F. Bassett","https://csvcoll.org/portal/collections/individual/index.php?occid=329520"
NA,NA,NA,NA,NA,NA,NA,NA,NA,NA,NA,NA,NA,NA,NA,NA,NA,NA
5006596720,"CC0_1_0","Urocitellus columbianus","PRESERVED_SPECIMEN",NA,NA,NA,1978,7,28,"US","Montana","Flathead","7 mi S of Martin City (DOR)","","UCOCV","R. Pyle","https://csvcoll.org/portal/collections/individual/index.php?occid=328649"
5006594107,"CC0_1_0","Urocitellus columbianus","PRESERVED_SPECIMEN",NA,NA,NA,1981,8,10,"US","Oregon","Grant","Canyon Creek Meadows","","UCOCV","J. Purswell","https://csvcoll.org/portal/collections/individual/index.php?occid=332596"
5006594106,"CC0_1_0","Urocitellus columbianus","PRESERVED_SPECIMEN",NA,NA,NA,1979,8,18,"US","Oregon","Grant","Strawberry Meadows","","UCOCV","T.D. Wright","https://csvcoll.org/portal/collections/individual/index.php?occid=332597"
5006593376,"CC0_1_0","Urocitellus columbianus","PRESERVED_SPECIMEN",NA,NA,NA,1976,4,4,"US","Washington","Walla Walla","0.5 mi S. of Whitman National Historic Site","","UCOCV","D. Heinzman","https://csvcoll.org/portal/collections/individual/index.php?occid=327849"
4947692650,"CC_BY_NC_4_0","Urocitellus columbianus","PRESERVED_SPECIMEN",-117.179616,46.731274,5639,1978,6,13,"US","Washington","Whitman County","Pullman","Pullman, elev. 2500 ft, Whitman Co., Washington","CRCM","Collector(s): unknown","http://arctos.database.museum/guid/CRCM:Mamm:6292"
4947692604,"CC_BY_NC_4_0","Urocitellus columbianus","PRESERVED_SPECIMEN",-118.343021,46.064581,4977,1983,5,3,"US","Washington","Walla Walla County","N Fort Walla Walla City Park, Walla Walla","N Fort Walla Walla City Park, Walla Walla, Walla Walla Co., Washington","CRCM","Collector(s): unknown","http://arctos.database.museum/guid/CRCM:Mamm:24969"
4947692394,"CC_BY_NC_4_0","Urocitellus columbianus","PRESERVED_SPECIMEN",-116.868614,46.920119,90,1985,4,3,"US","Idaho","Latah County","Gold Creek Ranch, 1 mi E of Potlach on Hwy. 6","Gold Creek Ranch, 1 mi E of Potlach on Hwy. 6, Latah Co., Idaho","CRCM","Collector(s): unknown","http://arctos.database.museum/guid/CRCM:Mamm:8594"
4947692313,"CC_BY_NC_4_0","Urocitellus columbianus","PRESERVED_SPECIMEN",-118.343021,46.064581,4977,1983,4,28,"US","Washington","Walla Walla County","N Fort Walla Walla City Park, Walla Walla","N Fort Walla Walla City Park, Walla Walla, Walla Walla Co., Washington","CRCM","Collector(s): unknown","http://arctos.database.museum/guid/CRCM:Mamm:24932"
4947692226,"CC_BY_NC_4_0","Urocitellus columbianus","PRESERVED_SPECIMEN",-117.273998,48.532318,66268,1994,6,23,"US","Washington","Pend Oreille County","No specific locality recorded.","Rub Reg 3, T35N, R42E, sec. 3, Pend Oreille Co., Washington","CRCM","Collector(s): unknown","http://arctos.database.museum/guid/CRCM:Mamm:22973"
4947692104,"CC_BY_NC_4_0","Urocitellus columbianus","PRESERVED_SPECIMEN",-117.060103,46.738423,2069,1977,5,14,"US","Washington","Whitman County","1.7 mi E, 1.3 mi N of Sunshine","1.7 mi E, 1.3 mi N of Sunshine, elev. 2540 ft, Whitman Co., Washington","CRCM","Collector(s): unknown","http://arctos.database.museum/guid/CRCM:Mamm:8470"
4947692055,"CC_BY_NC_4_0","Urocitellus columbianus","PRESERVED_SPECIMEN",-118.343021,46.064581,4977,1983,4,21,"US","Washington","Walla Walla County","N Fort Walla Walla City Park, Walla Walla","N Fort Walla Walla City Park, Walla Walla, Walla Walla Co., Washington","CRCM","Collector(s): unknown","http://arctos.database.museum/guid/CRCM:Mamm:24870"
4947691874,"CC_BY_NC_4_0","Urocitellus columbianus","PRESERVED_SPECIMEN",-117.454566,48.275992,16413,1992,6,21,"US","Washington","Pend Oreille County","12 mi E of Chewelah","12 mi E of Chewelah, T32N R42E Sec 11, Pend Oreille Co., Washington","CRCM","Collector(s): unknown","http://arctos.database.museum/guid/CRCM:Mamm:8380"
4947691823,"CC_BY_NC_4_0","Urocitellus columbianus","PRESERVED_SPECIMEN",-118.343021,46.064581,4977,1983,5,29,"US","Washington","Walla Walla County","N Fort Walla Walla City Park, Walla Walla","N Fort Walla Walla City Park, Walla Walla, Walla Walla Co., Washington","CRCM","Collector(s): unknown","http://arctos.database.museum/guid/CRCM:Mamm:24873"
4947691807,"CC_BY_NC_4_0","Urocitellus columbianus","PRESERVED_SPECIMEN",-118.343021,46.064581,4977,1983,5,24,"US","Washington","Walla Walla County","N Fort Walla Walla City Park, Walla Walla","N Fort Walla Walla City Park, Walla Walla, Walla Walla Co., Washington","CRCM","Collector(s): unknown","http://arctos.database.museum/guid/CRCM:Mamm:25052"
4947691632,"CC_BY_NC_4_0","Urocitellus columbianus","PRESERVED_SPECIMEN",-118.343021,46.064581,4977,1983,5,2,"US","Washington","Walla Walla County","N Fort Walla Walla City Park, Walla Walla","N Fort Walla Walla City Park, Walla Walla, Walla Walla Co., Washington","CRCM","Collector(s): unknown","http://arctos.database.museum/guid/CRCM:Mamm:24960"
4947691542,"CC_BY_NC_4_0","Urocitellus columbianus","PRESERVED_SPECIMEN",-117.179616,46.731274,5639,1978,6,16,"US","Washington","Whitman County","Pullman","Pullman, elev. 2500 ft, Whitman Co., Washington","CRCM","Collector(s): unknown","http://arctos.database.museum/guid/CRCM:Mamm:8439"
4947691513,"CC_BY_NC_4_0","Urocitellus columbianus","PRESERVED_SPECIMEN",-116.868614,46.920119,90,1985,3,22,"US","Idaho","Latah County","Gold Creek Ranch, 1 mi E of Potlach on Hwy. 6","Gold Creek Ranch, 1 mi E of Potlach on Hwy. 6, Latah Co., Idaho","CRCM","Collector(s): unknown","http://arctos.database.museum/guid/CRCM:Mamm:8566"
4947691509,"CC_BY_NC_4_0","Urocitellus columbianus","PRESERVED_SPECIMEN",-117.148986,48.921913,301,1981,7,12,"US","Washington","Pend Oreille County","Leola Creek Basin","Leola Creek Basin, 5800 ft, Pend Oreille Co, Washington","CRCM","Collector(s): unknown","http://arctos.database.museum/guid/CRCM:Mamm:8402"
4947691405,"CC_BY_NC_4_0","Urocitellus columbianus","PRESERVED_SPECIMEN",-118.585814,46.020281,3754,1983,3,20,"US","Washington","Walla Walla County","4 km S of Lowden","4 km S of Lowden, Walla Walla Co., Washington","CRCM","Collector(s): unknown","http://arctos.database.museum/guid/CRCM:Mamm:24848"
4947691371,"CC_BY_NC_4_0","Urocitellus columbianus","PRESERVED_SPECIMEN",-119.451762,47.205665,98242,1992,7,3,"US","Washington","Grant County","Iron Spring","Iron Spring, T9N R42E Sec 1, Garfield Co., Washington","CRCM","Collector(s): unknown","http://arctos.database.museum/guid/CRCM:Mamm:8473"
4947691275,"CC_BY_NC_4_0","Urocitellus columbianus","PRESERVED_SPECIMEN",-118.343021,46.064581,4977,1983,5,3,"US","Washington","Walla Walla County","N Fort Walla Walla City Park, Walla Walla","N Fort Walla Walla City Park, Walla Walla, Walla Walla Co., Washington","CRCM","Collector(s): unknown","http://arctos.database.museum/guid/CRCM:Mamm:24963"
4947691193,"CC_BY_NC_4_0","Urocitellus columbianus","PRESERVED_SPECIMEN",-118.343021,46.064581,4977,1983,4,28,"US","Washington","Walla Walla County","N Fort Walla Walla City Park, Walla Walla","N Fort Walla Walla City Park, Walla Walla, Walla Walla Co., Washington","CRCM","Collector(s): unknown","http://arctos.database.museum/guid/CRCM:Mamm:24935"
4947691103,"CC_BY_NC_4_0","Urocitellus columbianus","PRESERVED_SPECIMEN",-116.868614,46.920119,90,1985,4,4,"US","Idaho","Latah County","Gold Creek Ranch, 1 mi E of Potlach on Hwy. 6","Gold Creek Ranch, 1 mi E of Potlach on Hwy. 6, Latah Co., Idaho","CRCM","Collector(s): unknown","http://arctos.database.museum/guid/CRCM:Mamm:8569"
4947691073,"CC_BY_NC_4_0","Urocitellus columbianus","PRESERVED_SPECIMEN",-118.343021,46.064581,4977,1983,4,28,"US","Washington","Walla Walla County","N Fort Walla Walla City Park, Walla Walla","N Fort Walla Walla City Park, Walla Walla, Walla Walla Co., Washington","CRCM","Collector(s): unknown","http://arctos.database.museum/guid/CRCM:Mamm:24937"
4947691062,"CC_BY_NC_4_0","Urocitellus columbianus","PRESERVED_SPECIMEN",-118.343021,46.064581,4977,1983,5,14,"US","Washington","Walla Walla County","N Fort Walla Walla City Park, Walla Walla","N Fort Walla Walla City Park, Walla Walla, Walla Walla Co., Washington","CRCM","Collector(s): unknown","http://arctos.database.museum/guid/CRCM:Mamm:25018"
4947690903,"CC_BY_NC_4_0","Urocitellus columbianus","PRESERVED_SPECIMEN",-118.343021,46.064581,4977,1983,4,21,"US","Washington","Walla Walla County","N Fort Walla Walla City Park, Walla Walla","N Fort Walla Walla City Park, Walla Walla, Walla Walla Co., Washington","CRCM","Collector(s): unknown","http://arctos.database.museum/guid/CRCM:Mamm:24879"
4947690879,"CC_BY_NC_4_0","Urocitellus columbianus","PRESERVED_SPECIMEN",-118.343021,46.064581,4977,1983,5,7,"US","Washington","Walla Walla County","N Fort Walla Walla City Park, Walla Walla","N Fort Walla Walla City Park, Walla Walla, Walla Walla Co., Washington","CRCM","Collector(s): unknown","http://arctos.database.museum/guid/CRCM:Mamm:24991"
4947690826,"CC_BY_NC_4_0","Urocitellus columbianus","PRESERVED_SPECIMEN",-117.205811,45.187396,834,1981,7,21,"US","Oregon","Wallowa County","0.4 mi NW Jewett Lake, Wallowa Mtns","0.4 mi NW Jewett Lake, Wallowa Mtns., 8450 ft., Wallowa Co., Oregon","CRCM","Collector(s): unknown","http://arctos.database.museum/guid/CRCM:Mamm:8526"
4947690798,"CC_BY_NC_4_0","Urocitellus columbianus","PRESERVED_SPECIMEN",-118.343021,46.064581,4977,1983,5,14,"US","Washington","Walla Walla County","N Fort Walla Walla City Park, Walla Walla","N Fort Walla Walla City Park, Walla Walla, Walla Walla Co., Washington","CRCM","Collector(s): unknown","http://arctos.database.museum/guid/CRCM:Mamm:25021"
4947690764,"CC_BY_NC_4_0","Urocitellus columbianus","PRESERVED_SPECIMEN",-118.343021,46.064581,4977,1983,4,25,"US","Washington","Walla Walla County","N Fort Walla Walla City Park, Walla Walla","N Fort Walla Walla City Park, Walla Walla, Walla Walla Co., Washington","CRCM","Collector(s): unknown","http://arctos.database.museum/guid/CRCM:Mamm:24904"
4947690646,"CC_BY_NC_4_0","Urocitellus columbianus","PRESERVED_SPECIMEN",-118.343021,46.064581,4977,1983,5,22,"US","Washington","Walla Walla County","N Fort Walla Walla City Park, Walla Walla","N Fort Walla Walla City Park, Walla Walla, Walla Walla Co., Washington","CRCM","Collector(s): unknown","http://arctos.database.museum/guid/CRCM:Mamm:25049"
4947690572,"CC_BY_NC_4_0","Urocitellus columbianus","PRESERVED_SPECIMEN",-117.205811,45.187396,834,1981,7,20,"US","Oregon","Wallowa County","0.4 mi NW Jewett Lake, Wallowa Mtns","0.4 mi NW Jewett Lake, Wallowa Mtns., 8450 ft., Wallowa Co., Oregon","CRCM","Collector(s): unknown","http://arctos.database.museum/guid/CRCM:Mamm:6035"
4947690413,"CC_BY_NC_4_0","Urocitellus columbianus","PRESERVED_SPECIMEN",-117.270805,46.928988,3318,1980,10,19,"US","Washington","Whitman County","1 mi upstream from Albion, S. Fork Palouse River","1 mi upstream from Albion, S. Fork Palouse River, Whitman Co., Washington","CRCM","Collector(s): unknown","http://arctos.database.museum/guid/CRCM:Mamm:8442"
4947690349,"CC_BY_NC_4_0","Urocitellus columbianus","PRESERVED_SPECIMEN",-118.343021,46.064581,4977,1983,5,4,"US","Washington","Walla Walla County","N Fort Walla Walla City Park, Walla Walla","N Fort Walla Walla City Park, Walla Walla, Walla Walla Co., Washington","CRCM","Collector(s): unknown","http://arctos.database.museum/guid/CRCM:Mamm:21068"
4947690282,"CC_BY_NC_4_0","Urocitellus columbianus","PRESERVED_SPECIMEN",-117.052889,46.731205,12170,1973,4,17,"US","Washington","Whitman County","6 mi E Pullman","6 mi E Pullman, Whitman Co., Washington","CRCM","Collector(s): unknown","http://arctos.database.museum/guid/CRCM:Mamm:6289"
4947690280,"CC_BY_NC_4_0","Urocitellus columbianus","PRESERVED_SPECIMEN",-116.868614,46.920119,90,1985,3,21,"US","Idaho","Latah County","Gold Creek Ranch, 1 mi E of Potlach on Hwy. 6","Gold Creek Ranch, 1 mi E of Potlach on Hwy. 6, Latah Co., Idaho","CRCM","Collector(s): unknown","http://arctos.database.museum/guid/CRCM:Mamm:8557"
4947690209,"CC_BY_NC_4_0","Urocitellus columbianus","PRESERVED_SPECIMEN",-118.343021,46.064581,4977,1983,4,28,"US","Washington","Walla Walla County","N Fort Walla Walla City Park, Walla Walla","N Fort Walla Walla City Park, Walla Walla, Walla Walla Co., Washington","CRCM","Collector(s): unknown","http://arctos.database.museum/guid/CRCM:Mamm:24929"
4947690066,"CC_BY_NC_4_0","Urocitellus columbianus","PRESERVED_SPECIMEN",-118.343021,46.064581,4977,1983,5,12,"US","Washington","Walla Walla County","N Fort Walla Walla City Park, Walla Walla","N Fort Walla Walla City Park, Walla Walla, Walla Walla Co., Washington","CRCM","Collector(s): unknown","http://arctos.database.museum/guid/CRCM:Mamm:25012"
4947690042,"CC_BY_NC_4_0","Urocitellus columbianus","PRESERVED_SPECIMEN",-117.179616,46.731274,5639,1978,6,13,"US","Washington","Whitman County","Pullman","Pullman, elev. 2500 ft, Whitman Co., Washington","CRCM","Collector(s): unknown","http://arctos.database.museum/guid/CRCM:Mamm:8355"
4947689861,"CC_BY_NC_4_0","Urocitellus columbianus","PRESERVED_SPECIMEN",-118.585814,46.020281,3754,1983,3,22,"US","Washington","Walla Walla County","4 km S of Lowden","4 km S of Lowden, Walla Walla Co., Washington","CRCM","Collector(s): unknown","http://arctos.database.museum/guid/CRCM:Mamm:24839"
4947689833,"CC_BY_NC_4_0","Urocitellus columbianus","PRESERVED_SPECIMEN",-116.0333,47.0167,301,1973,7,14,"US","Idaho","Shoshone County","Head of Freezeout Creek","Head of Freezeout Creek, Shoshone Co., Idaho","CRCM","Collector(s): unknown","http://arctos.database.museum/guid/CRCM:Mamm:8479"
4947689617,"CC_BY_NC_4_0","Urocitellus columbianus","PRESERVED_SPECIMEN",-116.868614,46.920119,90,1985,3,21,"US","Idaho","Latah County","Gold Creek Ranch, 1 mi E of Potlach on Hwy. 6","Gold Creek Ranch, 1 mi E of Potlach on Hwy. 6, Latah Co., Idaho","CRCM","Collector(s): unknown","http://arctos.database.museum/guid/CRCM:Mamm:8560"
4947689356,"CC_BY_NC_4_0","Urocitellus columbianus","PRESERVED_SPECIMEN",-116.868614,46.920119,90,1985,4,5,"US","Idaho","Latah County","Gold Creek Ranch, 1 mi E of Potlach on Hwy. 6","Gold Creek Ranch, 1 mi E of Potlach on Hwy. 6, Latah Co., Idaho","CRCM","Collector(s): unknown","http://arctos.database.museum/guid/CRCM:Mamm:5831"
4947689314,"CC_BY_NC_4_0","Urocitellus columbianus","PRESERVED_SPECIMEN",-117.190176,46.731274,6063,1973,3,16,"US","Washington","Whitman County","0.5 mi W Pullman","0.5 mi W Pullman, Whitman Co., Washington","CRCM","Collector(s): unknown","http://arctos.database.museum/guid/CRCM:Mamm:5488"
4947689308,"CC_BY_NC_4_0","Urocitellus columbianus","PRESERVED_SPECIMEN",-117.179616,46.731274,5639,1978,6,12,"US","Washington","Whitman County","Pullman","Pullman, elev. 2500 ft, Whitman Co., Washington","CRCM","Collector(s): unknown","http://arctos.database.museum/guid/CRCM:Mamm:8352"
4947689284,"CC_BY_NC_4_0","Urocitellus columbianus","PRESERVED_SPECIMEN",-117.89185,48.959384,6659,1981,6,13,"US","Washington","Stevens County","3 mi N, 5 mi W Northport","3 mi N, 5 mi W Northport, Stevens Co., Washington","CRCM","Collector(s): unknown","http://arctos.database.museum/guid/CRCM:Mamm:8389"
4947689280,"CC_BY_NC_4_0","Urocitellus columbianus","PRESERVED_SPECIMEN",-117.270805,46.928988,3318,1980,7,NA,"US","Washington","Whitman County","1 mi upstream from Albion, S. Fork Palouse River","1 mi upstream from Albion, S. Fork Palouse River, Whitman Co., Washington","CRCM","Collector(s): unknown","http://arctos.database.museum/guid/CRCM:Mamm:8433"
4947689240,"CC_BY_NC_4_0","Urocitellus columbianus","PRESERVED_SPECIMEN",-118.343021,46.064581,4977,1983,5,3,"US","Washington","Walla Walla County","N Fort Walla Walla City Park, Walla Walla","N Fort Walla Walla City Park, Walla Walla, Walla Walla Co., Washington","CRCM","Collector(s): unknown","http://arctos.database.museum/guid/CRCM:Mamm:24972"
4947689152,"CC_BY_NC_4_0","Urocitellus columbianus","PRESERVED_SPECIMEN",-118.343021,46.064581,4977,1983,4,26,"US","Washington","Walla Walla County","N Fort Walla Walla City Park, Walla Walla","N Fort Walla Walla City Park, Walla Walla, Walla Walla Co., Washington","CRCM","Collector(s): unknown","http://arctos.database.museum/guid/CRCM:Mamm:24907"
4947689040,"CC_BY_NC_4_0","Urocitellus columbianus","PRESERVED_SPECIMEN",-118.585814,46.020281,3754,1983,3,22,"US","Washington","Walla Walla County","4 km S of Lowden","4 km S of Lowden, Walla Walla Co., Washington","CRCM","Collector(s): unknown","http://arctos.database.museum/guid/CRCM:Mamm:24842"
4947688985,"CC_BY_NC_4_0","Urocitellus columbianus","PRESERVED_SPECIMEN",-117.907842,46.297498,49219,1992,7,9,"US","Washington","Columbia County","4.5 mi SW of Camp Wooten","4.5 mi SW of Camp Wooten, T8N R40E Sec 2, Columbia Co., Washington","CRCM","Collector(s): unknown","http://arctos.database.museum/guid/CRCM:Mamm:8495"
4947688936,"CC_BY_NC_4_0","Urocitellus columbianus","PRESERVED_SPECIMEN",-117.137374,46.731267,8501,1990,3,26,"US","Washington","Whitman County","2 mi E of Pullman","2 mi E of Pullman, Whitman Co., Washington","CRCM","Collector(s): unknown","http://arctos.database.museum/guid/CRCM:Mamm:8417"
4947688882,"CC_BY_NC_4_0","Urocitellus columbianus","PRESERVED_SPECIMEN",-119.451762,47.205665,98242,1992,7,3,"US","Washington","Grant County","Iron Spring","Iron Spring, T9N R42E Sec 1, Garfield Co., Washington","CRCM","Collector(s): unknown","http://arctos.database.museum/guid/CRCM:Mamm:8476"
4947688854,"CC_BY_NC_4_0","Urocitellus columbianus","PRESERVED_SPECIMEN",-118.440121,46.049291,5313,1982,6,8,"US","Washington","Walla Walla County","Walla Walla College Farm, 4 km W of College Place, Walla Walla","Walla Walla College Farm, 4 km W of College Place, Walla Walla, Walla Walla Co., Washington","CRCM","Collector(s): unknown","http://arctos.database.museum/guid/CRCM:Mamm:24845"
4947688748,"CC_BY_NC_4_0","Urocitellus columbianus","PRESERVED_SPECIMEN",-118.343021,46.064581,4977,1983,5,13,"US","Washington","Walla Walla County","N Fort Walla Walla City Park, Walla Walla","N Fort Walla Walla City Park, Walla Walla, Walla Walla Co., Washington","CRCM","Collector(s): unknown","http://arctos.database.museum/guid/CRCM:Mamm:25015"
4947688665,"CC_BY_NC_4_0","Urocitellus columbianus","PRESERVED_SPECIMEN",-117.478236,46.135529,3486,1992,7,3,"US","Washington","Grant County","2 mi W of Wickiup Spring","2 mi W of Wickiup Spring, T8N R43E Sec 31, Garfield Co., Washington","CRCM","Collector(s): unknown","http://arctos.database.museum/guid/CRCM:Mamm:8501"
4947688567,"CC_BY_NC_4_0","Urocitellus columbianus","PRESERVED_SPECIMEN",-118.343021,46.064581,4977,1983,5,3,"US","Washington","Walla Walla County","N Fort Walla Walla City Park, Walla Walla","N Fort Walla Walla City Park, Walla Walla, Walla Walla Co., Washington","CRCM","Collector(s): unknown","http://arctos.database.museum/guid/CRCM:Mamm:24966"
4947688434,"CC_BY_NC_4_0","Urocitellus columbianus","PRESERVED_SPECIMEN",-117.273998,48.532318,66268,1992,6,15,"US","Washington","Pend Oreille County","1 mi SE Salmo Mt","1 mi SE Salmo Mt, T40N R45E Sec 22, Pend Oreille Co, Washington","CRCM","Collector(s): unknown","http://arctos.database.museum/guid/CRCM:Mamm:8371"
4947688383,"CC_BY_NC_4_0","Urocitellus columbianus","PRESERVED_SPECIMEN",-118.343021,46.064581,4977,1983,4,28,"US","Washington","Walla Walla County","N Fort Walla Walla City Park, Walla Walla","N Fort Walla Walla City Park, Walla Walla, Walla Walla Co., Washington","CRCM","Collector(s): unknown","http://arctos.database.museum/guid/CRCM:Mamm:24926"
4947688320,"CC_BY_NC_4_0","Urocitellus columbianus","PRESERVED_SPECIMEN",-118.343021,46.064581,4977,1983,4,21,"US","Washington","Walla Walla County","N Fort Walla Walla City Park, Walla Walla","N Fort Walla Walla City Park, Walla Walla, Walla Walla Co., Washington","CRCM","Collector(s): unknown","http://arctos.database.museum/guid/CRCM:Mamm:24885"
4947688219,"CC_BY_NC_4_0","Urocitellus columbianus","PRESERVED_SPECIMEN",-117.179616,46.731274,5639,1978,6,10,"US","Washington","Whitman County","Pullman","Pullman, elev. 2500 ft, Whitman Co., Washington","CRCM","Collector(s): unknown","http://arctos.database.museum/guid/CRCM:Mamm:8436"
4947688082,"CC_BY_NC_4_0","Urocitellus columbianus","PRESERVED_SPECIMEN",-118.585814,46.020281,3754,1983,4,13,"US","Washington","Walla Walla County","4 km S of Lowden","4 km S of Lowden, Walla Walla Co., Washington","CRCM","Collector(s): unknown","http://arctos.database.museum/guid/CRCM:Mamm:24861"
4947687917,"CC_BY_NC_4_0","Urocitellus columbianus","PRESERVED_SPECIMEN",-118.343021,46.064581,4977,1983,4,29,"US","Washington","Walla Walla County","N Fort Walla Walla City Park, Walla Walla","N Fort Walla Walla City Park, Walla Walla, Walla Walla Co., Washington","CRCM","Collector(s): unknown","http://arctos.database.museum/guid/CRCM:Mamm:24944"
4947687880,"CC_BY_NC_4_0","Urocitellus columbianus","PRESERVED_SPECIMEN",-116.5,45.3167,301,1979,7,20,"US","Idaho","Idaho County","Cannon Creek, Seven Devils Mtns","Cannon Creek, Seven Devils Mtns., 7800 ft., Idaho Co., Idaho","CRCM","Collector(s): unknown","http://arctos.database.museum/guid/CRCM:Mamm:8517"
4947687667,"CC_BY_NC_4_0","Urocitellus columbianus","PRESERVED_SPECIMEN",-118.343021,46.064581,4977,1983,5,12,"US","Washington","Walla Walla County","N Fort Walla Walla City Park, Walla Walla","N Fort Walla Walla City Park, Walla Walla, Walla Walla Co., Washington","CRCM","Collector(s): unknown","http://arctos.database.museum/guid/CRCM:Mamm:25009"
4947687651,"CC_BY_NC_4_0","Urocitellus columbianus","PRESERVED_SPECIMEN",-117.502458,48.43685,1807,1995,7,4,"US","Washington","Stevens County","Calispell Peak, Selkirk Mtns","Calispell Peak at 6700 ft, Selkirk Mtns, T34N R42E Sec 21, Stevens Co., Washington","CRCM","Collector(s): unknown","http://arctos.database.museum/guid/CRCM:Mamm:8392"
4947687522,"CC_BY_NC_4_0","Urocitellus columbianus","PRESERVED_SPECIMEN",-117.166862,46.55362,969,1992,3,10,"US","Washington","Whitman County","4.2 mi S of Colton in Steptoe Canyon, NE 1/4 Sec 16, T37N R45E","4.2 mi S of Colton in Steptoe Canyon, NE 1/4 Sec 16, T37N R45E, Whitman Co., Washington","CRCM","Collector(s): unknown","http://arctos.database.museum/guid/CRCM:Mamm:8485"
4947687337,"CC_BY_NC_4_0","Urocitellus columbianus","PRESERVED_SPECIMEN",-118.343021,46.064581,4977,1983,4,25,"US","Washington","Walla Walla County","N Fort Walla Walla City Park, Walla Walla","N Fort Walla Walla City Park, Walla Walla, Walla Walla Co., Washington","CRCM","Collector(s): unknown","http://arctos.database.museum/guid/CRCM:Mamm:24892"
4947687264,"CC_BY_NC_4_0","Urocitellus columbianus","PRESERVED_SPECIMEN",-117.179616,46.731274,5639,1978,6,8,"US","Washington","Whitman County","Pullman","Pullman, elev. 2500 ft, Whitman Co., Washington","CRCM","Collector(s): unknown","http://arctos.database.museum/guid/CRCM:Mamm:8427"
4947687136,"CC_BY_NC_4_0","Urocitellus columbianus","PRESERVED_SPECIMEN",-118.585814,46.020281,3754,1983,3,22,"US","Washington","Walla Walla County","4 km S of Lowden","4 km S of Lowden, Walla Walla Co., Washington","CRCM","Collector(s): unknown","http://arctos.database.museum/guid/CRCM:Mamm:24854"
4947687066,"CC_BY_NC_4_0","Urocitellus columbianus","PRESERVED_SPECIMEN",-118.585814,46.020281,3754,1983,4,14,"US","Washington","Walla Walla County","4 km S of Lowden","4 km S of Lowden, Walla Walla Co., Washington","CRCM","Collector(s): unknown","http://arctos.database.museum/guid/CRCM:Mamm:24864"
4947687058,"CC_BY_NC_4_0","Urocitellus columbianus","PRESERVED_SPECIMEN",-118.343021,46.064581,4977,1983,5,1,"US","Washington","Walla Walla County","N Fort Walla Walla City Park, Walla Walla","N Fort Walla Walla City Park, Walla Walla, Walla Walla Co., Washington","CRCM","Collector(s): unknown","http://arctos.database.museum/guid/CRCM:Mamm:24954"
4947687007,"CC_BY_NC_4_0","Urocitellus columbianus","PRESERVED_SPECIMEN",-118.343021,46.064581,4977,1983,5,4,"US","Washington","Walla Walla County","N Fort Walla Walla City Park, Walla Walla","N Fort Walla Walla City Park, Walla Walla, Walla Walla Co., Washington","CRCM","Collector(s): unknown","http://arctos.database.museum/guid/CRCM:Mamm:24982"
4947686999,"CC_BY_NC_4_0","Urocitellus columbianus","PRESERVED_SPECIMEN",-118.343021,46.064581,4977,1983,4,25,"US","Washington","Walla Walla County","N Fort Walla Walla City Park, Walla Walla","N Fort Walla Walla City Park, Walla Walla, Walla Walla Co., Washington","CRCM","Collector(s): unknown","http://arctos.database.museum/guid/CRCM:Mamm:24898"
4947686690,"CC_BY_NC_4_0","Urocitellus columbianus","PRESERVED_SPECIMEN",-118.343021,46.064581,4977,1983,4,27,"US","Washington","Walla Walla County","N Fort Walla Walla City Park, Walla Walla","N Fort Walla Walla City Park, Walla Walla, Walla Walla Co., Washington","CRCM","Collector(s): unknown","http://arctos.database.museum/guid/CRCM:Mamm:24916"
4947686617,"CC_BY_NC_4_0","Urocitellus columbianus","PRESERVED_SPECIMEN",-118.343021,46.064581,4977,1983,4,27,"US","Washington","Walla Walla County","N Fort Walla Walla City Park, Walla Walla","N Fort Walla Walla City Park, Walla Walla, Walla Walla Co., Washington","CRCM","Collector(s): unknown","http://arctos.database.museum/guid/CRCM:Mamm:24923"
4947686611,"CC_BY_NC_4_0","Urocitellus columbianus","PRESERVED_SPECIMEN",-118.343021,46.064581,4977,1983,5,3,"US","Washington","Walla Walla County","N Fort Walla Walla City Park, Walla Walla","N Fort Walla Walla City Park, Walla Walla, Walla Walla Co., Washington","CRCM","Collector(s): unknown","http://arctos.database.museum/guid/CRCM:Mamm:24975"
4947686330,"CC_BY_NC_4_0","Urocitellus columbianus","PRESERVED_SPECIMEN",-117.273998,48.532318,66268,1994,6,23,"US","Washington","Pend Oreille County","No specific locality recorded.","RUB Bar 18, T35N, R43E, S 1/2, SW 1/4 of sec. 7, T35N, R43E, N 1/2, NW 1/4, sec. 8, Pend Oreille Co., Washington","CRCM","Collector(s): unknown","http://arctos.database.museum/guid/CRCM:Mamm:22982"
4947686247,"CC_BY_NC_4_0","Urocitellus columbianus","PRESERVED_SPECIMEN",-118.530821,48.954612,1354,1995,7,5,"US","Washington","Ferry County","0.9 mi N, 1.0 mi E of summit of Copper Butte, Kettle River Range","0.9 mi N, 1.0 mi E of summit of Copper Butte at 5300 ft, T37N R34E S12, Kettle River Range, Ferry Co., Washington","CRCM","Collector(s): unknown","http://arctos.database.museum/guid/CRCM:Mamm:8374"
4947686227,"CC_BY_NC_4_0","Urocitellus columbianus","PRESERVED_SPECIMEN",-118.343021,46.064581,4977,1983,5,13,"US","Washington","Walla Walla County","N Fort Walla Walla City Park, Walla Walla","N Fort Walla Walla City Park, Walla Walla, Walla Walla Co., Washington","CRCM","Collector(s): unknown","http://arctos.database.museum/guid/CRCM:Mamm:24882"
4947686207,"CC_BY_NC_4_0","Urocitellus columbianus","PRESERVED_SPECIMEN",-117.23045,48.776888,1204,1992,6,15,"US","Washington","Pend Oreille County","Gypsy Meadows, Colville National Forest","Gypsy Meadow, T39N R45E Sec 10, Pend Oreille Co., Washington","CRCM","Collector(s): unknown","http://arctos.database.museum/guid/CRCM:Mamm:8358"
4947686069,"CC_BY_NC_4_0","Urocitellus columbianus","PRESERVED_SPECIMEN",-117.179616,46.731274,5639,1978,6,16,"US","Washington","Whitman County","Pullman","Pullman, elev. 2500 ft, Whitman Co., Washington","CRCM","Collector(s): unknown","http://arctos.database.museum/guid/CRCM:Mamm:8454"
4947685886,"CC_BY_NC_4_0","Urocitellus columbianus","PRESERVED_SPECIMEN",-117.179616,46.731274,5639,1978,7,5,"US","Washington","Whitman County","Pullman","Pullman, elev. 2500 ft, Whitman Co., Washington","CRCM","Collector(s): unknown","http://arctos.database.museum/guid/CRCM:Mamm:8458"
NA,NA,NA,NA,NA,NA,NA,NA,NA,NA,NA,NA,NA,NA,NA,NA,NA,NA
4947685775,"CC_BY_NC_4_0","Urocitellus columbianus","PRESERVED_SPECIMEN",-118.343021,46.064581,4977,1983,5,16,"US","Washington","Walla Walla County","N Fort Walla Walla City Park, Walla Walla","N Fort Walla Walla City Park, Walla Walla, Walla Walla Co., Washington","CRCM","Collector(s): unknown","http://arctos.database.museum/guid/CRCM:Mamm:25024"
4947685770,"CC_BY_NC_4_0","Urocitellus columbianus","PRESERVED_SPECIMEN",-118.343021,46.064581,4977,1983,4,27,"US","Washington","Walla Walla County","N Fort Walla Walla City Park, Walla Walla","N Fort Walla Walla City Park, Walla Walla, Walla Walla Co., Washington","CRCM","Collector(s): unknown","http://arctos.database.museum/guid/CRCM:Mamm:20164"
4947685715,"CC_BY_NC_4_0","Urocitellus columbianus","PRESERVED_SPECIMEN",-118.343021,46.064581,4977,1983,5,4,"US","Washington","Walla Walla County","N Fort Walla Walla City Park, Walla Walla","N Fort Walla Walla City Park, Walla Walla, Walla Walla Co., Washington","CRCM","Collector(s): unknown","http://arctos.database.museum/guid/CRCM:Mamm:24981"
4947685706,"CC_BY_NC_4_0","Urocitellus columbianus","PRESERVED_SPECIMEN",-117.345958,46.082045,301,1995,6,27,"US","Washington","Asotin County","Cougar Creek Drainage, Blue Mountains","Cougar Creek Drainage, elev 3150 ft, T7N R44E Sec 19, Blue Mtns., Asotin Co., Washington","CRCM","Collector(s): unknown","http://arctos.database.museum/guid/CRCM:Mamm:8516"
4947685511,"CC_BY_NC_4_0","Urocitellus columbianus","PRESERVED_SPECIMEN",-117.130235,48.810201,1807,1992,6,16,"US","Washington","Pend Oreille County","Round Top Mountain","Roundtop Mt, T38N R45E Sec 8, 6400 ft, Pend Oreille Co, Washington","CRCM","Collector(s): unknown","http://arctos.database.museum/guid/CRCM:Mamm:8426"
4947685496,"CC_BY_NC_4_0","Urocitellus columbianus","PRESERVED_SPECIMEN",-118.343021,46.064581,4977,1983,5,14,"US","Washington","Walla Walla County","N Fort Walla Walla City Park, Walla Walla","N Fort Walla Walla City Park, Walla Walla, Walla Walla Co., Washington","CRCM","Collector(s): unknown","http://arctos.database.museum/guid/CRCM:Mamm:20642"
4947685390,"CC_BY_NC_4_0","Urocitellus columbianus","PRESERVED_SPECIMEN",-117.523058,46.901202,70074,1973,5,24,"US","Washington","Whitman County","No specific locality recorded.","Whitman Co., Washington","CRCM","Collector(s): unknown","http://arctos.database.museum/guid/CRCM:Mamm:8486"
4947685366,"CC_BY_NC_4_0","Urocitellus columbianus","PRESERVED_SPECIMEN",-118.343021,46.064581,4977,1983,5,10,"US","Washington","Walla Walla County","N Fort Walla Walla City Park, Walla Walla","N Fort Walla Walla City Park, Walla Walla, Walla Walla Co., Washington","CRCM","Collector(s): unknown","http://arctos.database.museum/guid/CRCM:Mamm:25008"
4947685268,"CC_BY_NC_4_0","Urocitellus columbianus","PRESERVED_SPECIMEN",-116.868614,46.920119,90,1985,3,21,"US","Idaho","Latah County","Gold Creek Ranch, 1 mi E of Potlach on Hwy. 6","Gold Creek Ranch, 1 mi E of Potlach on Hwy. 6, Latah Co., Idaho","CRCM","Collector(s): unknown","http://arctos.database.museum/guid/CRCM:Mamm:8554"
4947685241,"CC_BY_NC_4_0","Urocitellus columbianus","PRESERVED_SPECIMEN",-117.273998,48.532318,66268,1992,6,15,"US","Washington","Pend Oreille County","Salmo Mt","Salmo Mt, T40N R45E Sec 6, 6800 ft, Pend Oreille Co, Washington","CRCM","Collector(s): unknown","http://arctos.database.museum/guid/CRCM:Mamm:8421"
4947685160,"CC_BY_NC_4_0","Urocitellus columbianus","PRESERVED_SPECIMEN",-118.343021,46.064581,4977,1983,4,27,"US","Washington","Walla Walla County","N Fort Walla Walla City Park, Walla Walla","N Fort Walla Walla City Park, Walla Walla, Walla Walla Co., Washington","CRCM","Collector(s): unknown","http://arctos.database.museum/guid/CRCM:Mamm:24917"
4947685064,"CC_BY_NC_4_0","Urocitellus columbianus","PRESERVED_SPECIMEN",-117.023399,46.735281,4106,1974,3,9,"US","Idaho","Latah County","1.1 mi W, 0.2 mi N Moscow","1.1 mi W, 0.2 mi N Moscow, 2540 ft., Latah Co., Idaho","CRCM","Collector(s): unknown","http://arctos.database.museum/guid/CRCM:Mamm:5174"
4947684663,"CC_BY_NC_4_0","Urocitellus columbianus","PRESERVED_SPECIMEN",-118.343021,46.064581,4977,1983,5,26,"US","Washington","Walla Walla County","N Fort Walla Walla City Park, Walla Walla","N Fort Walla Walla City Park, Walla Walla, Walla Walla Co., Washington","CRCM","Collector(s): unknown","http://arctos.database.museum/guid/CRCM:Mamm:25046"
4947684643,"CC_BY_NC_4_0","Urocitellus columbianus","PRESERVED_SPECIMEN",-117.345958,46.082045,301,1995,6,27,"US","Washington","Asotin County","Cougar Creek Drainage, Blue Mountains","Cougar Creek Drainage, elev 3150 ft, T7N R44E Sec 19, Blue Mtns., Asotin Co., Washington","CRCM","Collector(s): unknown","http://arctos.database.museum/guid/CRCM:Mamm:8511"
4947684620,"CC_BY_NC_4_0","Urocitellus columbianus","PRESERVED_SPECIMEN",-118.343021,46.064581,4977,1983,4,29,"US","Washington","Walla Walla County","N Fort Walla Walla City Park, Walla Walla","N Fort Walla Walla City Park, Walla Walla, Walla Walla Co., Washington","CRCM","Collector(s): unknown","http://arctos.database.museum/guid/CRCM:Mamm:24938"
4947684589,"CC_BY_NC_4_0","Urocitellus columbianus","PRESERVED_SPECIMEN",-118.343021,46.064581,4977,1983,4,26,"US","Washington","Walla Walla County","N Fort Walla Walla City Park, Walla Walla","N Fort Walla Walla City Park, Walla Walla, Walla Walla Co., Washington","CRCM","Collector(s): unknown","http://arctos.database.museum/guid/CRCM:Mamm:24911"
4947684490,"CC_BY_NC_4_0","Urocitellus columbianus","PRESERVED_SPECIMEN",-118.209042,48.596162,7003,1981,6,11,"US","Washington","Ferry County","7 mi W, 1 mi S Kettle Falls","7 mi W, 1 mi S Kettle Falls, T36N R36E S30, Ferry Co., Washington","CRCM","Collector(s): unknown","http://arctos.database.museum/guid/CRCM:Mamm:8364"
4947684406,"CC_BY_NC_4_0","Urocitellus columbianus","PRESERVED_SPECIMEN",-118.343021,46.064581,4977,1983,4,30,"US","Washington","Walla Walla County","N Fort Walla Walla City Park, Walla Walla","N Fort Walla Walla City Park, Walla Walla, Walla Walla Co., Washington","CRCM","Collector(s): unknown","http://arctos.database.museum/guid/CRCM:Mamm:25030"
4947684190,"CC_BY_NC_4_0","Urocitellus columbianus","PRESERVED_SPECIMEN",-117.060103,46.738423,2069,1977,5,14,"US","Washington","Whitman County","1.7 mi E, 1.3 mi N of Sunshine","1.7 mi E, 1.3 mi N of Sunshine, elev. 2540 ft, Whitman Co., Washington","CRCM","Collector(s): unknown","http://arctos.database.museum/guid/CRCM:Mamm:8480"
4947684055,"CC_BY_NC_4_0","Urocitellus columbianus","PRESERVED_SPECIMEN",-118.343021,46.064581,4977,1983,5,9,"US","Washington","Walla Walla County","N Fort Walla Walla City Park, Walla Walla","N Fort Walla Walla City Park, Walla Walla, Walla Walla Co., Washington","CRCM","Collector(s): unknown","http://arctos.database.museum/guid/CRCM:Mamm:25003"
4947683846,"CC_BY_NC_4_0","Urocitellus columbianus","PRESERVED_SPECIMEN",-117.502458,48.43685,1807,1995,7,4,"US","Washington","Stevens County","Calispell Peak, Selkirk Mtns","Calispell Peak at 6700 ft, Selkirk Mtns, T34N R42E Sec 21, Stevens Co., Washington","CRCM","Collector(s): unknown","http://arctos.database.museum/guid/CRCM:Mamm:8396"
4947683791,"CC_BY_NC_4_0","Urocitellus columbianus","PRESERVED_SPECIMEN",-116.868614,46.920119,90,1985,4,3,"US","Idaho","Latah County","Gold Creek Ranch, 1 mi E of Potlach on Hwy. 6","Gold Creek Ranch, 1 mi E of Potlach on Hwy. 6, Latah Co., Idaho","CRCM","Collector(s): unknown","http://arctos.database.museum/guid/CRCM:Mamm:8591"
4947683688,"CC_BY_NC_4_0","Urocitellus columbianus","PRESERVED_SPECIMEN",-116.868614,46.920119,90,1985,4,3,"US","Idaho","Latah County","Gold Creek Ranch, 1 mi E of Potlach on Hwy. 6","Gold Creek Ranch, 1 mi E of Potlach on Hwy. 6, Latah Co., Idaho","CRCM","Collector(s): unknown","http://arctos.database.museum/guid/CRCM:Mamm:8600"
4947683582,"CC_BY_NC_4_0","Urocitellus columbianus","PRESERVED_SPECIMEN",-117.478236,46.135529,3486,1992,7,3,"US","Washington","Grant County","2 mi W of Wickiup Spring","2 mi W of Wickiup Spring, T8N R43E Sec 31, Garfield Co., Washington","CRCM","Collector(s): unknown","http://arctos.database.museum/guid/CRCM:Mamm:6336"
4947683571,"CC_BY_NC_4_0","Urocitellus columbianus","PRESERVED_SPECIMEN",-117.179616,46.731274,5639,1978,7,11,"US","Washington","Whitman County","Pullman","Pullman, elev. 2500 ft, Whitman Co., Washington","CRCM","Collector(s): unknown","http://arctos.database.museum/guid/CRCM:Mamm:8464"
4947683507,"CC_BY_NC_4_0","Urocitellus columbianus","PRESERVED_SPECIMEN",-118.343021,46.064581,4977,1983,4,27,"US","Washington","Walla Walla County","N Fort Walla Walla City Park, Walla Walla","N Fort Walla Walla City Park, Walla Walla, Walla Walla Co., Washington","CRCM","Collector(s): unknown","http://arctos.database.museum/guid/CRCM:Mamm:24897"
4947683498,"CC_BY_NC_4_0","Urocitellus columbianus","PRESERVED_SPECIMEN",-118.343021,46.064581,4977,1983,5,9,"US","Washington","Walla Walla County","N Fort Walla Walla City Park, Walla Walla","N Fort Walla Walla City Park, Walla Walla, Walla Walla Co., Washington","CRCM","Collector(s): unknown","http://arctos.database.museum/guid/CRCM:Mamm:24997"
4947683472,"CC_BY_NC_4_0","Urocitellus columbianus","PRESERVED_SPECIMEN",-119.020099,44.246872,1957,1979,6,19,"US","Oregon","Grant County","1.5 mi S of Windfall Spring","1.5 mi S of Windfall Spring, 5000 ft., Grant Co., Oregon","CRCM","Collector(s): unknown","http://arctos.database.museum/guid/CRCM:Mamm:8532"
4947683358,"CC_BY_NC_4_0","Urocitellus columbianus","PRESERVED_SPECIMEN",-117.000165,46.732388,3545,1985,6,17,"US","Idaho","Latah County","Moscow","Moscow, Latah Co., Idaho","CRCM","Collector(s): unknown","http://arctos.database.museum/guid/CRCM:Mamm:6465"
4947683264,"CC_BY_NC_4_0","Urocitellus columbianus","PRESERVED_SPECIMEN",-118.343021,46.064581,4977,1983,5,2,"US","Washington","Walla Walla County","N Fort Walla Walla City Park, Walla Walla","N Fort Walla Walla City Park, Walla Walla, Walla Walla Co., Washington","CRCM","Collector(s): unknown","http://arctos.database.museum/guid/CRCM:Mamm:24959"
4947683178,"CC_BY_NC_4_0","Urocitellus columbianus","PRESERVED_SPECIMEN",-118.343021,46.064581,4977,1983,4,28,"US","Washington","Walla Walla County","N Fort Walla Walla City Park, Walla Walla","N Fort Walla Walla City Park, Walla Walla, Walla Walla Co., Washington","CRCM","Collector(s): unknown","http://arctos.database.museum/guid/CRCM:Mamm:24925"
4947683176,"CC_BY_NC_4_0","Urocitellus columbianus","PRESERVED_SPECIMEN",-118.343021,46.064581,4977,1983,4,21,"US","Washington","Walla Walla County","N Fort Walla Walla City Park, Walla Walla","N Fort Walla Walla City Park, Walla Walla, Walla Walla Co., Washington","CRCM","Collector(s): unknown","http://arctos.database.museum/guid/CRCM:Mamm:24869"
4947683087,"CC_BY_NC_4_0","Urocitellus columbianus","PRESERVED_SPECIMEN",-117.436448,46.135537,90,1992,7,7,"US","Washington","Grant County","Wickiup Spring","Wickiup Spring, T8N R43E Sec 33, Garfield Co., Washington","CRCM","Collector(s): unknown","http://arctos.database.museum/guid/CRCM:Mamm:8497"
4947683048,"CC_BY_NC_4_0","Urocitellus columbianus","PRESERVED_SPECIMEN",-117.148986,48.921913,301,1981,7,12,"US","Washington","Pend Oreille County","Leola Creek Basin","Leola Creek Basin, 5800 ft, Pend Oreille Co, Washington","CRCM","Collector(s): unknown","http://arctos.database.museum/guid/CRCM:Mamm:8415"
4947682923,"CC_BY_NC_4_0","Urocitellus columbianus","PRESERVED_SPECIMEN",-117.190176,46.731274,6063,1973,3,16,"US","Washington","Whitman County","0.5 mi W Pullman","0.5 mi W Pullman, Whitman Co., Washington","CRCM","Collector(s): unknown","http://arctos.database.museum/guid/CRCM:Mamm:5748"
4947682854,"CC_BY_NC_4_0","Urocitellus columbianus","PRESERVED_SPECIMEN",-118.343021,46.064581,4977,1983,5,4,"US","Washington","Walla Walla County","N Fort Walla Walla City Park, Walla Walla","N Fort Walla Walla City Park, Walla Walla, Walla Walla Co., Washington","CRCM","Collector(s): unknown","http://arctos.database.museum/guid/CRCM:Mamm:24976"
4947682829,"CC_BY_NC_4_0","Urocitellus columbianus","PRESERVED_SPECIMEN",-118.343021,46.064581,4977,1983,5,1,"US","Washington","Walla Walla County","N Fort Walla Walla City Park, Walla Walla","N Fort Walla Walla City Park, Walla Walla, Walla Walla Co., Washington","CRCM","Collector(s): unknown","http://arctos.database.museum/guid/CRCM:Mamm:24956"
4947682765,"CC_BY_NC_4_0","Urocitellus columbianus","PRESERVED_SPECIMEN",-118.343021,46.064581,4977,1983,5,3,"US","Washington","Walla Walla County","N Fort Walla Walla City Park, Walla Walla","N Fort Walla Walla City Park, Walla Walla, Walla Walla Co., Washington","CRCM","Collector(s): unknown","http://arctos.database.museum/guid/CRCM:Mamm:24970"
4947682699,"CC_BY_NC_4_0","Urocitellus columbianus","PRESERVED_SPECIMEN",-118.585814,46.020281,3754,1983,4,14,"US","Washington","Walla Walla County","4 km S of Lowden","4 km S of Lowden, Walla Walla Co., Washington","CRCM","Collector(s): unknown","http://arctos.database.museum/guid/CRCM:Mamm:24866"
4947682489,"CC_BY_NC_4_0","Urocitellus columbianus","PRESERVED_SPECIMEN",-118.343021,46.064581,4977,1983,5,24,"US","Washington","Walla Walla County","N Fort Walla Walla City Park, Walla Walla","N Fort Walla Walla City Park, Walla Walla, Walla Walla Co., Washington","CRCM","Collector(s): unknown","http://arctos.database.museum/guid/CRCM:Mamm:25042"
4947682418,"CC_BY_NC_4_0","Urocitellus columbianus","PRESERVED_SPECIMEN",-118.343021,46.064581,4977,1983,5,15,"US","Washington","Walla Walla County","N Fort Walla Walla City Park, Walla Walla","N Fort Walla Walla City Park, Walla Walla, Walla Walla Co., Washington","CRCM","Collector(s): unknown","http://arctos.database.museum/guid/CRCM:Mamm:25022"
4947682355,"CC_BY_NC_4_0","Urocitellus columbianus","PRESERVED_SPECIMEN",-118.603228,48.881317,3062,1995,7,5,"US","Washington","Ferry County","3.5 mi W, 1.3 mi N of Sherman Pass, Kettle River Range","3.5 mi W, 1.3 mi N of Sherman Pass, 4100ft, T36N R34E S9, Kettle River Range, Ferry Co, Washington","CRCM","Collector(s): unknown","http://arctos.database.museum/guid/CRCM:Mamm:8379"
4947682294,"CC_BY_NC_4_0","Urocitellus columbianus","PRESERVED_SPECIMEN",-118.343021,46.064581,4977,1983,5,7,"US","Washington","Walla Walla County","N Fort Walla Walla City Park, Walla Walla","N Fort Walla Walla City Park, Walla Walla, Walla Walla Co., Washington","CRCM","Collector(s): unknown","http://arctos.database.museum/guid/CRCM:Mamm:24990"
4947682048,"CC_BY_NC_4_0","Urocitellus columbianus","PRESERVED_SPECIMEN",-118.343021,46.064581,4977,1983,5,4,"US","Washington","Walla Walla County","N Fort Walla Walla City Park, Walla Walla","N Fort Walla Walla City Park, Walla Walla, Walla Walla Co., Washington","CRCM","Collector(s): unknown","http://arctos.database.museum/guid/CRCM:Mamm:24979"
4947681833,"CC_BY_NC_4_0","Urocitellus columbianus","PRESERVED_SPECIMEN",-119.451762,47.205665,98242,1992,7,3,"US","Washington","Grant County","Iron Spring","Iron Spring, T9N R42E Sec 1, Garfield Co., Washington","CRCM","Collector(s): unknown","http://arctos.database.museum/guid/CRCM:Mamm:8477"
4947681748,"CC_BY_NC_4_0","Urocitellus columbianus","PRESERVED_SPECIMEN",-94.4667,41.5167,301,1986,4,1,"US","Iowa","Adams County","2 mi N Council","2 mi N Council, Adams Co., Idaho","CRCM","Collector(s): unknown","http://arctos.database.museum/guid/CRCM:Mamm:8533"
4947681650,"CC_BY_NC_4_0","Urocitellus columbianus","PRESERVED_SPECIMEN",-118.343021,46.064581,4977,1983,5,5,"US","Washington","Walla Walla County","N Fort Walla Walla City Park, Walla Walla","N Fort Walla Walla City Park, Walla Walla, Walla Walla Co., Washington","CRCM","Collector(s): unknown","http://arctos.database.museum/guid/CRCM:Mamm:24987"
4947681641,"CC_BY_NC_4_0","Urocitellus columbianus","PRESERVED_SPECIMEN",-117.060103,46.738423,2069,1977,5,14,"US","Washington","Whitman County","1.7 mi E, 1.3 mi N of Sunshine","1.7 mi E, 1.3 mi N of Sunshine, elev. 2540 ft, Whitman Co., Washington","CRCM","Collector(s): unknown","http://arctos.database.museum/guid/CRCM:Mamm:5173"
4947681638,"CC_BY_NC_4_0","Urocitellus columbianus","PRESERVED_SPECIMEN",-118.343021,46.064581,4977,1983,5,26,"US","Washington","Walla Walla County","N Fort Walla Walla City Park, Walla Walla","N Fort Walla Walla City Park, Walla Walla, Walla Walla Co., Washington","CRCM","Collector(s): unknown","http://arctos.database.museum/guid/CRCM:Mamm:25045"
4947681461,"CC_BY_NC_4_0","Urocitellus columbianus","PRESERVED_SPECIMEN",-118.585814,46.020281,3754,1983,3,28,"US","Washington","Walla Walla County","4 km S of Lowden","4 km S of Lowden, Walla Walla Co., Washington","CRCM","Collector(s): unknown","http://arctos.database.museum/guid/CRCM:Mamm:24855"
4947681357,"CC_BY_NC_4_0","Urocitellus columbianus","PRESERVED_SPECIMEN",-117.137374,46.731267,8501,1990,3,26,"US","Washington","Whitman County","2 mi E Pullman","2 mi E Pullman, Whitman Co., Washington","CRCM","Collector(s): unknown","http://arctos.database.museum/guid/CRCM:Mamm:8466"
4947681258,"CC_BY_NC_4_0","Urocitellus columbianus","PRESERVED_SPECIMEN",-118.343021,46.064581,4977,1983,5,4,"US","Washington","Walla Walla County","N Fort Walla Walla City Park, Walla Walla","N Fort Walla Walla City Park, Walla Walla, Walla Walla Co., Washington","CRCM","Collector(s): unknown","http://arctos.database.museum/guid/CRCM:Mamm:24984"
4947681202,"CC_BY_NC_4_0","Urocitellus columbianus","PRESERVED_SPECIMEN",-117.179616,46.731274,5639,1978,6,10,"US","Washington","Whitman County","Pullman","Pullman, elev. 2500 ft, Whitman Co., Washington","CRCM","Collector(s): unknown","http://arctos.database.museum/guid/CRCM:Mamm:8446"
4947681188,"CC_BY_NC_4_0","Urocitellus columbianus","PRESERVED_SPECIMEN",-118.343021,46.064581,4977,1983,5,9,"US","Washington","Walla Walla County","N Fort Walla Walla City Park, Walla Walla","N Fort Walla Walla City Park, Walla Walla, Walla Walla Co., Washington","CRCM","Collector(s): unknown","http://arctos.database.museum/guid/CRCM:Mamm:24999"
4947681156,"CC_BY_NC_4_0","Urocitellus columbianus","PRESERVED_SPECIMEN",-117.016667,45.133333,NA,2000,7,15,"US","Oregon","Wallowa County","FR 3925 off Route 39, 22 km E Sentinel Peak","FR 3925 off Route 39, 22 km E Sentinel Peak, 45""8' N, 117""1' W, 1771 m., Wallowa Co., Oregon","CRCM","Collector(s): unknown","http://arctos.database.museum/guid/CRCM:Mamm:9838"
4947681137,"CC_BY_NC_4_0","Urocitellus columbianus","PRESERVED_SPECIMEN",-117.345958,46.082045,301,1995,6,27,"US","Washington","Asotin County","Cougar Creek Drainage, Blue Mountains","Cougar Creek Drainage, elev 3150 ft, T7N R44E Sec 19, Blue Mtns., Asotin Co., Washington","CRCM","Collector(s): unknown","http://arctos.database.museum/guid/CRCM:Mamm:8522"
4947681109,"CC_BY_NC_4_0","Urocitellus columbianus","PRESERVED_SPECIMEN",-116.868614,46.920119,90,1985,4,2,"US","Idaho","Latah County","Gold Creek Ranch, 1 mi E of Potlach on Hwy. 6","Gold Creek Ranch, 1 mi E of Potlach on Hwy. 6, Latah Co., Idaho","CRCM","Collector(s): unknown","http://arctos.database.museum/guid/CRCM:Mamm:8590"
4947681078,"CC_BY_NC_4_0","Urocitellus columbianus","PRESERVED_SPECIMEN",-118.343021,46.064581,4977,1983,4,25,"US","Washington","Walla Walla County","N Fort Walla Walla City Park, Walla Walla","N Fort Walla Walla City Park, Walla Walla, Walla Walla Co., Washington","CRCM","Collector(s): unknown","http://arctos.database.museum/guid/CRCM:Mamm:24891"
4947681062,"CC_BY_NC_4_0","Urocitellus columbianus","PRESERVED_SPECIMEN",-118.585814,46.020281,3754,1983,4,11,"US","Washington","Walla Walla County","4 km S of Lowden","4 km S of Lowden, Walla Walla Co., Washington","CRCM","Collector(s): unknown","http://arctos.database.museum/guid/CRCM:Mamm:24858"
4947681003,"CC_BY_NC_4_0","Urocitellus columbianus","PRESERVED_SPECIMEN",-118.343021,46.064581,4977,1983,5,13,"US","Washington","Walla Walla County","N Fort Walla Walla City Park, Walla Walla","N Fort Walla Walla City Park, Walla Walla, Walla Walla Co., Washington","CRCM","Collector(s): unknown","http://arctos.database.museum/guid/CRCM:Mamm:21139"
4947680975,"CC_BY_NC_4_0","Urocitellus columbianus","PRESERVED_SPECIMEN",-112.366667,45.916667,NA,2000,7,4,"US","Montana","Jefferson County","10 mi SE of Butte","10 mi SE Butte, 45""55' N, 112""22' W, 6180 ft., Jefferson Co., Montana","CRCM","Collector(s): unknown","http://arctos.database.museum/guid/CRCM:Mamm:9849"
4947680919,"CC_BY_NC_4_0","Urocitellus columbianus","PRESERVED_SPECIMEN",-118.343021,46.064581,4977,1983,5,24,"US","Washington","Walla Walla County","N Fort Walla Walla City Park, Walla Walla","N Fort Walla Walla City Park, Walla Walla, Walla Walla Co., Washington","CRCM","Collector(s): unknown","http://arctos.database.museum/guid/CRCM:Mamm:25053"
4947680899,"CC_BY_NC_4_0","Urocitellus columbianus","PRESERVED_SPECIMEN",-118.343021,46.064581,4977,1983,4,30,"US","Washington","Walla Walla County","N Fort Walla Walla City Park, Walla Walla","N Fort Walla Walla City Park, Walla Walla, Walla Walla Co., Washington","CRCM","Collector(s): unknown","http://arctos.database.museum/guid/CRCM:Mamm:24948"
4947680826,"CC_BY_NC_4_0","Urocitellus columbianus","PRESERVED_SPECIMEN",-118.343021,46.064581,4977,1983,4,26,"US","Washington","Walla Walla County","N Fort Walla Walla City Park, Walla Walla","N Fort Walla Walla City Park, Walla Walla, Walla Walla Co., Washington","CRCM","Collector(s): unknown","http://arctos.database.museum/guid/CRCM:Mamm:24905"
4947680747,"CC_BY_NC_4_0","Urocitellus columbianus","PRESERVED_SPECIMEN",-118.343021,46.064581,4977,1983,5,9,"US","Washington","Walla Walla County","N Fort Walla Walla City Park, Walla Walla","N Fort Walla Walla City Park, Walla Walla, Walla Walla Co., Washington","CRCM","Collector(s): unknown","http://arctos.database.museum/guid/CRCM:Mamm:25002"
4947680682,"CC_BY_NC_4_0","Urocitellus columbianus","PRESERVED_SPECIMEN",-117.154109,48.922747,1204,1980,8,24,"US","Washington","Pend Oreille County","Head of Leola Creek Basin, Colville National Forest","Head of Leola Creek Basin, 6200 ft, Colville National Forest, Pend Oreille Co., Washington","CRCM","Collector(s): unknown","http://arctos.database.museum/guid/CRCM:Mamm:8404"
4947680673,"CC_BY_NC_4_0","Urocitellus columbianus","PRESERVED_SPECIMEN",-116.868614,46.920119,90,1985,4,1,"US","Idaho","Latah County","Gold Creek Ranch, 1 mi E of Potlach on Hwy. 6","Gold Creek Ranch, 1 mi E of Potlach on Hwy. 6, Latah Co., Idaho","CRCM","Collector(s): unknown","http://arctos.database.museum/guid/CRCM:Mamm:8579"
4947680566,"CC_BY_NC_4_0","Urocitellus columbianus","PRESERVED_SPECIMEN",-118.153286,46.444154,16208,1990,4,15,"US","Washington","Columbia County","12 mi N of Waitsburg","12 mi N of Waitsburg, Columbia Co., Washington","CRCM","Collector(s): unknown","http://arctos.database.museum/guid/CRCM:Mamm:8489"
4947680332,"CC_BY_NC_4_0","Urocitellus columbianus","PRESERVED_SPECIMEN",-117.023399,46.735281,4106,1974,3,9,"US","Idaho","Latah County","1.1 mi W, 0.2 mi N Moscow","1.1 mi W, 0.2 mi N Moscow, 2540 ft., Latah Co., Idaho","CRCM","Collector(s): unknown","http://arctos.database.museum/guid/CRCM:Mamm:8547"
4947680218,"CC_BY_NC_4_0","Urocitellus columbianus","PRESERVED_SPECIMEN",-117.310778,48.940491,5425,1982,7,12,"US","Washington","Pend Oreille County","5.3 mi N, 2.8 mi E of Metaline Falls, Lower Slate Crk Rd","T40N R43E S25, 5.3 mi N, 2.8 mi E of Metaline Falls, Lower Slate Crk Rd, Pend Oreille Co, Washington","CRCM","Collector(s): unknown","http://arctos.database.museum/guid/CRCM:Mamm:8423"
4947680087,"CC_BY_NC_4_0","Urocitellus columbianus","PRESERVED_SPECIMEN",-118.958756,48.772013,3711,1995,7,6,"US","Washington","Okanogan County","3.2 mi N, 2.5 mi E of Wauconda","3.2 mi N, 2.5 mi E of Wauconda, 3550 ft, T38N R30E S24, Okanogan Co., Washington","CRCM","Collector(s): unknown","http://arctos.database.museum/guid/CRCM:Mamm:8365"
4947680059,"CC_BY_NC_4_0","Urocitellus columbianus","PRESERVED_SPECIMEN",-117.179616,46.731274,5639,1978,7,6,"US","Washington","Whitman County","Pullman","Pullman, elev. 2500 ft, Whitman Co., Washington","CRCM","Collector(s): unknown","http://arctos.database.museum/guid/CRCM:Mamm:8457"
4947680049,"CC_BY_NC_4_0","Urocitellus columbianus","PRESERVED_SPECIMEN",-117.016667,45.133333,NA,2000,7,15,"US","Oregon","Wallowa County","FR 3925, 22 km E Sentinel Peak","FR 3925, 22 km E Sentinel Peak, 45""8' N, 117""1' W, 5810 ft., Wallowa Co., Oregon","CRCM","Collector(s): unknown","http://arctos.database.museum/guid/CRCM:Mamm:9847"
4947680038,"CC_BY_NC_4_0","Urocitellus columbianus","PRESERVED_SPECIMEN",-118.960097,45.286183,13207,1979,6,20,"US","Oregon","Umatilla County","Battle Mountain State Park, 6.3 mi W, 13.6 mi S of Pilot Rock","Battle Mountain State Park, 6.3 mi W, 13.6 mi S of Pilot Rock, 4000 ft., Umatilla Co., Oregon","CRCM","Collector(s): unknown","http://arctos.database.museum/guid/CRCM:Mamm:8525"
4947679997,"CC_BY_NC_4_0","Urocitellus columbianus","PRESERVED_SPECIMEN",-117.179616,46.731274,5639,1978,6,21,"US","Washington","Whitman County","Pullman","Pullman, elev. 2500 ft, Whitman Co., Washington","CRCM","Collector(s): unknown","http://arctos.database.museum/guid/CRCM:Mamm:8455"
4947679986,"CC_BY_NC_4_0","Urocitellus columbianus","PRESERVED_SPECIMEN",-117.179616,46.731274,5639,1978,6,23,"US","Washington","Whitman County","Pullman","Pullman, elev. 2500 ft, Whitman Co., Washington","CRCM","Collector(s): unknown","http://arctos.database.museum/guid/CRCM:Mamm:5982"
4947679985,"CC_BY_NC_4_0","Urocitellus columbianus","PRESERVED_SPECIMEN",-118.343021,46.064581,4977,1983,5,17,"US","Washington","Walla Walla County","N Fort Walla Walla City Park, Walla Walla","N Fort Walla Walla City Park, Walla Walla, Walla Walla Co., Washington","CRCM","Collector(s): unknown","http://arctos.database.museum/guid/CRCM:Mamm:25034"
4947679721,"CC_BY_NC_4_0","Urocitellus columbianus","PRESERVED_SPECIMEN",-116.519495,45.328383,866,1978,7,31,"US","Idaho","Idaho County","0.5 mi NW of Lower Cannon Lake, Seven Devils Wilderness Area","0.5 mi NW of Lower Cannon Lake, Seven Devils Wilderness Area, 7500 ft., Idaho Co., Idaho","CRCM","Collector(s): unknown","http://arctos.database.museum/guid/CRCM:Mamm:8612"
4947679650,"CC_BY_NC_4_0","Urocitellus columbianus","PRESERVED_SPECIMEN",-118.343021,46.064581,4977,1983,4,25,"US","Washington","Walla Walla County","N Fort Walla Walla City Park, Walla Walla","N Fort Walla Walla City Park, Walla Walla, Walla Walla Co., Washington","CRCM","Collector(s): unknown","http://arctos.database.museum/guid/CRCM:Mamm:24902"
4947679613,"CC_BY_NC_4_0","Urocitellus columbianus","PRESERVED_SPECIMEN",-118.343021,46.064581,4977,1983,4,28,"US","Washington","Walla Walla County","N Fort Walla Walla City Park, Walla Walla","N Fort Walla Walla City Park, Walla Walla, Walla Walla Co., Washington","CRCM","Collector(s): unknown","http://arctos.database.museum/guid/CRCM:Mamm:24934"
4947679574,"CC_BY_NC_4_0","Urocitellus columbianus","PRESERVED_SPECIMEN",-117.200518,48.891314,301,1992,6,17,"US","Washington","Pend Oreille County","Crowell Ridge Trail","Crowell Ridge Trail, T39N R44E Sec 1, Pend Oreille Co, Washington","CRCM","Collector(s): unknown","http://arctos.database.museum/guid/CRCM:Mamm:8387"
4947679536,"CC_BY_NC_4_0","Urocitellus columbianus","PRESERVED_SPECIMEN",-117.179616,46.731274,5639,1978,6,6,"US","Washington","Whitman County","Pullman","Pullman, elev. 2500 ft, Whitman Co., Washington","CRCM","Collector(s): unknown","http://arctos.database.museum/guid/CRCM:Mamm:5771"
4947679481,"CC_BY_NC_4_0","Urocitellus columbianus","PRESERVED_SPECIMEN",-117.454566,48.275992,16413,1992,6,21,"US","Washington","Pend Oreille County","12 mi E of Chewelah","12 mi E of Chewelah, T32N R42E Sec 11, Pend Oreille Co., Washington","CRCM","Collector(s): unknown","http://arctos.database.museum/guid/CRCM:Mamm:8412"
4947679326,"CC_BY_NC_4_0","Urocitellus columbianus","PRESERVED_SPECIMEN",-117.179616,46.731274,5639,1978,6,13,"US","Washington","Whitman County","Pullman","Pullman, elev. 2500 ft, Whitman Co., Washington","CRCM","Collector(s): unknown","http://arctos.database.museum/guid/CRCM:Mamm:5393"
4947679304,"CC_BY_NC_4_0","Urocitellus columbianus","PRESERVED_SPECIMEN",-116.868614,46.920119,90,1985,3,28,"US","Idaho","Latah County","Gold Creek Ranch, 1 mi E of Potlach on Hwy. 6","Gold Creek Ranch, 1 mi E of Potlach on Hwy. 6, Latah Co., Idaho","CRCM","Collector(s): unknown","http://arctos.database.museum/guid/CRCM:Mamm:8576"
4947679251,"CC_BY_NC_4_0","Urocitellus columbianus","PRESERVED_SPECIMEN",-117.523058,46.901202,70074,1977,NA,NA,"US","Washington","Whitman County","No specific locality recorded.","Whitman Co., Washington","CRCM","Collector(s): unknown","http://arctos.database.museum/guid/CRCM:Mamm:21541"
4947679114,"CC_BY_NC_4_0","Urocitellus columbianus","PRESERVED_SPECIMEN",-118.343021,46.064581,4977,1983,4,29,"US","Washington","Walla Walla County","N Fort Walla Walla City Park, Walla Walla","N Fort Walla Walla City Park, Walla Walla, Walla Walla Co., Washington","CRCM","Collector(s): unknown","http://arctos.database.museum/guid/CRCM:Mamm:24945"
4947678950,"CC_BY_NC_4_0","Urocitellus columbianus","PRESERVED_SPECIMEN",-118.001328,45.500137,301,1979,6,20,"US","Washington","Walla Walla County","West slope of Mount Lewis, Blue Mountains","West slope of Mount Lewis, 4800 ft elev, Blue Mountains, Walla Walla Co., Washington","CRCM","Collector(s): unknown","http://arctos.database.museum/guid/CRCM:Mamm:8376"
4947678939,"CC_BY_NC_4_0","Urocitellus columbianus","PRESERVED_SPECIMEN",-118.343021,46.064581,4977,1983,5,17,"US","Washington","Walla Walla County","N Fort Walla Walla City Park, Walla Walla","N Fort Walla Walla City Park, Walla Walla, Walla Walla Co., Washington","CRCM","Collector(s): unknown","http://arctos.database.museum/guid/CRCM:Mamm:25031"
4947678928,"CC_BY_NC_4_0","Urocitellus columbianus","PRESERVED_SPECIMEN",-119.020099,44.246872,1957,1979,6,19,"US","Oregon","Grant County","1.5 mi S of Windfall Spring","1.5 mi S of Windfall Spring, 5000 ft., Grant Co., Oregon","CRCM","Collector(s): unknown","http://arctos.database.museum/guid/CRCM:Mamm:6214"
4947678906,"CC_BY_NC_4_0","Urocitellus columbianus","PRESERVED_SPECIMEN",-119.013675,44.256662,11865,1979,6,19,"US","Oregon","Grant County","Stark Spring, 11 mi S, 3 mi W of John Day","Stark Spring, 11 mi S, 3 mi W of John Day, 5100 ft., Grant Co., Oregon","CRCM","Collector(s): unknown","http://arctos.database.museum/guid/CRCM:Mamm:8536"
4947678814,"CC_BY_NC_4_0","Urocitellus columbianus","PRESERVED_SPECIMEN",-119.30802,44.315149,301,1979,6,19,"US","Oregon","Grant County","meadow SW of junction of U.S. forest service roads 1542 and 1409c, Aldrich Mountains","meadow SW of junction of U.S. forest service roads 1542 and 1409c, Aldrich Mountains, 4850 ft., Grant Co., Oregon","CRCM","Collector(s): unknown","http://arctos.database.museum/guid/CRCM:Mamm:8544"
4947678810,"CC_BY_NC_4_0","Urocitellus columbianus","PRESERVED_SPECIMEN",-120.795143,48.756888,210,1995,7,8,"US","Washington","Whatcom County","Deer Park at 5800 ft near head of Slate Creek, about 1.0 miles S of Slate Peak","Deer Park at 5800 ft near head of Slate Creek, about 1.0 miles S of Slate Peak, T37N R17E S1, Whatcom Co., Washington","CRCM","Collector(s): unknown","http://arctos.database.museum/guid/CRCM:Mamm:8368"
4947678747,"CC_BY_NC_4_0","Urocitellus columbianus","PRESERVED_SPECIMEN",-118.440121,46.049291,5313,1982,6,8,"US","Washington","Walla Walla County","Walla Walla College Farm, 4 km W of College Place, Walla Walla","Walla Walla College Farm, 4 km W of College Place, Walla Walla, Walla Walla Co., Washington","CRCM","Collector(s): unknown","http://arctos.database.museum/guid/CRCM:Mamm:24847"
4947678742,"CC_BY_NC_4_0","Urocitellus columbianus","PRESERVED_SPECIMEN",-118.343021,46.064581,4977,1983,5,5,"US","Washington","Walla Walla County","N Fort Walla Walla City Park, Walla Walla","N Fort Walla Walla City Park, Walla Walla, Walla Walla Co., Washington","CRCM","Collector(s): unknown","http://arctos.database.museum/guid/CRCM:Mamm:24988"
4947678739,"CC_BY_NC_4_0","Urocitellus columbianus","PRESERVED_SPECIMEN",-117.060103,46.738423,2069,1977,5,14,"US","Washington","Whitman County","1.7 mi E, 1.3 mi N of Sunshine","1.7 mi E, 1.3 mi N of Sunshine, elev. 2540 ft, Whitman Co., Washington","CRCM","Collector(s): unknown","http://arctos.database.museum/guid/CRCM:Mamm:8478"
4947678626,"CC_BY_NC_4_0","Urocitellus columbianus","PRESERVED_SPECIMEN",-116.868614,46.920119,90,1985,3,22,"US","Idaho","Latah County","Gold Creek Ranch, 1 mi E of Potlach on Hwy. 6","Gold Creek Ranch, 1 mi E of Potlach on Hwy. 6, Latah Co., Idaho","CRCM","Collector(s): unknown","http://arctos.database.museum/guid/CRCM:Mamm:8568"
4947678513,"CC_BY_NC_4_0","Urocitellus columbianus","PRESERVED_SPECIMEN",-118.343021,46.064581,4977,1983,5,10,"US","Washington","Walla Walla County","N Fort Walla Walla City Park, Walla Walla","N Fort Walla Walla City Park, Walla Walla, Walla Walla Co., Washington","CRCM","Collector(s): unknown","http://arctos.database.museum/guid/CRCM:Mamm:25007"
4947678366,"CC_BY_NC_4_0","Urocitellus columbianus","PRESERVED_SPECIMEN",-118.343021,46.064581,4977,1983,4,26,"US","Washington","Walla Walla County","N Fort Walla Walla City Park, Walla Walla","N Fort Walla Walla City Park, Walla Walla, Walla Walla Co., Washington","CRCM","Collector(s): unknown","http://arctos.database.museum/guid/CRCM:Mamm:24913"
4947678360,"CC_BY_NC_4_0","Urocitellus columbianus","PRESERVED_SPECIMEN",-117.011371,46.725942,84,1974,7,7,"US","Idaho","Latah County","University of Idaho Campus, Moscow","University of Idaho Campus, Moscow, Latah Co., Idaho","CRCM","Collector(s): unknown","http://arctos.database.museum/guid/CRCM:Mamm:5906"
4947678297,"CC_BY_NC_4_0","Urocitellus columbianus","PRESERVED_SPECIMEN",-118.343021,46.064581,4977,1983,5,21,"US","Washington","Walla Walla County","N Fort Walla Walla City Park, Walla Walla","N Fort Walla Walla City Park, Walla Walla, Walla Walla Co., Washington","CRCM","Collector(s): unknown","http://arctos.database.museum/guid/CRCM:Mamm:20014"
4947678177,"CC_BY_NC_4_0","Urocitellus columbianus","PRESERVED_SPECIMEN",-117.273998,48.532318,66268,1994,6,25,"US","Washington","Pend Oreille County","No specific locality recorded.","RUB Bar 18, T35N, R43E, S 1/2, SW 1/4 of sec. 7, T35N, R43E, N 1/2, NW 1/4, sec. 8, Pend Oreille Co., Washington","CRCM","Collector(s): unknown","http://arctos.database.museum/guid/CRCM:Mamm:22985"
4947678071,"CC_BY_NC_4_0","Urocitellus columbianus","PRESERVED_SPECIMEN",-118.343021,46.064581,4977,1983,4,24,"US","Washington","Walla Walla County","N Fort Walla Walla City Park, Walla Walla","N Fort Walla Walla City Park, Walla Walla, Walla Walla Co., Washington","CRCM","Collector(s): unknown","http://arctos.database.museum/guid/CRCM:Mamm:24888"
4947677997,"CC_BY_NC_4_0","Urocitellus columbianus","PRESERVED_SPECIMEN",-118.343021,46.064581,4977,1983,5,12,"US","Washington","Walla Walla County","N Fort Walla Walla City Park, Walla Walla","N Fort Walla Walla City Park, Walla Walla, Walla Walla Co., Washington","CRCM","Collector(s): unknown","http://arctos.database.museum/guid/CRCM:Mamm:25010"
4947677993,"CC_BY_NC_4_0","Urocitellus columbianus","PRESERVED_SPECIMEN",-118.343021,46.064581,4977,1983,5,4,"US","Washington","Walla Walla County","N Fort Walla Walla City Park, Walla Walla","N Fort Walla Walla City Park, Walla Walla, Walla Walla Co., Washington","CRCM","Collector(s): unknown","http://arctos.database.museum/guid/CRCM:Mamm:24978"
4947677970,"CC_BY_NC_4_0","Urocitellus columbianus","PRESERVED_SPECIMEN",-118.343021,46.064581,4977,1983,5,29,"US","Washington","Walla Walla County","N Fort Walla Walla City Park, Walla Walla","N Fort Walla Walla City Park, Walla Walla, Walla Walla Co., Washington","CRCM","Collector(s): unknown","http://arctos.database.museum/guid/CRCM:Mamm:25054"
4947677831,"CC_BY_NC_4_0","Urocitellus columbianus","PRESERVED_SPECIMEN",-120.795143,48.756888,210,1995,7,8,"US","Washington","Whatcom County","Deer Park at 5800 ft near head of Slate Creek, about 1.0 miles S of Slate Peak","Deer Park at 5800 ft near head of Slate Creek, about 1.0 miles S of Slate Peak, T37N R17E S1, Whatcom Co., Washington","CRCM","Collector(s): unknown","http://arctos.database.museum/guid/CRCM:Mamm:8357"
4947677829,"CC_BY_NC_4_0","Urocitellus columbianus","PRESERVED_SPECIMEN",-118.343021,46.064581,4977,1983,4,26,"US","Washington","Walla Walla County","N Fort Walla Walla City Park, Walla Walla","N Fort Walla Walla City Park, Walla Walla, Walla Walla Co., Washington","CRCM","Collector(s): unknown","http://arctos.database.museum/guid/CRCM:Mamm:24903"
4947677750,"CC_BY_NC_4_0","Urocitellus columbianus","PRESERVED_SPECIMEN",-117.454566,48.275992,16413,1992,6,22,"US","Washington","Pend Oreille County","12 mi E of Chewelah","12 mi E of Chewelah, T32N R42E Sec 14, Pend Oreille Co., Washington","CRCM","Collector(s): unknown","http://arctos.database.museum/guid/CRCM:Mamm:8403"
4947677555,"CC_BY_NC_4_0","Urocitellus columbianus","PRESERVED_SPECIMEN",-118.343021,46.064581,4977,1983,5,3,"US","Washington","Walla Walla County","N Fort Walla Walla City Park, Walla Walla","N Fort Walla Walla City Park, Walla Walla, Walla Walla Co., Washington","CRCM","Collector(s): unknown","http://arctos.database.museum/guid/CRCM:Mamm:24967"
4947677428,"CC_BY_NC_4_0","Urocitellus columbianus","PRESERVED_SPECIMEN",-118.343021,46.064581,4977,1983,5,24,"US","Washington","Walla Walla County","N Fort Walla Walla City Park, Walla Walla","N Fort Walla Walla City Park, Walla Walla, Walla Walla Co., Washington","CRCM","Collector(s): unknown","http://arctos.database.museum/guid/CRCM:Mamm:25044"
4947677328,"CC_BY_NC_4_0","Urocitellus columbianus","PRESERVED_SPECIMEN",-118.585814,46.020281,3754,1983,4,15,"US","Washington","Walla Walla County","4 km S of Lowden","4 km S of Lowden, Walla Walla Co., Washington","CRCM","Collector(s): unknown","http://arctos.database.museum/guid/CRCM:Mamm:24867"
4947677084,"CC_BY_NC_4_0","Urocitellus columbianus","PRESERVED_SPECIMEN",-117.85,46.1,NA,2000,7,12,"US","Washington","Columbia County","FS Rd. 6437, Chase Mtn., 24 km SE Dayton","FS Rd. 6437, Chase Mtn., 24 km SE Dayton, 46 deg 06 min N, 117 deg 51 min W, elev. 1692 m, Columbia Co., Washington","CRCM","Collector(s): unknown","http://arctos.database.museum/guid/CRCM:Mamm:8498"
4947676992,"CC_BY_NC_4_0","Urocitellus columbianus","PRESERVED_SPECIMEN",-116.057814,45.037378,21926,1981,8,1,"US","Idaho","Valley County","Fisher Creek, 25 km S McCall","Fisher Creek, 25 km S McCall, Valley Co., Idaho","CRCM","Collector(s): unknown","http://arctos.database.museum/guid/CRCM:Mamm:6067"
4947676816,"CC_BY_NC_4_0","Urocitellus columbianus","PRESERVED_SPECIMEN",-116.868614,46.920119,90,1985,4,2,"US","Idaho","Latah County","Gold Creek Ranch, 1 mi E of Potlach on Hwy. 6","Gold Creek Ranch, 1 mi E of Potlach on Hwy. 6, Latah Co., Idaho","CRCM","Collector(s): unknown","http://arctos.database.museum/guid/CRCM:Mamm:8514"
4947676771,"CC_BY_NC_4_0","Urocitellus columbianus","PRESERVED_SPECIMEN",-118.343021,46.064581,4977,1983,5,3,"US","Washington","Walla Walla County","N Fort Walla Walla City Park, Walla Walla","N Fort Walla Walla City Park, Walla Walla, Walla Walla Co., Washington","CRCM","Collector(s): unknown","http://arctos.database.museum/guid/CRCM:Mamm:24968"
4947676738,"CC_BY_NC_4_0","Urocitellus columbianus","PRESERVED_SPECIMEN",-118.343021,46.064581,4977,1983,4,27,"US","Washington","Walla Walla County","N Fort Walla Walla City Park, Walla Walla","N Fort Walla Walla City Park, Walla Walla, Walla Walla Co., Washington","CRCM","Collector(s): unknown","http://arctos.database.museum/guid/CRCM:Mamm:24924"
4947676727,"CC_BY_NC_4_0","Urocitellus columbianus","PRESERVED_SPECIMEN",-118.343021,46.064581,4977,1983,4,30,"US","Washington","Walla Walla County","N Fort Walla Walla City Park, Walla Walla","N Fort Walla Walla City Park, Walla Walla, Walla Walla Co., Washington","CRCM","Collector(s): unknown","http://arctos.database.museum/guid/CRCM:Mamm:24947"
4947676690,"CC_BY_NC_4_0","Urocitellus columbianus","PRESERVED_SPECIMEN",-117.270805,46.928988,3318,1980,7,NA,"US","Washington","Whitman County","1 mi upstream from Albion, S. Fork Palouse River","1 mi upstream from Albion, S. Fork Palouse River, Whitman Co., Washington","CRCM","Collector(s): unknown","http://arctos.database.museum/guid/CRCM:Mamm:8434"
4947676499,"CC_BY_NC_4_0","Urocitellus columbianus","PRESERVED_SPECIMEN",-118.343021,46.064581,4977,1983,5,17,"US","Washington","Walla Walla County","N Fort Walla Walla City Park, Walla Walla","N Fort Walla Walla City Park, Walla Walla, Walla Walla Co., Washington","CRCM","Collector(s): unknown","http://arctos.database.museum/guid/CRCM:Mamm:25033"
4947676462,"CC_BY_NC_4_0","Urocitellus columbianus","PRESERVED_SPECIMEN",-118.603228,48.881317,2149,1995,7,5,"US","Washington","Ferry County","About 2.8 mi W, 0.5 mi N of Sherman Pass, North Fork O'Brien Creek, Kettle River Range","About 2.8 mi W, 0.5 mi N of Sherman Pass, North Fork O'Brien Creek at 4250 ft, T36N R34E S15, Kettle River Range, Ferry Co., Washington.","CRCM","Collector(s): unknown","http://arctos.database.museum/guid/CRCM:Mamm:8378"
4947676250,"CC_BY_NC_4_0","Urocitellus columbianus","PRESERVED_SPECIMEN",-118.343021,46.064581,4977,1983,4,28,"US","Washington","Walla Walla County","N Fort Walla Walla City Park, Walla Walla","N Fort Walla Walla City Park, Walla Walla, Walla Walla Co., Washington","CRCM","Collector(s): unknown","http://arctos.database.museum/guid/CRCM:Mamm:24936"
4947676136,"CC_BY_NC_4_0","Urocitellus columbianus","PRESERVED_SPECIMEN",-118.343021,46.064581,4977,1983,4,26,"US","Washington","Walla Walla County","N Fort Walla Walla City Park, Walla Walla","N Fort Walla Walla City Park, Walla Walla, Walla Walla Co., Washington","CRCM","Collector(s): unknown","http://arctos.database.museum/guid/CRCM:Mamm:24914"
4947675967,"CC_BY_NC_4_0","Urocitellus columbianus","PRESERVED_SPECIMEN",-117.273998,48.532318,66268,1994,6,21,"US","Washington","Pend Oreille County","No specific locality recorded.","RUB Bar 18, T35N, R43E, S 1/2, SW 1/4 of sec. 7, T35N, R43E, N 1/2, NW 1/4, sec. 8, Pend Oreille Co., Washington","CRCM","Collector(s): unknown","http://arctos.database.museum/guid/CRCM:Mamm:22984"
4947675953,"CC_BY_NC_4_0","Urocitellus columbianus","PRESERVED_SPECIMEN",-117.179616,46.731274,5639,1978,6,15,"US","Washington","Whitman County","Pullman","Pullman, elev. 2500 ft, Whitman Co., Washington","CRCM","Collector(s): unknown","http://arctos.database.museum/guid/CRCM:Mamm:5870"
4947675856,"CC_BY_NC_4_0","Urocitellus columbianus","PRESERVED_SPECIMEN",-116.868614,46.920119,90,1985,3,21,"US","Idaho","Latah County","Gold Creek Ranch, 1 mi E of Potlach on Hwy. 6","Gold Creek Ranch, 1 mi E of Potlach on Hwy. 6, Latah Co., Idaho","CRCM","Collector(s): unknown","http://arctos.database.museum/guid/CRCM:Mamm:6098"
4947675808,"CC_BY_NC_4_0","Urocitellus columbianus","PRESERVED_SPECIMEN",-118.585814,46.020281,3754,1983,4,15,"US","Washington","Walla Walla County","4 km S of Lowden","4 km S of Lowden, Walla Walla Co., Washington","CRCM","Collector(s): unknown","http://arctos.database.museum/guid/CRCM:Mamm:24868"
4947675797,"CC_BY_NC_4_0","Urocitellus columbianus","PRESERVED_SPECIMEN",-116.868614,46.920119,90,1985,4,1,"US","Idaho","Latah County","Gold Creek Ranch, 1 mi E of Potlach on Hwy. 6","Gold Creek Ranch, 1 mi E of Potlach on Hwy. 6, Latah Co., Idaho","CRCM","Collector(s): unknown","http://arctos.database.museum/guid/CRCM:Mamm:8567"
4947675702,"CC_BY_NC_4_0","Urocitellus columbianus","PRESERVED_SPECIMEN",-119.020099,44.264251,520,1979,6,19,"US","Oregon","Grant County","0.3 mi S of Windfall Spring","0.3 mi S of Windfall Spring, 5200 ft., Grant Co., Oregon","CRCM","Collector(s): unknown","http://arctos.database.museum/guid/CRCM:Mamm:8545"
4947675687,"CC_BY_NC_4_0","Urocitellus columbianus","PRESERVED_SPECIMEN",-117.220449,45.189043,1807,1981,7,22,"US","Oregon","Wallowa County","NNE face Petes Point","NNE face Petes Point, 8450 ft., Wallowa Co., Oregon","CRCM","Collector(s): unknown; Preparator(s): G. W. Reed","http://arctos.database.museum/guid/CRCM:Mamm:8535"
4947675600,"CC_BY_NC_4_0","Urocitellus columbianus","PRESERVED_SPECIMEN",-116.868614,46.920119,90,1985,4,4,"US","Idaho","Latah County","Gold Creek Ranch, 1 mi E of Potlach on Hwy. 6","Gold Creek Ranch, 1 mi E of Potlach on Hwy. 6, Latah Co., Idaho","CRCM","Collector(s): unknown","http://arctos.database.museum/guid/CRCM:Mamm:8603"
4947675574,"CC_BY_NC_4_0","Urocitellus columbianus","PRESERVED_SPECIMEN",-118.343021,46.064581,4977,1983,5,13,"US","Washington","Walla Walla County","N Fort Walla Walla City Park, Walla Walla","N Fort Walla Walla City Park, Walla Walla, Walla Walla Co., Washington","CRCM","Collector(s): unknown","http://arctos.database.museum/guid/CRCM:Mamm:20013"
4947675527,"CC_BY_NC_4_0","Urocitellus columbianus","PRESERVED_SPECIMEN",-117.179616,46.731274,5639,1978,6,3,"US","Washington","Whitman County","Pullman","Pullman, elev. 2500 ft, Whitman Co., Washington","CRCM","Collector(s): unknown","http://arctos.database.museum/guid/CRCM:Mamm:5617"
4947675495,"CC_BY_NC_4_0","Urocitellus columbianus","PRESERVED_SPECIMEN",-117.179616,46.731274,5639,1978,6,8,"US","Washington","Whitman County","Pullman","Pullman, elev. 2500 ft, Whitman Co., Washington","CRCM","Collector(s): unknown","http://arctos.database.museum/guid/CRCM:Mamm:8445"
4947675475,"CC_BY_NC_4_0","Urocitellus columbianus","PRESERVED_SPECIMEN",-117.270805,46.928988,3318,1980,7,NA,"US","Washington","Whitman County","1 mi upstream from Albion, S. Fork Palouse River","1 mi upstream from Albion, S. Fork Snake River, elev. 2100 ft, Whitman Co., Washington","CRCM","Collector(s): unknown","http://arctos.database.museum/guid/CRCM:Mamm:8435"
4947675442,"CC_BY_NC_4_0","Urocitellus columbianus","PRESERVED_SPECIMEN",-118.603228,48.881317,2149,1995,7,5,"US","Washington","Ferry County","About 2.8 mi W, 0.5 mi N of Sherman Pass, North Fork O'Brien Creek, Kettle River Range","About 2.8 mi W, 0.5 mi N of Sherman Pass, North Fork O'Brien Creek at 4250 ft, T36N R34E S15, Kettle River Range, Ferry Co., Washington.","CRCM","Collector(s): unknown","http://arctos.database.museum/guid/CRCM:Mamm:8377"
4947675280,"CC_BY_NC_4_0","Urocitellus columbianus","PRESERVED_SPECIMEN",-115.227952,46.255622,587,1974,8,11,"US","Idaho","Idaho County","Seven Lakes, lower camp","Seven Lakes, lower camp, Idaho Co., Idaho","CRCM","Collector(s): unknown","http://arctos.database.museum/guid/CRCM:Mamm:8488"
4947675219,"CC_BY_NC_4_0","Urocitellus columbianus","PRESERVED_SPECIMEN",-117.016667,45.133333,NA,2000,7,15,"US","Oregon","Wallowa County","FR 3925 off Route 39, 22 km E Sentinel Peak","FR 3925 off Route 39, 22 km E Sentinel Peak, 45""8' N, 117""1' W, 1771 m., Wallowa Co., Oregon","CRCM","Collector(s): unknown","http://arctos.database.museum/guid/CRCM:Mamm:9827"
4947675194,"CC_BY_NC_4_0","Urocitellus columbianus","PRESERVED_SPECIMEN",-113.895901,45.682583,44873,1977,5,22,"US","Idaho","Lemhi County","35 mi N of Salmon","35 mi N of Salmon, 5400 ft., Lemhi Co., Idaho","CRCM","Collector(s): unknown","http://arctos.database.museum/guid/CRCM:Mamm:8588"
4947675174,"CC_BY_NC_4_0","Urocitellus columbianus","PRESERVED_SPECIMEN",-118.343021,46.064581,4977,1983,5,1,"US","Washington","Walla Walla County","N Fort Walla Walla City Park, Walla Walla","N Fort Walla Walla City Park, Walla Walla, Walla Walla Co., Washington","CRCM","Collector(s): unknown","http://arctos.database.museum/guid/CRCM:Mamm:24957"
4947675083,"CC_BY_NC_4_0","Urocitellus columbianus","PRESERVED_SPECIMEN",-118.343021,46.064581,4977,1983,4,24,"US","Washington","Walla Walla County","N Fort Walla Walla City Park, Walla Walla","N Fort Walla Walla City Park, Walla Walla, Walla Walla Co., Washington","CRCM","Collector(s): unknown","http://arctos.database.museum/guid/CRCM:Mamm:24889"
4947674922,"CC_BY_NC_4_0","Urocitellus columbianus","PRESERVED_SPECIMEN",-118.343021,46.064581,4977,1983,4,29,"US","Washington","Walla Walla County","N Fort Walla Walla City Park, Walla Walla","N Fort Walla Walla City Park, Walla Walla, Walla Walla Co., Washington","CRCM","Collector(s): unknown","http://arctos.database.museum/guid/CRCM:Mamm:24946"
4947674838,"CC_BY_NC_4_0","Urocitellus columbianus","PRESERVED_SPECIMEN",-117.273998,48.532318,66268,1992,6,15,"US","Washington","Pend Oreille County","Salmo Mt","Salmo Mt, T40N R45E Sec 6, 6800 ft, Pend Oreille Co, Washington","CRCM","Collector(s): unknown","http://arctos.database.museum/guid/CRCM:Mamm:8413"
4947674831,"CC_BY_NC_4_0","Urocitellus columbianus","PRESERVED_SPECIMEN",-118.343021,46.064581,4977,1983,5,12,"US","Washington","Walla Walla County","N Fort Walla Walla City Park, Walla Walla","N Fort Walla Walla City Park, Walla Walla, Walla Walla Co., Washington","CRCM","Collector(s): unknown","http://arctos.database.museum/guid/CRCM:Mamm:25011"
4947674788,"CC_BY_NC_4_0","Urocitellus columbianus","PRESERVED_SPECIMEN",-118.343021,46.064581,4977,1983,5,9,"US","Washington","Walla Walla County","N Fort Walla Walla City Park, Walla Walla","N Fort Walla Walla City Park, Walla Walla, Walla Walla Co., Washington","CRCM","Collector(s): unknown","http://arctos.database.museum/guid/CRCM:Mamm:25000"
4947674691,"CC_BY_NC_4_0","Urocitellus columbianus","PRESERVED_SPECIMEN",-116.868614,46.920119,90,1985,4,5,"US","Idaho","Latah County","Gold Creek Ranch, 1 mi E of Potlach on Hwy. 6","Gold Creek Ranch, 1 mi E of Potlach on Hwy. 6, Latah Co., Idaho","CRCM","Collector(s): unknown","http://arctos.database.museum/guid/CRCM:Mamm:8556"
4947674500,"CC_BY_NC_4_0","Urocitellus columbianus","PRESERVED_SPECIMEN",-118.343021,46.064581,4977,1983,5,7,"US","Washington","Walla Walla County","N Fort Walla Walla City Park, Walla Walla","N Fort Walla Walla City Park, Walla Walla, Walla Walla Co., Washington","CRCM","Collector(s): unknown","http://arctos.database.museum/guid/CRCM:Mamm:24989"
4947674343,"CC_BY_NC_4_0","Urocitellus columbianus","PRESERVED_SPECIMEN",-118.585814,46.020281,3754,1983,4,11,"US","Washington","Walla Walla County","4 km S of Lowden","4 km S of Lowden, Walla Walla Co., Washington","CRCM","Collector(s): unknown","http://arctos.database.museum/guid/CRCM:Mamm:24857"
4947674296,"CC_BY_NC_4_0","Urocitellus columbianus","PRESERVED_SPECIMEN",-118.000722,48.961956,1099,1982,7,14,"US","Washington","Stevens County","0.7 mi W, 0.8 mi N of Elbow Lake Campground","0.7 mi W, 0.8 mi N Elbow Lake Campground, Stevens Co., Washington","CRCM","Collector(s): unknown","http://arctos.database.museum/guid/CRCM:Mamm:8388"
4947674267,"CC_BY_NC_4_0","Urocitellus columbianus","PRESERVED_SPECIMEN",-118.960097,45.286183,13207,1979,6,20,"US","Oregon","Umatilla County","Battle Mountain State Park, 6.3 mi W, 13.6 mi S of Pilot Rock","Battle Mountain State Park, 6.3 mi W, 13.6 mi S of Pilot Rock, 4000 ft., Umatilla Co., Oregon","CRCM","Collector(s): unknown","http://arctos.database.museum/guid/CRCM:Mamm:8524"
4947674248,"CC_BY_NC_4_0","Urocitellus columbianus","PRESERVED_SPECIMEN",-117.310778,48.940491,5425,1982,7,12,"US","Washington","Pend Oreille County","5.3 mi N, 2.8 mi E of Metaline Falls, Lower Slate Crk Rd","T40N R43E S25, 5.3 mi N, 2.8 mi E of Metaline Falls, Lower Slate Crk Rd, Pend Oreille Co, Washington","CRCM","Collector(s): unknown","http://arctos.database.museum/guid/CRCM:Mamm:8424"
4947674196,"CC_BY_NC_4_0","Urocitellus columbianus","PRESERVED_SPECIMEN",-117.454566,48.275992,16413,1992,6,22,"US","Washington","Pend Oreille County","12 mi E of Chewelah","12 mi E of Chewelah, T32N R42E Sec 14, Pend Oreille Co., Washington","CRCM","Collector(s): unknown","http://arctos.database.museum/guid/CRCM:Mamm:5827"
4947674158,"CC_BY_NC_4_0","Urocitellus columbianus","PRESERVED_SPECIMEN",-118.343021,46.064581,4977,1983,5,21,"US","Washington","Walla Walla County","N Fort Walla Walla City Park, Walla Walla","N Fort Walla Walla City Park, Walla Walla, Walla Walla Co., Washington","CRCM","Collector(s): unknown","http://arctos.database.museum/guid/CRCM:Mamm:25043"
4947674125,"CC_BY_NC_4_0","Urocitellus columbianus","PRESERVED_SPECIMEN",-112.366667,45.916667,NA,2000,7,4,"US","Montana","Jefferson County","10 mi SE of Butte","10 mi SE Butte, 45""55' N, 112""22' W, 6180 ft., Jefferson Co., Montana","CRCM","Collector(s): unknown","http://arctos.database.museum/guid/CRCM:Mamm:9848"
4947674035,"CC_BY_NC_4_0","Urocitellus columbianus","PRESERVED_SPECIMEN",-117.179616,46.731274,5639,1978,7,4,"US","Washington","Whitman County","Pullman","Pullman, elev. 2500 ft, Whitman Co., Washington","CRCM","Collector(s): unknown","http://arctos.database.museum/guid/CRCM:Mamm:8456"
4947673999,"CC_BY_NC_4_0","Urocitellus columbianus","PRESERVED_SPECIMEN",-117.179616,46.731274,5639,1978,7,5,"US","Washington","Whitman County","Pullman","Pullman, elev. 2500 ft, Whitman Co., Washington","CRCM","Collector(s): unknown","http://arctos.database.museum/guid/CRCM:Mamm:8459"
4947673888,"CC_BY_NC_4_0","Urocitellus columbianus","PRESERVED_SPECIMEN",-118.343021,46.064581,4977,1983,4,27,"US","Washington","Walla Walla County","N Fort Walla Walla City Park, Walla Walla","N Fort Walla Walla City Park, Walla Walla, Walla Walla Co., Washington","CRCM","Collector(s): unknown","http://arctos.database.museum/guid/CRCM:Mamm:24918"
4947673724,"CC_BY_NC_4_0","Urocitellus columbianus","PRESERVED_SPECIMEN",-117.310778,48.940491,5425,1982,7,12,"US","Washington","Pend Oreille County","5.3 mi N, 2.8 mi E of Metaline Falls, Lower Slate Crk Rd","T40N R43E S25, 5.3 mi N, 2.8 mi E of Metaline Falls, Lower Slate Crk Rd, Pend Oreille Co, Washington","CRCM","Collector(s): unknown","http://arctos.database.museum/guid/CRCM:Mamm:8425"
4947673670,"CC_BY_NC_4_0","Urocitellus columbianus","PRESERVED_SPECIMEN",-118.343021,46.064581,4977,1983,5,9,"US","Washington","Walla Walla County","N Fort Walla Walla City Park, Walla Walla","N Fort Walla Walla City Park, Walla Walla, Walla Walla Co., Washington","CRCM","Collector(s): unknown","http://arctos.database.museum/guid/CRCM:Mamm:25001"
4947673542,"CC_BY_NC_4_0","Urocitellus columbianus","PRESERVED_SPECIMEN",-117.200518,48.891314,301,1992,6,17,"US","Washington","Pend Oreille County","Crowell Ridge Trail","Crowell Ridge Trail, T40N R45E Sec 31, Pend Oreille Co., Washington","CRCM","Collector(s): unknown","http://arctos.database.museum/guid/CRCM:Mamm:8422"
4947673393,"CC_BY_NC_4_0","Urocitellus columbianus","PRESERVED_SPECIMEN",-117.179616,46.731274,5639,1978,6,15,"US","Washington","Whitman County","Pullman","Pullman, elev. 2500 ft, Whitman Co., Washington","CRCM","Collector(s): unknown","http://arctos.database.museum/guid/CRCM:Mamm:8453"
4947673364,"CC_BY_NC_4_0","Urocitellus columbianus","PRESERVED_SPECIMEN",-118.343021,46.064581,4977,1983,5,4,"US","Washington","Walla Walla County","N Fort Walla Walla City Park, Walla Walla","N Fort Walla Walla City Park, Walla Walla, Walla Walla Co., Washington","CRCM","Collector(s): unknown","http://arctos.database.museum/guid/CRCM:Mamm:24980"
4947673312,"CC_BY_NC_4_0","Urocitellus columbianus","PRESERVED_SPECIMEN",-118.272782,48.819945,2950,1981,6,13,"US","Washington","Ferry County","4.5 mi SW Orient","4.5 mi SW Orient, 4300 ft, Ferry Co., Washington","CRCM","Collector(s): unknown","http://arctos.database.museum/guid/CRCM:Mamm:8363"
4947673300,"CC_BY_NC_4_0","Urocitellus columbianus","PRESERVED_SPECIMEN",-118.343021,46.064581,4977,1983,4,26,"US","Washington","Walla Walla County","N Fort Walla Walla City Park, Walla Walla","N Fort Walla Walla City Park, Walla Walla, Walla Walla Co., Washington","CRCM","Collector(s): unknown","http://arctos.database.museum/guid/CRCM:Mamm:24915"
4947673262,"CC_BY_NC_4_0","Urocitellus columbianus","PRESERVED_SPECIMEN",-118.343021,46.064581,4977,1983,4,25,"US","Washington","Walla Walla County","N Fort Walla Walla City Park, Walla Walla","N Fort Walla Walla City Park, Walla Walla, Walla Walla Co., Washington","CRCM","Collector(s): unknown","http://arctos.database.museum/guid/CRCM:Mamm:24890"
4947672973,"CC_BY_NC_4_0","Urocitellus columbianus","PRESERVED_SPECIMEN",-118.343021,46.064581,4977,1983,5,17,"US","Washington","Walla Walla County","N Fort Walla Walla City Park, Walla Walla","N Fort Walla Walla City Park, Walla Walla, Walla Walla Co., Washington","CRCM","Collector(s): unknown","http://arctos.database.museum/guid/CRCM:Mamm:25032"
4947672959,"CC_BY_NC_4_0","Urocitellus columbianus","PRESERVED_SPECIMEN",-118.958756,48.772013,3711,1995,7,6,"US","Washington","Okanogan County","3.2 mi N, 2.5 mi E of Wauconda","3.2 mi N, 2.5 mi E of Wauconda, 3550 ft, T38N R30E S24, Okanogan Co., Washington","CRCM","Collector(s): unknown","http://arctos.database.museum/guid/CRCM:Mamm:8369"
4947672878,"CC_BY_NC_4_0","Urocitellus columbianus","PRESERVED_SPECIMEN",-116.868614,46.920119,90,1985,4,1,"US","Idaho","Latah County","Gold Creek Ranch, 1 mi E of Potlach on Hwy. 6","Gold Creek Ranch, 1 mi E of Potlach on Hwy. 6, Latah Co., Idaho","CRCM","Collector(s): unknown","http://arctos.database.museum/guid/CRCM:Mamm:8577"
4947672721,"CC_BY_NC_4_0","Urocitellus columbianus","PRESERVED_SPECIMEN",-117.345958,46.082045,301,1995,6,27,"US","Washington","Asotin County","Cougar Creek Drainage, Blue Mountains","Cougar Creek Drainage, elev 3150 ft, T7N R44E Sec 19, Blue Mtns., Asotin Co., Washington","CRCM","Collector(s): unknown","http://arctos.database.museum/guid/CRCM:Mamm:8518"
4947672680,"CC_BY_NC_4_0","Urocitellus columbianus","PRESERVED_SPECIMEN",-119.451762,47.205665,98242,1992,7,3,"US","Washington","Grant County","Iron Spring","Iron Spring, T9N R42E Sec 1, Garfield Co., Washington","CRCM","Collector(s): unknown","http://arctos.database.museum/guid/CRCM:Mamm:8499"
4947672625,"CC_BY_NC_4_0","Urocitellus columbianus","PRESERVED_SPECIMEN",-118.585814,46.020281,3754,1983,4,9,"US","Washington","Walla Walla County","4 km S of Lowden","4 km S of Lowden, Walla Walla Co., Washington","CRCM","Collector(s): unknown","http://arctos.database.museum/guid/CRCM:Mamm:24856"
4947672553,"CC_BY_NC_4_0","Urocitellus columbianus","PRESERVED_SPECIMEN",-117.000165,46.709225,4817,1977,5,14,"US","Idaho","Latah County","5.3 mi W, 1.6 mi S of summit of Moscow Mtn","5.3 mi W, 1.6 mi S of summit of Moscow Mtn., 2680 ft., Latah Co., Idaho","CRCM","Collector(s): unknown","http://arctos.database.museum/guid/CRCM:Mamm:8515"
4947672539,"CC_BY_NC_4_0","Urocitellus columbianus","PRESERVED_SPECIMEN",-117.273998,48.532318,66268,1994,6,29,"US","Washington","Pend Oreille County","No specific locality recorded.","RUB Bar 18, T35N, R43E, S 1/2, SW 1/4 of sec. 7, T35N, R43E, N 1/2, NW 1/4, sec. 8, Pend Oreille Co., Washington","CRCM","Collector(s): unknown","http://arctos.database.museum/guid/CRCM:Mamm:22987"
4947672391,"CC_BY_NC_4_0","Urocitellus columbianus","PRESERVED_SPECIMEN",-116.868614,46.920119,90,1985,3,27,"US","Idaho","Latah County","Gold Creek Ranch, 1 mi E of Potlach on Hwy. 6","Gold Creek Ranch, 1 mi E of Potlach on Hwy. 6, Latah Co., Idaho","CRCM","Collector(s): unknown","http://arctos.database.museum/guid/CRCM:Mamm:8574"
4947672289,"CC_BY_NC_4_0","Urocitellus columbianus","PRESERVED_SPECIMEN",-117.502458,48.43685,1807,1995,7,4,"US","Washington","Stevens County","Calispell Peak, Selkirk Mtns","Calispell Peak at 6700 ft, Selkirk Mtns, T34N R42E Sec 21, Stevens Co., Washington","CRCM","Collector(s): unknown","http://arctos.database.museum/guid/CRCM:Mamm:8394"
4947672265,"CC_BY_NC_4_0","Urocitellus columbianus","PRESERVED_SPECIMEN",-118.343021,46.064581,4977,1983,4,25,"US","Washington","Walla Walla County","N Fort Walla Walla City Park, Walla Walla","N Fort Walla Walla City Park, Walla Walla, Walla Walla Co., Washington","CRCM","Collector(s): unknown","http://arctos.database.museum/guid/CRCM:Mamm:24899"
4947672233,"CC_BY_NC_4_0","Urocitellus columbianus","PRESERVED_SPECIMEN",-117.138235,46.734078,3144,1977,5,8,"US","Washington","Whitman County","2 mi W, 1 mi N of Sunshine, elev. 2580 ft","2 mi W, 1 mi N of Sunshine, elev. 2580 ft, Whitman Co., Washington","CRCM","Collector(s): unknown","http://arctos.database.museum/guid/CRCM:Mamm:8481"
4947672205,"CC_BY_NC_4_0","Urocitellus columbianus","PRESERVED_SPECIMEN",-117.179616,46.731274,5639,1978,6,13,"US","Washington","Whitman County","Pullman","Pullman, elev. 2500 ft, Whitman Co., Washington","CRCM","Collector(s): unknown","http://arctos.database.museum/guid/CRCM:Mamm:8450"
4947672112,"CC_BY_NC_4_0","Urocitellus columbianus","PRESERVED_SPECIMEN",-118.585814,46.020281,3754,1983,4,11,"US","Washington","Walla Walla County","4 km S of Lowden","4 km S of Lowden, Walla Walla Co., Washington","CRCM","Collector(s): unknown","http://arctos.database.museum/guid/CRCM:Mamm:24859"
4947671938,"CC_BY_NC_4_0","Urocitellus columbianus","PRESERVED_SPECIMEN",-118.343021,46.064581,4977,1983,5,4,"US","Washington","Walla Walla County","N Fort Walla Walla City Park, Walla Walla","N Fort Walla Walla City Park, Walla Walla, Walla Walla Co., Washington","CRCM","Collector(s): unknown","http://arctos.database.museum/guid/CRCM:Mamm:24983"
4947671918,"CC_BY_NC_4_0","Urocitellus columbianus","PRESERVED_SPECIMEN",-118.343021,46.064581,4977,1983,4,29,"US","Washington","Walla Walla County","N Fort Walla Walla City Park, Walla Walla","N Fort Walla Walla City Park, Walla Walla, Walla Walla Co., Washington","CRCM","Collector(s): unknown","http://arctos.database.museum/guid/CRCM:Mamm:24943"
4947671871,"CC_BY_NC_4_0","Urocitellus columbianus","PRESERVED_SPECIMEN",-118.343021,46.064581,4977,1983,4,26,"US","Washington","Walla Walla County","N Fort Walla Walla City Park, Walla Walla","N Fort Walla Walla City Park, Walla Walla, Walla Walla Co., Washington","CRCM","Collector(s): unknown","http://arctos.database.museum/guid/CRCM:Mamm:24896"
4947671852,"CC_BY_NC_4_0","Urocitellus columbianus","PRESERVED_SPECIMEN",-119.020099,44.246872,1957,1979,6,19,"US","Oregon","Grant County","1.5 mi S of Windfall Spring","1.5 mi S of Windfall Spring, 5000 ft., Grant Co., Oregon","CRCM","Collector(s): unknown","http://arctos.database.museum/guid/CRCM:Mamm:8546"
4947671845,"CC_BY_NC_4_0","Urocitellus columbianus","PRESERVED_SPECIMEN",-118.343021,46.064581,4977,1983,4,24,"US","Washington","Walla Walla County","N Fort Walla Walla City Park, Walla Walla","N Fort Walla Walla City Park, Walla Walla, Walla Walla Co., Washington","CRCM","Collector(s): unknown","http://arctos.database.museum/guid/CRCM:Mamm:24887"
4947671686,"CC_BY_NC_4_0","Urocitellus columbianus","PRESERVED_SPECIMEN",-118.343021,46.064581,4977,1983,4,29,"US","Washington","Walla Walla County","N Fort Walla Walla City Park, Walla Walla","N Fort Walla Walla City Park, Walla Walla, Walla Walla Co., Washington","CRCM","Collector(s): unknown","http://arctos.database.museum/guid/CRCM:Mamm:24940"
4947671670,"CC_BY_NC_4_0","Urocitellus columbianus","PRESERVED_SPECIMEN",-118.343021,46.064581,4977,1983,5,4,"US","Washington","Walla Walla County","N Fort Walla Walla City Park, Walla Walla","N Fort Walla Walla City Park, Walla Walla, Walla Walla Co., Washington","CRCM","Collector(s): unknown","http://arctos.database.museum/guid/CRCM:Mamm:24977"
4947671596,"CC_BY_NC_4_0","Urocitellus columbianus","PRESERVED_SPECIMEN",-120.1333,44.35,301,1979,6,19,"US","Oregon","Grant County","meadow below U.S. Forest Service Road 1409c, Aldrich Mtns","meadow below U.S. Forest Service Road 1409c, Aldrich Mtns., 4900 ft., Grant Co., Oregon","CRCM","Collector(s): unknown","http://arctos.database.museum/guid/CRCM:Mamm:5014"
4947671506,"CC_BY_NC_4_0","Urocitellus columbianus","PRESERVED_SPECIMEN",-118.343021,46.064581,4977,1983,5,1,"US","Washington","Walla Walla County","N Fort Walla Walla City Park, Walla Walla","N Fort Walla Walla City Park, Walla Walla, Walla Walla Co., Washington","CRCM","Collector(s): unknown","http://arctos.database.museum/guid/CRCM:Mamm:24955"
4947671489,"CC_BY_NC_4_0","Urocitellus columbianus","PRESERVED_SPECIMEN",-117.508358,46.124375,2077,1977,6,25,"US","Washington","Grant County","0.3 mi E, 0.1 mi N of Mt. Misery","0.3 mi E, 0.1 mi N Mt. Misery, elev. 6200 ft, Garfield Co., Washington","CRCM","Collector(s): unknown","http://arctos.database.museum/guid/CRCM:Mamm:8509"
4947671277,"CC_BY_NC_4_0","Urocitellus columbianus","PRESERVED_SPECIMEN",-116.868614,46.920119,90,1985,3,22,"US","Idaho","Latah County","Gold Creek Ranch, 1 mi E of Potlach on Hwy. 6","Gold Creek Ranch, 1 mi E of Potlach on Hwy. 6, Latah Co., Idaho","CRCM","Collector(s): unknown","http://arctos.database.museum/guid/CRCM:Mamm:8571"
4947671228,"CC_BY_NC_4_0","Urocitellus columbianus","PRESERVED_SPECIMEN",-118.585814,46.020281,3754,1983,3,20,"US","Washington","Walla Walla County","4 km S of Lowden","4 km S of Lowden, Walla Walla Co., Washington","CRCM","Collector(s): unknown","http://arctos.database.museum/guid/CRCM:Mamm:24850"
4947671081,"CC_BY_NC_4_0","Urocitellus columbianus","PRESERVED_SPECIMEN",-107.1833,45.8333,301,1993,6,29,"US","Montana","Lake County","Point Pleasant Creek","T24N, R17W, sec 19, elev 3210 ft, Point Pleasant Creek, Lake Co., Montana","CRCM","Collector(s): unknown","http://arctos.database.museum/guid/CRCM:Mamm:24490"
4947670995,"CC_BY_NC_4_0","Urocitellus columbianus","PRESERVED_SPECIMEN",-118.343021,46.064581,4977,1983,4,26,"US","Washington","Walla Walla County","N Fort Walla Walla City Park, Walla Walla","N Fort Walla Walla City Park, Walla Walla, Walla Walla Co., Washington","CRCM","Collector(s): unknown","http://arctos.database.museum/guid/CRCM:Mamm:24912"
4947670951,"CC_BY_NC_4_0","Urocitellus columbianus","PRESERVED_SPECIMEN",-118.343021,46.064581,4977,1983,4,27,"US","Washington","Walla Walla County","N Fort Walla Walla City Park, Walla Walla","N Fort Walla Walla City Park, Walla Walla, Walla Walla Co., Washington","CRCM","Collector(s): unknown","http://arctos.database.museum/guid/CRCM:Mamm:24921"
4947670853,"CC_BY_NC_4_0","Urocitellus columbianus","PRESERVED_SPECIMEN",-117.478236,46.135529,3486,1992,7,3,"US","Washington","Grant County","2 mi W of Wickiup Spring","2 mi W of Wickiup Spring, T8N R43E Sec 31, Garfield Co., Washington","CRCM","Collector(s): unknown","http://arctos.database.museum/guid/CRCM:Mamm:8484"
4947670830,"CC_BY_NC_4_0","Urocitellus columbianus","PRESERVED_SPECIMEN",-118.343021,46.064581,4977,1983,5,1,"US","Washington","Walla Walla County","N Fort Walla Walla City Park, Walla Walla","N Fort Walla Walla City Park, Walla Walla, Walla Walla Co., Washington","CRCM","Collector(s): unknown","http://arctos.database.museum/guid/CRCM:Mamm:24958"
4947670709,"CC_BY_NC_4_0","Urocitellus columbianus","PRESERVED_SPECIMEN",-117.179616,46.731274,5639,1978,7,12,"US","Washington","Whitman County","Pullman","Pullman, elev. 2500 ft, Whitman Co., Washington","CRCM","Collector(s): unknown","http://arctos.database.museum/guid/CRCM:Mamm:8465"
4947670606,"CC_BY_NC_4_0","Urocitellus columbianus","PRESERVED_SPECIMEN",-117.190176,46.731274,6063,1973,3,16,"US","Washington","Whitman County","0.5 mi W Pullman","0.5 mi W Pullman, Whitman Co., Washington","CRCM","Collector(s): unknown","http://arctos.database.museum/guid/CRCM:Mamm:5488"
4947670573,"CC_BY_NC_4_0","Urocitellus columbianus","PRESERVED_SPECIMEN",-118.343021,46.064581,4977,1983,5,4,"US","Washington","Walla Walla County","N Fort Walla Walla City Park, Walla Walla","N Fort Walla Walla City Park, Walla Walla, Walla Walla Co., Washington","CRCM","Collector(s): unknown","http://arctos.database.museum/guid/CRCM:Mamm:24893"
4947670427,"CC_BY_NC_4_0","Urocitellus columbianus","PRESERVED_SPECIMEN",-117.130235,48.810201,1807,1992,6,16,"US","Washington","Pend Oreille County","Round Top Mountain","Roundtop Mt, T38N R45E Sec 8, 6400 ft, Pend Oreille Co, Washington","CRCM","Collector(s): unknown","http://arctos.database.museum/guid/CRCM:Mamm:8428"
4947670249,"CC_BY_NC_4_0","Urocitellus columbianus","PRESERVED_SPECIMEN",-118.97474,48.85236,587,1995,7,7,"US","Washington","Okanogan County","Northeast shore of Lower Beaver Lake","Northeast shore of Lower Beaver Lake at 2700 ft, T39N R31E S30, Okanogan Co., Washington","CRCM","Collector(s): unknown","http://arctos.database.museum/guid/CRCM:Mamm:8360"
4947670126,"CC_BY_NC_4_0","Urocitellus columbianus","PRESERVED_SPECIMEN",-118.343021,46.064581,4977,1983,5,3,"US","Washington","Walla Walla County","N Fort Walla Walla City Park, Walla Walla","N Fort Walla Walla City Park, Walla Walla, Walla Walla Co., Washington","CRCM","Collector(s): unknown","http://arctos.database.museum/guid/CRCM:Mamm:24974"
4947670061,"CC_BY_NC_4_0","Urocitellus columbianus","PRESERVED_SPECIMEN",-117.179616,46.731274,5639,1978,6,8,"US","Washington","Whitman County","Pullman","Pullman, elev. 2500 ft, Whitman Co., Washington","CRCM","Collector(s): unknown","http://arctos.database.museum/guid/CRCM:Mamm:8444"
4947669990,"CC_BY_NC_4_0","Urocitellus columbianus","PRESERVED_SPECIMEN",-116.868614,46.920119,90,1985,3,25,"US","Idaho","Latah County","Gold Creek Ranch, 1 mi E of Potlach on Hwy. 6","Gold Creek Ranch, 1 mi E of Potlach on Hwy. 6, Latah Co., Idaho","CRCM","Collector(s): unknown","http://arctos.database.museum/guid/CRCM:Mamm:8555"
4947669972,"CC_BY_NC_4_0","Urocitellus columbianus","PRESERVED_SPECIMEN",-118.153286,46.444154,16208,1990,4,15,"US","Washington","Columbia County","12 mi N of Waitsburg","12 mi N of Waitsburg, Columbia Co., Washington","CRCM","Collector(s): unknown","http://arctos.database.museum/guid/CRCM:Mamm:8487"
4947669926,"CC_BY_NC_4_0","Urocitellus columbianus","PRESERVED_SPECIMEN",-118.343021,46.064581,4977,1983,5,9,"US","Washington","Walla Walla County","N Fort Walla Walla City Park, Walla Walla","N Fort Walla Walla City Park, Walla Walla, Walla Walla Co., Washington","CRCM","Collector(s): unknown","http://arctos.database.museum/guid/CRCM:Mamm:25004"
4947669907,"CC_BY_NC_4_0","Urocitellus columbianus","PRESERVED_SPECIMEN",-118.585814,46.020281,3754,1983,3,28,"US","Washington","Walla Walla County","4 km S of Lowden","4 km S of Lowden, Walla Walla Co., Washington","CRCM","Collector(s): unknown","http://arctos.database.museum/guid/CRCM:Mamm:24837"
4947669579,"CC_BY_NC_4_0","Urocitellus columbianus","PRESERVED_SPECIMEN",-118.585814,46.020281,3754,1983,3,22,"US","Washington","Walla Walla County","4 km S of Lowden","4 km S of Lowden, Walla Walla Co., Washington","CRCM","Collector(s): unknown","http://arctos.database.museum/guid/CRCM:Mamm:24853"
4947669450,"CC_BY_NC_4_0","Urocitellus columbianus","PRESERVED_SPECIMEN",-117.345958,46.082045,301,1995,6,27,"US","Washington","Asotin County","Cougar Creek Drainage, Blue Mountains","Cougar Creek Drainage, elev 3150 ft, T7N R44E Sec 19, Blue Mtns., Asotin Co., Washington","CRCM","Collector(s): unknown","http://arctos.database.museum/guid/CRCM:Mamm:8512"
4947669353,"CC_BY_NC_4_0","Urocitellus columbianus","PRESERVED_SPECIMEN",-118.343021,46.064581,4977,1983,5,22,"US","Washington","Walla Walla County","N Fort Walla Walla City Park, Walla Walla","N Fort Walla Walla City Park, Walla Walla, Walla Walla Co., Washington","CRCM","Collector(s): unknown","http://arctos.database.museum/guid/CRCM:Mamm:25047"
4947669345,"CC_BY_NC_4_0","Urocitellus columbianus","PRESERVED_SPECIMEN",-118.343021,46.064581,4977,1983,5,15,"US","Washington","Walla Walla County","N Fort Walla Walla City Park, Walla Walla","N Fort Walla Walla City Park, Walla Walla, Walla Walla Co., Washington","CRCM","Collector(s): unknown","http://arctos.database.museum/guid/CRCM:Mamm:25023"
4947669168,"CC_BY_NC_4_0","Urocitellus columbianus","PRESERVED_SPECIMEN",-118.343021,46.064581,4977,1983,5,7,"US","Washington","Walla Walla County","N Fort Walla Walla City Park, Walla Walla","N Fort Walla Walla City Park, Walla Walla, Walla Walla Co., Washington","CRCM","Collector(s): unknown","http://arctos.database.museum/guid/CRCM:Mamm:24992"
4947669158,"CC_BY_NC_4_0","Urocitellus columbianus","PRESERVED_SPECIMEN",-118.343021,46.064581,4977,1983,4,26,"US","Washington","Walla Walla County","N Fort Walla Walla City Park, Walla Walla","N Fort Walla Walla City Park, Walla Walla, Walla Walla Co., Washington","CRCM","Collector(s): unknown","http://arctos.database.museum/guid/CRCM:Mamm:24900"
4947669140,"CC_BY_NC_4_0","Urocitellus columbianus","PRESERVED_SPECIMEN",-118.343021,46.064581,4977,1983,5,14,"US","Washington","Walla Walla County","N Fort Walla Walla City Park, Walla Walla","N Fort Walla Walla City Park, Walla Walla, Walla Walla Co., Washington","CRCM","Collector(s): unknown","http://arctos.database.museum/guid/CRCM:Mamm:25020"
4947669135,"CC_BY_NC_4_0","Urocitellus columbianus","PRESERVED_SPECIMEN",-117.205811,45.187396,834,1981,7,21,"US","Oregon","Wallowa County","0.4 mi NW Jewett Lake, Wallowa Mtns","0.4 mi NW Jewett Lake, Wallowa Mtns., 8400 ft., Wallowa Co., Oregon","CRCM","Collector(s): unknown","http://arctos.database.museum/guid/CRCM:Mamm:8527"
4947669017,"CC_BY_NC_4_0","Urocitellus columbianus","PRESERVED_SPECIMEN",-117.130235,48.810201,1807,1992,6,16,"US","Washington","Pend Oreille County","Round Top Mountain","Roundtop Mt, T38N R45E Sec 8, 6400 ft, Pend Oreille Co, Washington","CRCM","Collector(s): unknown","http://arctos.database.museum/guid/CRCM:Mamm:5367"
4947668943,"CC_BY_NC_4_0","Urocitellus columbianus","PRESERVED_SPECIMEN",-119.451762,47.205665,98242,1992,7,3,"US","Washington","Grant County","Iron Spring","Iron Spring, T9N R42E Sec 1, Garfield Co., Washington","CRCM","Collector(s): unknown","http://arctos.database.museum/guid/CRCM:Mamm:8475"
4947668941,"CC_BY_NC_4_0","Urocitellus columbianus","PRESERVED_SPECIMEN",-118.343021,46.064581,4977,1983,5,13,"US","Washington","Walla Walla County","N Fort Walla Walla City Park, Walla Walla","N Fort Walla Walla City Park, Walla Walla, Walla Walla Co., Washington","CRCM","Collector(s): unknown","http://arctos.database.museum/guid/CRCM:Mamm:25013"
4947668809,"CC_BY_NC_4_0","Urocitellus columbianus","PRESERVED_SPECIMEN",-116.868614,46.920119,90,1985,3,22,"US","Idaho","Latah County","Gold Creek Ranch, 1 mi E of Potlach on Hwy. 6","Gold Creek Ranch, 1 mi E of Potlach on Hwy. 6, Latah Co., Idaho","CRCM","Collector(s): unknown","http://arctos.database.museum/guid/CRCM:Mamm:8565"
4947668795,"CC_BY_NC_4_0","Urocitellus columbianus","PRESERVED_SPECIMEN",-117.454566,48.275992,16413,1992,6,22,"US","Washington","Pend Oreille County","12 mi E of Chewelah","12 mi E of Chewelah, T32N R42E Sec 14, Pend Oreille Co., Washington","CRCM","Collector(s): unknown","http://arctos.database.museum/guid/CRCM:Mamm:8400"
4947668733,"CC_BY_NC_4_0","Urocitellus columbianus","PRESERVED_SPECIMEN",-117.575762,47.48739,3829,1978,4,29,"US","Washington","Spokane County","5 mi from freeway entrance on Plaza-Cheney Rd","5 mi from freeway entrance on Plaza-Cheney Rd., Spokane Co., Washington","CRCM","Collector(s): unknown","http://arctos.database.museum/guid/CRCM:Mamm:8431"
4947668728,"CC_BY_NC_4_0","Urocitellus columbianus","PRESERVED_SPECIMEN",-118.343021,46.064581,4977,1983,5,9,"US","Washington","Walla Walla County","N Fort Walla Walla City Park, Walla Walla","N Fort Walla Walla City Park, Walla Walla, Walla Walla Co., Washington","CRCM","Collector(s): unknown","http://arctos.database.museum/guid/CRCM:Mamm:24998"
4947668701,"CC_BY_NC_4_0","Urocitellus columbianus","PRESERVED_SPECIMEN",-117.478236,46.135529,3486,1992,7,3,"US","Washington","Grant County","2 mi W of Wickiup Spring","2 mi W of Wickiup Spring, T8N R43E Sec 31, Garfield Co., Washington","CRCM","Collector(s): unknown","http://arctos.database.museum/guid/CRCM:Mamm:8500"
4947668692,"CC_BY_NC_4_0","Urocitellus columbianus","PRESERVED_SPECIMEN",-118.585814,46.020281,3754,1983,4,9,"US","Washington","Walla Walla County","4 km S of Lowden","4 km S of Lowden, Walla Walla Co., Washington","CRCM","Collector(s): unknown","http://arctos.database.museum/guid/CRCM:Mamm:20101"
4947668593,"CC_BY_NC_4_0","Urocitellus columbianus","PRESERVED_SPECIMEN",-118.343021,46.064581,4977,1983,4,26,"US","Washington","Walla Walla County","N Fort Walla Walla City Park, Walla Walla","N Fort Walla Walla City Park, Walla Walla, Walla Walla Co., Washington","CRCM","Collector(s): unknown","http://arctos.database.museum/guid/CRCM:Mamm:24906"
4947668512,"CC_BY_NC_4_0","Urocitellus columbianus","PRESERVED_SPECIMEN",-118.001328,45.500137,301,1979,6,20,"US","Washington","Walla Walla County","West slope of Mount Lewis, Blue Mountains","West slope of Mount Lewis, 4800 ft elev, Blue Mountains, Walla Walla Co., Washington","CRCM","Collector(s): unknown","http://arctos.database.museum/guid/CRCM:Mamm:8385"
4947668438,"CC_BY_NC_4_0","Urocitellus columbianus","PRESERVED_SPECIMEN",-117.179616,46.731274,5639,1978,6,12,"US","Washington","Whitman County","Pullman","Pullman, elev. 2500 ft, Whitman Co., Washington","CRCM","Collector(s): unknown","http://arctos.database.museum/guid/CRCM:Mamm:8437"
4947668405,"CC_BY_NC_4_0","Urocitellus columbianus","PRESERVED_SPECIMEN",-117.179616,46.731274,5639,1978,6,7,"US","Washington","Whitman County","Pullman","Pullman, elev. 2500 ft, Whitman Co., Washington","CRCM","Collector(s): unknown","http://arctos.database.museum/guid/CRCM:Mamm:5147"
4947668287,"CC_BY_NC_4_0","Urocitellus columbianus","PRESERVED_SPECIMEN",-117.415246,45.217724,762,1979,7,11,"US","Oregon","Wallowa County","0.1 mi NE of Swamp Lake, Wallowa Mtns","0.1 mi NE of Swamp Lake, Wallowa Mtns., 7800 ft., Wallowa Co., Oregon","CRCM","Collector(s): unknown","http://arctos.database.museum/guid/CRCM:Mamm:8531"
4947668286,"CC_BY_NC_4_0","Urocitellus columbianus","PRESERVED_SPECIMEN",-117.179616,46.731274,5639,1978,6,12,"US","Washington","Whitman County","Pullman","Pullman, elev. 2500 ft, Whitman Co., Washington","CRCM","Collector(s): unknown","http://arctos.database.museum/guid/CRCM:Mamm:8447"
4947668238,"CC_BY_NC_4_0","Urocitellus columbianus","PRESERVED_SPECIMEN",-117.198496,45.197825,789,1981,7,20,"US","Oregon","Wallowa County","0.6 mi ENE Jewett Lake","0.6 mi ENE Jewett Lake, 7850 ft., Wallowa Co., Oregon","CRCM","Collector(s): unknown; Preparator(s): G. W. Reed","http://arctos.database.museum/guid/CRCM:Mamm:8521"
4947668151,"CC_BY_NC_4_0","Urocitellus columbianus","PRESERVED_SPECIMEN",-118.343021,46.064581,4977,1983,4,28,"US","Washington","Walla Walla County","N Fort Walla Walla City Park, Walla Walla","N Fort Walla Walla City Park, Walla Walla, Walla Walla Co., Washington","CRCM","Collector(s): unknown","http://arctos.database.museum/guid/CRCM:Mamm:24927"
4947668085,"CC_BY_NC_4_0","Urocitellus columbianus","PRESERVED_SPECIMEN",-118.343021,46.064581,4977,1983,4,24,"US","Washington","Walla Walla County","N Fort Walla Walla City Park, Walla Walla","N Fort Walla Walla City Park, Walla Walla, Walla Walla Co., Washington","CRCM","Collector(s): unknown","http://arctos.database.museum/guid/CRCM:Mamm:24871"
4947667806,"CC_BY_NC_4_0","Urocitellus columbianus","PRESERVED_SPECIMEN",-118.343021,46.064581,4977,1983,5,3,"US","Washington","Walla Walla County","N Fort Walla Walla City Park, Walla Walla","N Fort Walla Walla City Park, Walla Walla, Walla Walla Co., Washington","CRCM","Collector(s): unknown","http://arctos.database.museum/guid/CRCM:Mamm:24964"
4947667702,"CC_BY_NC_4_0","Urocitellus columbianus","PRESERVED_SPECIMEN",-118.343021,46.064581,4977,1983,5,3,"US","Washington","Walla Walla County","N Fort Walla Walla City Park, Walla Walla","N Fort Walla Walla City Park, Walla Walla, Walla Walla Co., Washington","CRCM","Collector(s): unknown","http://arctos.database.museum/guid/CRCM:Mamm:24971"
4947667684,"CC_BY_NC_4_0","Urocitellus columbianus","PRESERVED_SPECIMEN",-117.137993,48.4263,1807,1981,6,27,"US","Washington","Pend Oreille County","South Baldy Mt","South Baldy Mt, 5900 ft, Pend Oreille Co, Washington","CRCM","Collector(s): unknown","http://arctos.database.museum/guid/CRCM:Mamm:8410"
4947667257,"CC_BY_NC_4_0","Urocitellus columbianus","PRESERVED_SPECIMEN",-118.343021,46.064581,4977,1983,5,22,"US","Washington","Walla Walla County","N Fort Walla Walla City Park, Walla Walla","N Fort Walla Walla City Park, Walla Walla, Walla Walla Co., Washington","CRCM","Collector(s): unknown","http://arctos.database.museum/guid/CRCM:Mamm:25041"
4947667211,"CC_BY_NC_4_0","Urocitellus columbianus","PRESERVED_SPECIMEN",-118.343021,46.064581,4977,1983,5,17,"US","Washington","Walla Walla County","N Fort Walla Walla City Park, Walla Walla","N Fort Walla Walla City Park, Walla Walla, Walla Walla Co., Washington","CRCM","Collector(s): unknown","http://arctos.database.museum/guid/CRCM:Mamm:25029"
4947666980,"CC_BY_NC_4_0","Urocitellus columbianus","PRESERVED_SPECIMEN",-117.179616,46.731274,5639,1978,6,12,"US","Washington","Whitman County","Pullman","Pullman, elev. 2500 ft, Whitman Co., Washington","CRCM","Collector(s): unknown","http://arctos.database.museum/guid/CRCM:Mamm:6290"
4947666968,"CC_BY_NC_4_0","Urocitellus columbianus","PRESERVED_SPECIMEN",-117.309888,45.900148,301,1983,6,4,"US","Oregon","Wallowa County","Flora","Flora, Oregon","CRCM","Collector(s): unknown","http://arctos.database.museum/guid/CRCM:Mamm:5646"
4947666946,"CC_BY_NC_4_0","Urocitellus columbianus","PRESERVED_SPECIMEN",-118.343021,46.064581,4977,1983,5,16,"US","Washington","Walla Walla County","N Fort Walla Walla City Park, Walla Walla","N Fort Walla Walla City Park, Walla Walla, Walla Walla Co., Washington","CRCM","Collector(s): unknown","http://arctos.database.museum/guid/CRCM:Mamm:25025"
4947666887,"CC_BY_NC_4_0","Urocitellus columbianus","PRESERVED_SPECIMEN",-116.868614,46.920119,90,1985,4,2,"US","Idaho","Latah County","Gold Creek Ranch, 1 mi E of Potlach on Hwy. 6","Gold Creek Ranch, 1 mi E of Potlach on Hwy. 6, Latah Co., Idaho","CRCM","Collector(s): unknown","http://arctos.database.museum/guid/CRCM:Mamm:8586"
4947666635,"CC_BY_NC_4_0","Urocitellus columbianus","PRESERVED_SPECIMEN",-117.436448,46.135537,90,1992,7,7,"US","Washington","Grant County","Wickiup Spring","Wickiup Spring, T8N R43E Sec 33, Garfield Co., Washington","CRCM","Collector(s): unknown","http://arctos.database.museum/guid/CRCM:Mamm:8496"
4947666621,"CC_BY_NC_4_0","Urocitellus columbianus","PRESERVED_SPECIMEN",-118.343021,46.064581,4977,1983,4,28,"US","Washington","Walla Walla County","N Fort Walla Walla City Park, Walla Walla","N Fort Walla Walla City Park, Walla Walla, Walla Walla Co., Washington","CRCM","Collector(s): unknown","http://arctos.database.museum/guid/CRCM:Mamm:24933"
4947666537,"CC_BY_NC_4_0","Urocitellus columbianus","PRESERVED_SPECIMEN",-118.343021,46.064581,4977,1983,5,3,"US","Washington","Walla Walla County","N Fort Walla Walla City Park, Walla Walla","N Fort Walla Walla City Park, Walla Walla, Walla Walla Co., Washington","CRCM","Collector(s): unknown","http://arctos.database.museum/guid/CRCM:Mamm:24965"
4947666404,"CC_BY_NC_4_0","Urocitellus columbianus","PRESERVED_SPECIMEN",-116.868614,46.920119,90,1985,3,21,"US","Idaho","Latah County","Gold Creek Ranch, 1 mi E of Potlach on Hwy. 6","Gold Creek Ranch, 1 mi E of Potlach on Hwy. 6, Latah Co., Idaho","CRCM","Collector(s): unknown","http://arctos.database.museum/guid/CRCM:Mamm:8564"
4947666354,"CC_BY_NC_4_0","Urocitellus columbianus","PRESERVED_SPECIMEN",-116.868614,46.920119,90,1985,4,1,"US","Idaho","Latah County","Gold Creek Ranch, 1 mi E of Potlach on Hwy. 6","Gold Creek Ranch, 1 mi E of Potlach on Hwy. 6, Latah Co., Idaho","CRCM","Collector(s): unknown","http://arctos.database.museum/guid/CRCM:Mamm:8580"
4947666308,"CC_BY_NC_4_0","Urocitellus columbianus","PRESERVED_SPECIMEN",-116.868614,46.920119,90,1985,4,3,"US","Idaho","Latah County","Gold Creek Ranch, 1 mi E of Potlach on Hwy. 6","Gold Creek Ranch, 1 mi E of Potlach on Hwy. 6, Latah Co., Idaho","CRCM","Collector(s): unknown","http://arctos.database.museum/guid/CRCM:Mamm:8596"
4947666275,"CC_BY_NC_4_0","Urocitellus columbianus","PRESERVED_SPECIMEN",-118.343021,46.064581,4977,1983,5,29,"US","Washington","Walla Walla County","N Fort Walla Walla City Park, Walla Walla","N Fort Walla Walla City Park, Walla Walla, Walla Walla Co., Washington","CRCM","Collector(s): unknown","http://arctos.database.museum/guid/CRCM:Mamm:25056"
4947666139,"CC_BY_NC_4_0","Urocitellus columbianus","PRESERVED_SPECIMEN",-118.585814,46.020281,3754,1983,3,20,"US","Washington","Walla Walla County","4 km S of Lowden","4 km S of Lowden, Walla Walla Co., Washington","CRCM","Collector(s): unknown","http://arctos.database.museum/guid/CRCM:Mamm:24849"
4947665933,"CC_BY_NC_4_0","Urocitellus columbianus","PRESERVED_SPECIMEN",-118.343021,46.064581,4977,1983,5,4,"US","Washington","Walla Walla County","N Fort Walla Walla City Park, Walla Walla","N Fort Walla Walla City Park, Walla Walla, Walla Walla Co., Washington","CRCM","Collector(s): unknown","http://arctos.database.museum/guid/CRCM:Mamm:24986"
4947665887,"CC_BY_NC_4_0","Urocitellus columbianus","PRESERVED_SPECIMEN",-117.179616,46.731274,5639,1978,6,26,"US","Washington","Whitman County","Pullman","Pullman, elev. 2500 ft, Whitman Co., Washington","CRCM","Collector(s): unknown","http://arctos.database.museum/guid/CRCM:Mamm:8443"
4947665765,"CC_BY_NC_4_0","Urocitellus columbianus","PRESERVED_SPECIMEN",-118.585814,46.020281,3754,1983,3,23,"US","Washington","Walla Walla County","4 km S of Lowden","4 km S of Lowden, Walla Walla Co., Washington","CRCM","Collector(s): unknown","http://arctos.database.museum/guid/CRCM:Mamm:24838"
4947665420,"CC_BY_NC_4_0","Urocitellus columbianus","PRESERVED_SPECIMEN",-118.343021,46.064581,4977,1983,4,30,"US","Washington","Walla Walla County","N Fort Walla Walla City Park, Walla Walla","N Fort Walla Walla City Park, Walla Walla, Walla Walla Co., Washington","CRCM","Collector(s): unknown","http://arctos.database.museum/guid/CRCM:Mamm:24949"
4947665203,"CC_BY_NC_4_0","Urocitellus columbianus","PRESERVED_SPECIMEN",-117.148986,48.921913,301,1981,7,12,"US","Washington","Pend Oreille County","Leola Creek Basin","Leola Creek Basin, 5800 ft, Pend Oreille Co, Washington","CRCM","Collector(s): unknown","http://arctos.database.museum/guid/CRCM:Mamm:8416"
4947665152,"CC_BY_NC_4_0","Urocitellus columbianus","PRESERVED_SPECIMEN",-117.179616,46.731274,5639,1978,6,12,"US","Washington","Whitman County","Pullman","Pullman, elev. 2500 ft, Whitman Co., Washington","CRCM","Collector(s): unknown","http://arctos.database.museum/guid/CRCM:Mamm:8375"
4947664995,"CC_BY_NC_4_0","Urocitellus columbianus","PRESERVED_SPECIMEN",-118.343021,46.064581,4977,1983,5,14,"US","Washington","Walla Walla County","N Fort Walla Walla City Park, Walla Walla","N Fort Walla Walla City Park, Walla Walla, Walla Walla Co., Washington","CRCM","Collector(s): unknown","http://arctos.database.museum/guid/CRCM:Mamm:25019"
4947664898,"CC_BY_NC_4_0","Urocitellus columbianus","PRESERVED_SPECIMEN",-118.343021,46.064581,4977,1983,5,22,"US","Washington","Walla Walla County","N Fort Walla Walla City Park, Walla Walla","N Fort Walla Walla City Park, Walla Walla, Walla Walla Co., Washington","CRCM","Collector(s): unknown","http://arctos.database.museum/guid/CRCM:Mamm:25051"
4947664870,"CC_BY_NC_4_0","Urocitellus columbianus","PRESERVED_SPECIMEN",-112.747251,45.751037,301,1978,7,6,"US","Montana","Silver Bow County","Line Gulch, Divide","Lime Gultch, Divide, Silver Bow Co., Montana","CRCM","Collector(s): unknown","http://arctos.database.museum/guid/CRCM:Mamm:5830"
4947664842,"CC_BY_NC_4_0","Urocitellus columbianus","PRESERVED_SPECIMEN",-117.190176,46.731274,6063,1973,3,24,"US","Washington","Whitman County","0.5 mi W Pullman","0.5 mi W Pullman, Whitman Co., Washington","CRCM","Collector(s): unknown","http://arctos.database.museum/guid/CRCM:Mamm:8391"
4947664829,"CC_BY_NC_4_0","Urocitellus columbianus","PRESERVED_SPECIMEN",-118.958756,48.772013,3711,1995,7,6,"US","Washington","Okanogan County","3.2 mi N, 2.5 mi E of Wauconda","3.2 mi N, 2.5 mi E of Wauconda, 3550 ft, T38N R30E S24, Okanogan Co., Washington","CRCM","Collector(s): unknown","http://arctos.database.museum/guid/CRCM:Mamm:8348"
4947664787,"CC_BY_NC_4_0","Urocitellus columbianus","PRESERVED_SPECIMEN",-118.585814,46.020281,3754,1983,4,14,"US","Washington","Walla Walla County","4 km S of Lowden","4 km S of Lowden, Walla Walla Co., Washington","CRCM","Collector(s): unknown","http://arctos.database.museum/guid/CRCM:Mamm:24865"
4947664773,"CC_BY_NC_4_0","Urocitellus columbianus","PRESERVED_SPECIMEN",-117.454566,48.275992,16413,1992,6,21,"US","Washington","Pend Oreille County","12 mi E of Chewelah","12 mi E of Chewelah, T32N R42E Sec 11, Pend Oreille Co., Washington","CRCM","Collector(s): unknown","http://arctos.database.museum/guid/CRCM:Mamm:6315"
4947664754,"CC_BY_NC_4_0","Urocitellus columbianus","PRESERVED_SPECIMEN",-117.270805,46.928988,3318,1980,7,19,"US","Washington","Whitman County","1 mi upstream from Albion, S. Fork Palouse River","1 mi upstream from Albion, S. Fork Palouse River, Whitman Co., Washington","CRCM","Collector(s): unknown","http://arctos.database.museum/guid/CRCM:Mamm:8432"
4947664613,"CC_BY_NC_4_0","Urocitellus columbianus","PRESERVED_SPECIMEN",-118.343021,46.064581,4977,1983,5,21,"US","Washington","Walla Walla County","N Fort Walla Walla City Park, Walla Walla","N Fort Walla Walla City Park, Walla Walla, Walla Walla Co., Washington","CRCM","Collector(s): unknown","http://arctos.database.museum/guid/CRCM:Mamm:25035"
4947664542,"CC_BY_NC_4_0","Urocitellus columbianus","PRESERVED_SPECIMEN",-118.477514,48.596559,1807,1992,6,23,"US","Washington","Ferry County","SE side Sherman Peak","SE side Sherman Peak, T36N 34E S25, 6900 ft, Ferry Co, Washington","CRCM","Collector(s): unknown","http://arctos.database.museum/guid/CRCM:Mamm:8373"
4947664520,"CC_BY_NC_4_0","Urocitellus columbianus","PRESERVED_SPECIMEN",-117.179616,46.731274,5639,1978,7,11,"US","Washington","Whitman County","Pullman","Pullman, elev. 2500 ft, Whitman Co., Washington","CRCM","Collector(s): unknown","http://arctos.database.museum/guid/CRCM:Mamm:8463"
4947664312,"CC_BY_NC_4_0","Urocitellus columbianus","PRESERVED_SPECIMEN",-118.477514,48.596559,1807,1981,6,12,"US","Washington","Ferry County","W side Sherman Peak","W side Sherman Peak, 6300 ft, T36N R34E S24, Ferry Co, Washington","CRCM","Collector(s): G. W. Reed","http://arctos.database.museum/guid/CRCM:Mamm:5289"
4947664293,"CC_BY_NC_4_0","Urocitellus columbianus","PRESERVED_SPECIMEN",-119.973134,48.658726,1054,1995,7,7,"US","Washington","Okanogan County","0.2 mi W, 0.6 mi N of Roger Lake","0.2 mi W, 0.6 mi N of Roger Lake, 6400 ft, T37N R23E S32, Okanogan Co., Washington","CRCM","Collector(s): unknown","http://arctos.database.museum/guid/CRCM:Mamm:8370"
4947664246,"CC_BY_NC_4_0","Urocitellus columbianus","PRESERVED_SPECIMEN",-118.343021,46.064581,4977,1983,4,27,"US","Washington","Walla Walla County","N Fort Walla Walla City Park, Walla Walla","N Fort Walla Walla City Park, Walla Walla, Walla Walla Co., Washington","CRCM","Collector(s): unknown","http://arctos.database.museum/guid/CRCM:Mamm:24922"
4947664172,"CC_BY_NC_4_0","Urocitellus columbianus","PRESERVED_SPECIMEN",-118.343021,46.064581,4977,1983,5,3,"US","Washington","Walla Walla County","N Fort Walla Walla City Park, Walla Walla","N Fort Walla Walla City Park, Walla Walla, Walla Walla Co., Washington","CRCM","Collector(s): unknown","http://arctos.database.museum/guid/CRCM:Mamm:24973"
4947664010,"CC_BY_NC_4_0","Urocitellus columbianus","PRESERVED_SPECIMEN",-118.343021,46.064581,4977,1983,4,25,"US","Washington","Walla Walla County","N Fort Walla Walla City Park, Walla Walla","N Fort Walla Walla City Park, Walla Walla, Walla Walla Co., Washington","CRCM","Collector(s): unknown","http://arctos.database.museum/guid/CRCM:Mamm:20163"
4947663763,"CC_BY_NC_4_0","Urocitellus columbianus","PRESERVED_SPECIMEN",-119.30802,44.315149,301,1979,6,19,"US","Oregon","Grant County","meadow SW of junction of U.S. forest service roads 1542 and 1409c, Aldrich Mountains","meadow SW of junction of U.S. forest service roads 1542 and 1409c, Aldrich Mountains, 4850 ft., Grant Co., Oregon","CRCM","Collector(s): unknown","http://arctos.database.museum/guid/CRCM:Mamm:8539"
4947663698,"CC_BY_NC_4_0","Urocitellus columbianus","PRESERVED_SPECIMEN",-118.343021,46.064581,4977,1983,5,17,"US","Washington","Walla Walla County","N Fort Walla Walla City Park, Walla Walla","N Fort Walla Walla City Park, Walla Walla, Walla Walla Co., Washington","CRCM","Collector(s): unknown","http://arctos.database.museum/guid/CRCM:Mamm:25028"
4947663536,"CC_BY_NC_4_0","Urocitellus columbianus","PRESERVED_SPECIMEN",-118.343021,46.064581,4977,1983,4,29,"US","Washington","Walla Walla County","N Fort Walla Walla City Park, Walla Walla","N Fort Walla Walla City Park, Walla Walla, Walla Walla Co., Washington","CRCM","Collector(s): unknown","http://arctos.database.museum/guid/CRCM:Mamm:24942"
4947663515,"CC_BY_NC_4_0","Urocitellus columbianus","PRESERVED_SPECIMEN",-118.343021,46.064581,4977,1983,5,29,"US","Washington","Walla Walla County","N Fort Walla Walla City Park, Walla Walla","N Fort Walla Walla City Park, Walla Walla, Walla Walla Co., Washington","CRCM","Collector(s): unknown","http://arctos.database.museum/guid/CRCM:Mamm:25048"
4947663508,"CC_BY_NC_4_0","Urocitellus columbianus","PRESERVED_SPECIMEN",-118.343021,46.064581,4977,1983,4,21,"US","Washington","Walla Walla County","N Fort Walla Walla City Park, Walla Walla","N Fort Walla Walla City Park, Walla Walla, Walla Walla Co., Washington","CRCM","Collector(s): unknown","http://arctos.database.museum/guid/CRCM:Mamm:24886"
4947663494,"CC_BY_NC_4_0","Urocitellus columbianus","PRESERVED_SPECIMEN",-118.585814,46.020281,3754,1983,4,11,"US","Washington","Walla Walla County","4 km S of Lowden","4 km S of Lowden, Walla Walla Co., Washington","CRCM","Collector(s): unknown","http://arctos.database.museum/guid/CRCM:Mamm:24860"
4947663370,"CC_BY_NC_4_0","Urocitellus columbianus","PRESERVED_SPECIMEN",-117.179616,46.731274,5639,1978,6,12,"US","Washington","Whitman County","Pullman","Pullman, elev. 2500 ft, Whitman Co., Washington","CRCM","Collector(s): unknown","http://arctos.database.museum/guid/CRCM:Mamm:8438"
4947663205,"CC_BY_NC_4_0","Urocitellus columbianus","PRESERVED_SPECIMEN",-116.868614,46.920119,90,1985,3,22,"US","Idaho","Latah County","Gold Creek Ranch, 1 mi E of Potlach on Hwy. 6","Gold Creek Ranch, 1 mi E of Potlach on Hwy. 6, Latah Co., Idaho","CRCM","Collector(s): unknown","http://arctos.database.museum/guid/CRCM:Mamm:8570"
4947663071,"CC_BY_NC_4_0","Urocitellus columbianus","PRESERVED_SPECIMEN",-116.868614,46.920119,90,1985,3,22,"US","Idaho","Latah County","Gold Creek Ranch, 1 mi E of Potlach on Hwy. 6","Gold Creek Ranch, 1 mi E of Potlach on Hwy. 6, Latah Co., Idaho","CRCM","Collector(s): unknown","http://arctos.database.museum/guid/CRCM:Mamm:8573"
4947663013,"CC_BY_NC_4_0","Urocitellus columbianus","PRESERVED_SPECIMEN",-117.179616,46.731274,5639,1978,6,12,"US","Washington","Whitman County","Pullman","Pullman, elev. 2500 ft, Whitman Co., Washington","CRCM","Collector(s): unknown","http://arctos.database.museum/guid/CRCM:Mamm:8350"
NA,NA,NA,NA,NA,NA,NA,NA,NA,NA,NA,NA,NA,NA,NA,NA,NA,NA
4947662946,"CC_BY_NC_4_0","Urocitellus columbianus","PRESERVED_SPECIMEN",-118.343021,46.064581,4977,1983,5,13,"US","Washington","Walla Walla County","N Fort Walla Walla City Park, Walla Walla","N Fort Walla Walla City Park, Walla Walla, Walla Walla Co., Washington","CRCM","Collector(s): unknown","http://arctos.database.museum/guid/CRCM:Mamm:25014"
4947662937,"CC_BY_NC_4_0","Urocitellus columbianus","PRESERVED_SPECIMEN",-118.343021,46.064581,4977,1983,5,13,"US","Washington","Walla Walla County","N Fort Walla Walla City Park, Walla Walla","N Fort Walla Walla City Park, Walla Walla, Walla Walla Co., Washington","CRCM","Collector(s): unknown","http://arctos.database.museum/guid/CRCM:Mamm:24883"
4947662881,"CC_BY_NC_4_0","Urocitellus columbianus","PRESERVED_SPECIMEN",-118.343021,46.064581,4977,1983,5,14,"US","Washington","Walla Walla County","N Fort Walla Walla City Park, Walla Walla","N Fort Walla Walla City Park, Walla Walla, Walla Walla Co., Washington","CRCM","Collector(s): unknown","http://arctos.database.museum/guid/CRCM:Mamm:25017"
4947662784,"CC_BY_NC_4_0","Urocitellus columbianus","PRESERVED_SPECIMEN",-117.209887,45.194501,587,1981,7,20,"US","Oregon","Wallowa County","SE side Jewett Lake","SE side Jewett Lake, Wallowa Mtns., 8350 ft., Wallowa Co., Oregon","CRCM","Collector(s): unknown","http://arctos.database.museum/guid/CRCM:Mamm:8530"
4947662764,"CC_BY_NC_4_0","Urocitellus columbianus","PRESERVED_SPECIMEN",-118.343021,46.064581,4977,1983,4,28,"US","Washington","Walla Walla County","N Fort Walla Walla City Park, Walla Walla","N Fort Walla Walla City Park, Walla Walla, Walla Walla Co., Washington","CRCM","Collector(s): unknown","http://arctos.database.museum/guid/CRCM:Mamm:24928"
4947662762,"CC_BY_NC_4_0","Urocitellus columbianus","PRESERVED_SPECIMEN",-117.144341,48.871066,210,1981,7,12,"US","Washington","Pend Oreille County","Gypsy Creek Basin","Gypsy Creek Basin, 5300 ft, Pend Oreille Co., Washington","CRCM","Collector(s): unknown","http://arctos.database.museum/guid/CRCM:Mamm:8418"
4947662730,"CC_BY_NC_4_0","Urocitellus columbianus","PRESERVED_SPECIMEN",-117.179616,46.731274,5639,1978,6,16,"US","Washington","Whitman County","Pullman","Pullman, elev. 2500 ft, Whitman Co., Washington","CRCM","Collector(s): unknown","http://arctos.database.museum/guid/CRCM:Mamm:5463"
4947662559,"CC_BY_NC_4_0","Urocitellus columbianus","PRESERVED_SPECIMEN",-118.585814,46.020281,3754,1983,3,22,"US","Washington","Walla Walla County","4 km S of Lowden","4 km S of Lowden, Walla Walla Co., Washington","CRCM","Collector(s): unknown","http://arctos.database.museum/guid/CRCM:Mamm:24843"
4947662394,"CC_BY_NC_4_0","Urocitellus columbianus","PRESERVED_SPECIMEN",-118.585814,46.020281,3754,1983,4,14,"US","Washington","Walla Walla County","4 km S of Lowden","4 km S of Lowden, Walla Walla Co., Washington","CRCM","Collector(s): unknown","http://arctos.database.museum/guid/CRCM:Mamm:24863"
4947662275,"CC_BY_NC_4_0","Urocitellus columbianus","PRESERVED_SPECIMEN",-117.179616,46.731274,5639,1978,6,15,"US","Washington","Whitman County","Pullman","Pullman, elev. 2500 ft, Whitman Co., Washington","CRCM","Collector(s): unknown","http://arctos.database.museum/guid/CRCM:Mamm:8452"
4947662212,"CC_BY_NC_4_0","Urocitellus columbianus","PRESERVED_SPECIMEN",-117.060103,46.738423,2069,1977,5,14,"US","Washington","Whitman County","1.7 mi E, 1.3 mi N of Sunshine","1.7 mi E, 1.3 mi N of Sunshine, elev. 2540 ft, Whitman Co., Washington","CRCM","Collector(s): unknown","http://arctos.database.museum/guid/CRCM:Mamm:8471"
4947662198,"CC_BY_NC_4_0","Urocitellus columbianus","PRESERVED_SPECIMEN",-118.585814,46.020281,3754,1983,3,28,"US","Washington","Walla Walla County","4 km S of Lowden","4 km S of Lowden, Walla Walla Co., Washington","CRCM","Collector(s): unknown","http://arctos.database.museum/guid/CRCM:Mamm:24840"
4947662175,"CC_BY_NC_4_0","Urocitellus columbianus","PRESERVED_SPECIMEN",-118.585814,46.020281,3754,1983,3,28,"US","Washington","Walla Walla County","4 km S of Lowden","4 km S of Lowden, Walla Walla Co., Washington","CRCM","Collector(s): unknown","http://arctos.database.museum/guid/CRCM:Mamm:24846"
4947662140,"CC_BY_NC_4_0","Urocitellus columbianus","PRESERVED_SPECIMEN",-117.200518,48.891314,301,1992,6,17,"US","Washington","Pend Oreille County","Crowell Ridge Trail","Crowell Ridge Trail, T40N R45E Sec 31, Pend Oreille Co., Washington","CRCM","Collector(s): unknown","http://arctos.database.museum/guid/CRCM:Mamm:8381"
4947662022,"CC_BY_NC_4_0","Urocitellus columbianus","PRESERVED_SPECIMEN",-116.868614,46.920119,90,1985,4,4,"US","Idaho","Latah County","Gold Creek Ranch, 1 mi E of Potlach on Hwy. 6","Gold Creek Ranch, 1 mi E of Potlach on Hwy. 6, Latah Co., Idaho","CRCM","Collector(s): unknown","http://arctos.database.museum/guid/CRCM:Mamm:8606"
4947662019,"CC_BY_NC_4_0","Urocitellus columbianus","PRESERVED_SPECIMEN",-118.343021,46.064581,4977,1983,5,22,"US","Washington","Walla Walla County","N Fort Walla Walla City Park, Walla Walla","N Fort Walla Walla City Park, Walla Walla, Walla Walla Co., Washington","CRCM","Collector(s): unknown","http://arctos.database.museum/guid/CRCM:Mamm:25050"
4947661931,"CC_BY_NC_4_0","Urocitellus columbianus","PRESERVED_SPECIMEN",-116.868614,46.920119,90,1985,4,5,"US","Idaho","Latah County","Gold Creek Ranch, 1 mi E of Potlach on Hwy. 6","Gold Creek Ranch, 1 mi E of Potlach on Hwy. 6, Latah Co., Idaho","CRCM","Collector(s): unknown","http://arctos.database.museum/guid/CRCM:Mamm:8609"
4947661920,"CC_BY_NC_4_0","Urocitellus columbianus","PRESERVED_SPECIMEN",-117.060103,46.738423,2069,1977,5,14,"US","Washington","Whitman County","1.7 mi E, 1.3 mi N of Sunshine","1.7 mi E, 1.3 mi N of Sunshine, elev. 2540 ft, Whitman Co., Washington","CRCM","Collector(s): unknown","http://arctos.database.museum/guid/CRCM:Mamm:8474"
4947661874,"CC_BY_NC_4_0","Urocitellus columbianus","PRESERVED_SPECIMEN",-117.273998,48.532318,66268,1994,6,23,"US","Washington","Pend Oreille County","No specific locality recorded.","RUB Bar 18, T35N, R43E, S 1/2, SW 1/4 of sec. 7, T35N, R43E, N 1/2, NW 1/4, sec. 8, Pend Oreille Co., Washington","CRCM","Collector(s): unknown","http://arctos.database.museum/guid/CRCM:Mamm:22977"
4947661776,"CC_BY_NC_4_0","Urocitellus columbianus","PRESERVED_SPECIMEN",-116.868614,46.920119,90,1985,4,5,"US","Idaho","Latah County","Gold Creek Ranch, 1 mi E of Potlach on Hwy. 6","Gold Creek Ranch, 1 mi E of Potlach on Hwy. 6, Latah Co., Idaho","CRCM","Collector(s): unknown","http://arctos.database.museum/guid/CRCM:Mamm:8542"
4947661683,"CC_BY_NC_4_0","Urocitellus columbianus","PRESERVED_SPECIMEN",-117.237953,46.81822,1807,1981,7,1,"US","Washington","Whitman County","Smoot Hill Biological Preserve","Smoot Hill Biological Preserve, Whitman Co., Washington","CRCM","Collector(s): unknown","http://arctos.database.museum/guid/CRCM:Mamm:8407"
4947661603,"CC_BY_NC_4_0","Urocitellus columbianus","PRESERVED_SPECIMEN",-116.711724,46.816168,46659,1975,11,NA,"US","Idaho","Latah County","No specific locality recorded.","sec. 12, T39N, R5W, Latah Co., Idaho","CRCM","Collector(s): unknown","http://arctos.database.museum/guid/CRCM:Mamm:8393"
4947661590,"CC_BY_NC_4_0","Urocitellus columbianus","PRESERVED_SPECIMEN",-117.454566,48.275992,16413,1992,6,21,"US","Washington","Pend Oreille County","12 mi E of Chewelah","12 mi E of Chewelah, T32N R42E Sec 11, Pend Oreille Co., Washington","CRCM","Collector(s): unknown","http://arctos.database.museum/guid/CRCM:Mamm:8384"
4947661488,"CC_BY_NC_4_0","Urocitellus columbianus","PRESERVED_SPECIMEN",-118.343021,46.064581,4977,1983,4,29,"US","Washington","Walla Walla County","N Fort Walla Walla City Park, Walla Walla","N Fort Walla Walla City Park, Walla Walla, Walla Walla Co., Washington","CRCM","Collector(s): unknown","http://arctos.database.museum/guid/CRCM:Mamm:24939"
4947661384,"CC_BY_NC_4_0","Urocitellus columbianus","PRESERVED_SPECIMEN",-117.200518,48.891314,301,1992,6,17,"US","Washington","Pend Oreille County","Crowell Ridge Trail","Crowell Ridge Trail, T39N R44E Sec 1, Pend Oreille Co, Washington","CRCM","Collector(s): unknown","http://arctos.database.museum/guid/CRCM:Mamm:5424"
4947661273,"CC_BY_NC_4_0","Urocitellus columbianus","PRESERVED_SPECIMEN",-118.343021,46.064581,4977,1983,5,9,"US","Washington","Walla Walla County","N Fort Walla Walla City Park, Walla Walla","N Fort Walla Walla City Park, Walla Walla, Walla Walla Co., Washington","CRCM","Collector(s): unknown","http://arctos.database.museum/guid/CRCM:Mamm:24996"
4947661213,"CC_BY_NC_4_0","Urocitellus columbianus","PRESERVED_SPECIMEN",-118.343021,46.064581,4977,1983,4,21,"US","Washington","Walla Walla County","N Fort Walla Walla City Park, Walla Walla","N Fort Walla Walla City Park, Walla Walla, Walla Walla Co., Washington","CRCM","Collector(s): unknown","http://arctos.database.museum/guid/CRCM:Mamm:24872"
4947661199,"CC_BY_NC_4_0","Urocitellus columbianus","PRESERVED_SPECIMEN",-118.343021,46.064581,4977,1983,5,21,"US","Washington","Walla Walla County","N Fort Walla Walla City Park, Walla Walla","N Fort Walla Walla City Park, Walla Walla, Walla Walla Co., Washington","CRCM","Collector(s): unknown","http://arctos.database.museum/guid/CRCM:Mamm:25036"
4947661176,"CC_BY_NC_4_0","Urocitellus columbianus","PRESERVED_SPECIMEN",-118.343021,46.064581,4977,1983,4,30,"US","Washington","Walla Walla County","N Fort Walla Walla City Park, Walla Walla","N Fort Walla Walla City Park, Walla Walla, Walla Walla Co., Washington","CRCM","Collector(s): unknown","http://arctos.database.museum/guid/CRCM:Mamm:24950"
4947661094,"CC_BY_NC_4_0","Urocitellus columbianus","PRESERVED_SPECIMEN",-117.179616,46.731274,5639,1978,6,13,"US","Washington","Whitman County","Pullman","Pullman, elev. 2500 ft, Whitman Co., Washington","CRCM","Collector(s): unknown","http://arctos.database.museum/guid/CRCM:Mamm:8449"
4947661011,"CC_BY_NC_4_0","Urocitellus columbianus","PRESERVED_SPECIMEN",-117.273998,48.532318,66268,1994,6,19,"US","Washington","Pend Oreille County","No specific locality recorded.","Rub Reg 3, T35N, R42E, sec. 3, Pend Oreille Co., Washington","CRCM","Collector(s): unknown","http://arctos.database.museum/guid/CRCM:Mamm:20847"
4947660973,"CC_BY_NC_4_0","Urocitellus columbianus","PRESERVED_SPECIMEN",-116.868614,46.920119,90,1985,4,3,"US","Idaho","Latah County","Gold Creek Ranch, 1 mi E of Potlach on Hwy. 6","Gold Creek Ranch, 1 mi E of Potlach on Hwy. 6, Latah Co., Idaho","CRCM","Collector(s): unknown","http://arctos.database.museum/guid/CRCM:Mamm:8592"
4947660702,"CC_BY_NC_4_0","Urocitellus columbianus","PRESERVED_SPECIMEN",-117.179616,46.731274,5639,1978,6,26,"US","Washington","Whitman County","Pullman","Pullman, elev. 2500 ft, Whitman Co., Washington","CRCM","Collector(s): unknown","http://arctos.database.museum/guid/CRCM:Mamm:8409"
4947660523,"CC_BY_NC_4_0","Urocitellus columbianus","PRESERVED_SPECIMEN",-117.200518,48.891314,301,1992,6,17,"US","Washington","Pend Oreille County","Crowell Ridge","Crowell Ridge, T39N R44E Sec 12, Pend Oreille Co, Washington","CRCM","Collector(s): unknown","http://arctos.database.museum/guid/CRCM:Mamm:8420"
4947660376,"CC_BY_NC_4_0","Urocitellus columbianus","PRESERVED_SPECIMEN",-117.179616,46.731274,5639,1978,7,6,"US","Washington","Whitman County","Pullman","Pullman, elev. 2500 ft, Whitman Co., Washington","CRCM","Collector(s): unknown","http://arctos.database.museum/guid/CRCM:Mamm:8460"
4947660357,"CC_BY_NC_4_0","Urocitellus columbianus","PRESERVED_SPECIMEN",-117.273998,48.532318,66268,1994,6,23,"US","Washington","Pend Oreille County","No specific locality recorded.","Rub Reg 3, T35N, R42E, sec. 3, Pend Oreille Co., Washington","CRCM","Collector(s): unknown","http://arctos.database.museum/guid/CRCM:Mamm:22980"
4947660251,"CC_BY_NC_4_0","Urocitellus columbianus","PRESERVED_SPECIMEN",-118.343021,46.064581,4977,1983,5,26,"US","Washington","Walla Walla County","N Fort Walla Walla City Park, Walla Walla","N Fort Walla Walla City Park, Walla Walla, Walla Walla Co., Washington","CRCM","Collector(s): unknown","http://arctos.database.museum/guid/CRCM:Mamm:25039"
4947660145,"CC_BY_NC_4_0","Urocitellus columbianus","PRESERVED_SPECIMEN",-118.343021,46.064581,4977,1983,4,30,"US","Washington","Walla Walla County","N Fort Walla Walla City Park, Walla Walla","N Fort Walla Walla City Park, Walla Walla, Walla Walla Co., Washington","CRCM","Collector(s): unknown","http://arctos.database.museum/guid/CRCM:Mamm:24953"
4947660115,"CC_BY_NC_4_0","Urocitellus columbianus","PRESERVED_SPECIMEN",-118.343021,46.064581,4977,1983,5,7,"US","Washington","Walla Walla County","N Fort Walla Walla City Park, Walla Walla","N Fort Walla Walla City Park, Walla Walla, Walla Walla Co., Washington","CRCM","Collector(s): unknown","http://arctos.database.museum/guid/CRCM:Mamm:24993"
4947660096,"CC_BY_NC_4_0","Urocitellus columbianus","PRESERVED_SPECIMEN",-118.343021,46.064581,4977,1983,5,2,"US","Washington","Walla Walla County","N Fort Walla Walla City Park, Walla Walla","N Fort Walla Walla City Park, Walla Walla, Walla Walla Co., Washington","CRCM","Collector(s): unknown","http://arctos.database.museum/guid/CRCM:Mamm:24961"
4947659962,"CC_BY_NC_4_0","Urocitellus columbianus","PRESERVED_SPECIMEN",-118.343021,46.064581,4977,1983,5,4,"US","Washington","Walla Walla County","N Fort Walla Walla City Park, Walla Walla","N Fort Walla Walla City Park, Walla Walla, Walla Walla Co., Washington","CRCM","Collector(s): unknown","http://arctos.database.museum/guid/CRCM:Mamm:24985"
4947659923,"CC_BY_NC_4_0","Urocitellus columbianus","PRESERVED_SPECIMEN",-117.270805,46.928988,3318,1980,7,NA,"US","Washington","Whitman County","1 mi upstream from Albion, S. Fork Palouse River","1 mi upstream from Albion, S. Fork Palouse River, Whitman Co., Washington","CRCM","Collector(s): unknown","http://arctos.database.museum/guid/CRCM:Mamm:8441"
4947659863,"CC_BY_NC_4_0","Urocitellus columbianus","PRESERVED_SPECIMEN",-118.585814,46.020281,3754,1983,3,22,"US","Washington","Walla Walla County","4 km S of Lowden","4 km S of Lowden, Walla Walla Co., Washington","CRCM","Collector(s): unknown","http://arctos.database.museum/guid/CRCM:Mamm:24851"
4947659840,"CC_BY_NC_4_0","Urocitellus columbianus","PRESERVED_SPECIMEN",-118.343021,46.064581,4977,1983,4,26,"US","Washington","Walla Walla County","N Fort Walla Walla City Park, Walla Walla","N Fort Walla Walla City Park, Walla Walla, Walla Walla Co., Washington","CRCM","Collector(s): unknown","http://arctos.database.museum/guid/CRCM:Mamm:24909"
4947659773,"CC_BY_NC_4_0","Urocitellus columbianus","PRESERVED_SPECIMEN",-117.502458,48.43685,1807,1995,7,4,"US","Washington","Stevens County","Calispell Peak, Selkirk Mtns","Calispell Peak at 6700 ft, Selkirk Mtns, T34N R42E Sec 21, Stevens Co., Washington","CRCM","Collector(s): unknown","http://arctos.database.museum/guid/CRCM:Mamm:8351"
4947659492,"CC_BY_NC_4_0","Urocitellus columbianus","PRESERVED_SPECIMEN",-117.273998,48.532318,66268,1994,6,19,"US","Washington","Pend Oreille County","No specific locality recorded.","Rub Reg 3, T35N, R42E, sec. 3, Pend Oreille Co., Washington","CRCM","Collector(s): unknown","http://arctos.database.museum/guid/CRCM:Mamm:22988"
4947659409,"CC_BY_NC_4_0","Urocitellus columbianus","PRESERVED_SPECIMEN",-118.343021,46.064581,4977,1983,5,14,"US","Washington","Walla Walla County","N Fort Walla Walla City Park, Walla Walla","N Fort Walla Walla City Park, Walla Walla, Walla Walla Co., Washington","CRCM","Collector(s): unknown","http://arctos.database.museum/guid/CRCM:Mamm:25016"
4947659240,"CC_BY_NC_4_0","Urocitellus columbianus","PRESERVED_SPECIMEN",-117.273998,48.532318,66268,1994,6,23,"US","Washington","Pend Oreille County","No specific locality recorded.","Rub Reg 3, T35N, R42E, sec. 3, Pend Oreille Co., Washington","CRCM","Collector(s): unknown","http://arctos.database.museum/guid/CRCM:Mamm:22978"
4947659221,"CC_BY_NC_4_0","Urocitellus columbianus","PRESERVED_SPECIMEN",-116.868614,46.920119,90,1985,4,4,"US","Idaho","Latah County","Gold Creek Ranch, 1 mi E of Potlach on Hwy. 6","Gold Creek Ranch, 1 mi E of Potlach on Hwy. 6, Latah Co., Idaho","CRCM","Collector(s): unknown","http://arctos.database.museum/guid/CRCM:Mamm:8607"
4947659210,"CC_BY_NC_4_0","Urocitellus columbianus","PRESERVED_SPECIMEN",-118.603228,48.881317,3062,1995,7,5,"US","Washington","Ferry County","3.5 mi W, 1.3 mi N of Sherman Pass, Kettle River Range","3.5 mi W, 1.3 mi N of Sherman Pass, 4100ft, T36N R34E S9, Kettle River Range, Ferry Co, Washington","CRCM","Collector(s): unknown","http://arctos.database.museum/guid/CRCM:Mamm:8361"
4947659187,"CC_BY_NC_4_0","Urocitellus columbianus","PRESERVED_SPECIMEN",-116.868614,46.920119,90,1985,4,2,"US","Idaho","Latah County","Gold Creek Ranch, 1 mi E of Potlach on Hwy. 6","Gold Creek Ranch, 1 mi E of Potlach on Hwy. 6, Latah Co., Idaho","CRCM","Collector(s): unknown","http://arctos.database.museum/guid/CRCM:Mamm:8582"
4947659182,"CC_BY_NC_4_0","Urocitellus columbianus","PRESERVED_SPECIMEN",-117.179616,46.731274,5639,1978,6,15,"US","Washington","Whitman County","Pullman","Pullman, elev. 2500 ft, Whitman Co., Washington","CRCM","Collector(s): unknown","http://arctos.database.museum/guid/CRCM:Mamm:8451"
4947659127,"CC_BY_NC_4_0","Urocitellus columbianus","PRESERVED_SPECIMEN",-117.273998,48.532318,66268,1995,7,1,"US","Washington","Pend Oreille County","No specific locality recorded.","Rub Reg 3, T35N, R42E, sec. 3, Pend Oreille Co., Washington","CRCM","Collector(s): unknown","http://arctos.database.museum/guid/CRCM:Mamm:21261"
4947658923,"CC_BY_NC_4_0","Urocitellus columbianus","PRESERVED_SPECIMEN",-118.343021,46.064581,4977,1983,5,16,"US","Washington","Walla Walla County","N Fort Walla Walla City Park, Walla Walla","N Fort Walla Walla City Park, Walla Walla, Walla Walla Co., Washington","CRCM","Collector(s): unknown","http://arctos.database.museum/guid/CRCM:Mamm:25026"
4947658692,"CC_BY_NC_4_0","Urocitellus columbianus","PRESERVED_SPECIMEN",-118.343021,46.064581,4977,1983,4,27,"US","Washington","Walla Walla County","N Fort Walla Walla City Park, Walla Walla","N Fort Walla Walla City Park, Walla Walla, Walla Walla Co., Washington","CRCM","Collector(s): unknown","http://arctos.database.museum/guid/CRCM:Mamm:24920"
4947658630,"CC_BY_NC_4_0","Urocitellus columbianus","PRESERVED_SPECIMEN",-118.601877,48.881706,475,1995,7,5,"US","Washington","Ferry County","0.4 mi W, 0.1 mi N of Sherman Pass, Kettle River Rang","0.4 mi W, 0.1 mi N of Sherman Pass, 5250 ft, T36N R34E S24, Kettle River Range, Ferry Co, Washington","CRCM","Collector(s): unknown","http://arctos.database.museum/guid/CRCM:Mamm:8382"
4947658615,"CC_BY_NC_4_0","Urocitellus columbianus","PRESERVED_SPECIMEN",-118.343021,46.064581,4977,1983,4,26,"US","Washington","Walla Walla County","N Fort Walla Walla City Park, Walla Walla","N Fort Walla Walla City Park, Walla Walla, Walla Walla Co., Washington","CRCM","Collector(s): unknown","http://arctos.database.museum/guid/CRCM:Mamm:24895"
4947658564,"CC_BY_NC_4_0","Urocitellus columbianus","PRESERVED_SPECIMEN",-117.179616,46.731274,5639,1978,6,7,"US","Washington","Whitman County","Pullman","Pullman, elev. 2500 ft, Whitman Co., Washington","CRCM","Collector(s): unknown","http://arctos.database.museum/guid/CRCM:Mamm:8461"
4947658474,"CC_BY_NC_4_0","Urocitellus columbianus","PRESERVED_SPECIMEN",-116.868614,46.920119,90,1985,3,21,"US","Idaho","Latah County","Gold Creek Ranch, 1 mi E of Potlach on Hwy. 6","Gold Creek Ranch, 1 mi E of Potlach on Hwy. 6, Latah Co., Idaho","CRCM","Collector(s): unknown","http://arctos.database.museum/guid/CRCM:Mamm:8562"
4947658294,"CC_BY_NC_4_0","Urocitellus columbianus","PRESERVED_SPECIMEN",-116.593925,45.421772,17515,1978,7,31,"US","Idaho","Idaho County","13.5 mi W of Riggins on the Windy Saddle Rd","13.5 mi W of Riggins on the Windy Saddle Rd., 7000 ft., Idaho Co., Idaho","CRCM","Collector(s): unknown","http://arctos.database.museum/guid/CRCM:Mamm:8541"
4947658259,"CC_BY_NC_4_0","Urocitellus columbianus","PRESERVED_SPECIMEN",-118.343021,46.064581,4977,1983,4,28,"US","Washington","Walla Walla County","N Fort Walla Walla City Park, Walla Walla","N Fort Walla Walla City Park, Walla Walla, Walla Walla Co., Washington","CRCM","Collector(s): unknown","http://arctos.database.museum/guid/CRCM:Mamm:24931"
4947658122,"CC_BY_NC_4_0","Urocitellus columbianus","PRESERVED_SPECIMEN",-118.343021,46.064581,4977,1983,5,10,"US","Washington","Walla Walla County","N Fort Walla Walla City Park, Walla Walla","N Fort Walla Walla City Park, Walla Walla, Walla Walla Co., Washington","CRCM","Collector(s): unknown","http://arctos.database.museum/guid/CRCM:Mamm:25006"
4947658111,"CC_BY_NC_4_0","Urocitellus columbianus","PRESERVED_SPECIMEN",-117.179616,46.731274,5639,1978,6,7,"US","Washington","Whitman County","Pullman","Pullman, elev. 2500 ft, Whitman Co., Washington","CRCM","Collector(s): unknown","http://arctos.database.museum/guid/CRCM:Mamm:8462"
4947657993,"CC_BY_NC_4_0","Urocitellus columbianus","PRESERVED_SPECIMEN",-113.895901,45.682583,44873,1977,5,22,"US","Idaho","Lemhi County","35 mi N of Salmon","35 mi N of Salmon, 5400 ft., Lemhi Co., Idaho","CRCM","Collector(s): unknown","http://arctos.database.museum/guid/CRCM:Mamm:8593"
4947657900,"CC_BY_NC_4_0","Urocitellus columbianus","PRESERVED_SPECIMEN",-117.114094,47.893788,3587,1982,7,11,"US","Washington","Spokane County","1.9 mi S, 1.8 mi E of Summit of Mt. Spokane","1.9 mi S, 1.8 mi E of Summit of Mt. Spokane, elev. 4700 ft, Spokane Co., Washington","CRCM","Collector(s): unknown","http://arctos.database.museum/guid/CRCM:Mamm:8419"
4947657816,"CC_BY_NC_4_0","Urocitellus columbianus","PRESERVED_SPECIMEN",-118.343021,46.064581,4977,1983,5,9,"US","Washington","Walla Walla County","N Fort Walla Walla City Park, Walla Walla","N Fort Walla Walla City Park, Walla Walla, Walla Walla Co., Washington","CRCM","Collector(s): unknown","http://arctos.database.museum/guid/CRCM:Mamm:24995"
4947657724,"CC_BY_NC_4_0","Urocitellus columbianus","PRESERVED_SPECIMEN",-118.343021,46.064581,4977,1983,5,26,"US","Washington","Walla Walla County","N Fort Walla Walla City Park, Walla Walla","N Fort Walla Walla City Park, Walla Walla, Walla Walla Co., Washington","CRCM","Collector(s): unknown","http://arctos.database.museum/guid/CRCM:Mamm:25037"
4947657700,"CC_BY_NC_4_0","Urocitellus columbianus","PRESERVED_SPECIMEN",-118.343021,46.064581,4977,1983,4,30,"US","Washington","Walla Walla County","N Fort Walla Walla City Park, Walla Walla","N Fort Walla Walla City Park, Walla Walla, Walla Walla Co., Washington","CRCM","Collector(s): unknown","http://arctos.database.museum/guid/CRCM:Mamm:24951"
4947657608,"CC_BY_NC_4_0","Urocitellus columbianus","PRESERVED_SPECIMEN",-117.454566,48.275992,16413,1992,6,22,"US","Washington","Pend Oreille County","12 mi E of Chewelah","12 mi E of Chewelah, T32N R42E Sec 14, Pend Oreille Co., Washington","CRCM","Collector(s): unknown","http://arctos.database.museum/guid/CRCM:Mamm:8430"
4947657387,"CC_BY_NC_4_0","Urocitellus columbianus","PRESERVED_SPECIMEN",-118.477514,48.596559,1807,1992,6,23,"US","Washington","Ferry County","SE side Sherman Peak","SE side Sherman Peak, T36N 34E S25, 6900 ft, Ferry Co, Washington","CRCM","Collector(s): unknown","http://arctos.database.museum/guid/CRCM:Mamm:8362"
4947657315,"CC_BY_NC_4_0","Urocitellus columbianus","PRESERVED_SPECIMEN",-117.907842,46.297498,49219,1992,7,9,"US","Washington","Columbia County","4.5 mi SW of Camp Wooten","4.5 mi SW of Camp Wooten, T8N R40E Sec 2, Columbia Co., Washington","CRCM","Collector(s): unknown","http://arctos.database.museum/guid/CRCM:Mamm:8493"
4947657220,"CC_BY_NC_4_0","Urocitellus columbianus","PRESERVED_SPECIMEN",-116.868614,46.920119,90,1985,4,2,"US","Idaho","Latah County","Gold Creek Ranch, 1 mi E of Potlach on Hwy. 6","Gold Creek Ranch, 1 mi E of Potlach on Hwy. 6, Latah Co., Idaho","CRCM","Collector(s): unknown","http://arctos.database.museum/guid/CRCM:Mamm:8583"
4947657182,"CC_BY_NC_4_0","Urocitellus columbianus","PRESERVED_SPECIMEN",-117.198496,45.197825,789,1981,7,21,"US","Oregon","Wallowa County","0.6 mi ENE Jewett Lake","0.6 mi ENE Jewett Lake, 7850 ft., Wallowa Co., Oregon","CRCM","Collector(s): unknown; Preparator(s): G. W. Reed","http://arctos.database.museum/guid/CRCM:Mamm:8519"
4947657144,"CC_BY_NC_4_0","Urocitellus columbianus","PRESERVED_SPECIMEN",-117.017657,46.416551,7433,1983,6,20,"US","Idaho","Nez Perce County","Mile 128, Highway 12 out of Lewiston","Mile 128, Highway 12 out of Lewiston, [Nez Perce Co.?] Idaho","CRCM","Collector(s): unknown","http://arctos.database.museum/guid/CRCM:Mamm:24359"
4947657032,"CC_BY_NC_4_0","Urocitellus columbianus","PRESERVED_SPECIMEN",-118.343021,46.064581,4977,1983,5,10,"US","Washington","Walla Walla County","N Fort Walla Walla City Park, Walla Walla","N Fort Walla Walla City Park, Walla Walla, Walla Walla Co., Washington","CRCM","Collector(s): unknown","http://arctos.database.museum/guid/CRCM:Mamm:25005"
4947656997,"CC_BY_NC_4_0","Urocitellus columbianus","PRESERVED_SPECIMEN",-118.343021,46.064581,4977,1983,5,2,"US","Washington","Walla Walla County","N Fort Walla Walla City Park, Walla Walla","N Fort Walla Walla City Park, Walla Walla, Walla Walla Co., Washington","CRCM","Collector(s): unknown","http://arctos.database.museum/guid/CRCM:Mamm:24962"
4947656991,"CC_BY_NC_4_0","Urocitellus columbianus","PRESERVED_SPECIMEN",-118.343021,46.064581,4977,1983,4,28,"US","Washington","Walla Walla County","N Fort Walla Walla City Park, Walla Walla","N Fort Walla Walla City Park, Walla Walla, Walla Walla Co., Washington","CRCM","Collector(s): unknown","http://arctos.database.museum/guid/CRCM:Mamm:24930"
4947656978,"CC_BY_NC_4_0","Urocitellus columbianus","PRESERVED_SPECIMEN",-118.343021,46.064581,4977,1983,4,26,"US","Washington","Walla Walla County","N Fort Walla Walla City Park, Walla Walla","N Fort Walla Walla City Park, Walla Walla, Walla Walla Co., Washington","CRCM","Collector(s): unknown","http://arctos.database.museum/guid/CRCM:Mamm:24908"
4947656896,"CC_BY_NC_4_0","Urocitellus columbianus","PRESERVED_SPECIMEN",-117.482414,46.123945,1959,1977,6,18,"US","Washington","Grant County","2.2 mi W, 0.8 mi S of Wickiup Spring","2.2 mi W, 0.8 mi S Wickiup Spring, Garfield Co., Washington","CRCM","Collector(s): unknown","http://arctos.database.museum/guid/CRCM:Mamm:8507"
4947656819,"CC_BY_NC_4_0","Urocitellus columbianus","PRESERVED_SPECIMEN",-117.130235,48.810201,1807,1992,6,16,"US","Washington","Pend Oreille County","Round Top Mountain","Roundtop Mt, T38N R45E Sec 8, 6400 ft, Pend Oreille Co, Washington","CRCM","Collector(s): unknown","http://arctos.database.museum/guid/CRCM:Mamm:8429"
4947656694,"CC_BY_NC_4_0","Urocitellus columbianus","PRESERVED_SPECIMEN",-118.343021,46.064581,4977,1983,5,7,"US","Washington","Walla Walla County","N Fort Walla Walla City Park, Walla Walla","N Fort Walla Walla City Park, Walla Walla, Walla Walla Co., Washington","CRCM","Collector(s): unknown","http://arctos.database.museum/guid/CRCM:Mamm:24994"
4947656619,"CC_BY_NC_4_0","Urocitellus columbianus","PRESERVED_SPECIMEN",-118.585814,46.020281,3754,1983,3,22,"US","Washington","Walla Walla County","4 km S of Lowden","4 km S of Lowden, Walla Walla Co., Washington","CRCM","Collector(s): unknown","http://arctos.database.museum/guid/CRCM:Mamm:24852"
4947656578,"CC_BY_NC_4_0","Urocitellus columbianus","PRESERVED_SPECIMEN",-118.343021,46.064581,4977,1983,4,27,"US","Washington","Walla Walla County","N Fort Walla Walla City Park, Walla Walla","N Fort Walla Walla City Park, Walla Walla, Walla Walla Co., Washington","CRCM","Collector(s): unknown","http://arctos.database.museum/guid/CRCM:Mamm:24919"
4947656535,"CC_BY_NC_4_0","Urocitellus columbianus","PRESERVED_SPECIMEN",-118.343021,46.064581,4977,1983,4,25,"US","Washington","Walla Walla County","N Fort Walla Walla City Park, Walla Walla","N Fort Walla Walla City Park, Walla Walla, Walla Walla Co., Washington","CRCM","Collector(s): unknown","http://arctos.database.museum/guid/CRCM:Mamm:24894"
4947656534,"CC_BY_NC_4_0","Urocitellus columbianus","PRESERVED_SPECIMEN",-118.585814,46.020281,3754,1983,4,13,"US","Washington","Walla Walla County","4 km S of Lowden","4 km S of Lowden, Walla Walla Co., Washington","CRCM","Collector(s): unknown","http://arctos.database.museum/guid/CRCM:Mamm:24862"
4947656499,"CC_BY_NC_4_0","Urocitellus columbianus","PRESERVED_SPECIMEN",-118.343021,46.064581,4977,1983,4,21,"US","Washington","Walla Walla County","N Fort Walla Walla City Park, Walla Walla","N Fort Walla Walla City Park, Walla Walla, Walla Walla Co., Washington","CRCM","Collector(s): unknown","http://arctos.database.museum/guid/CRCM:Mamm:24884"
4947656425,"CC_BY_NC_4_0","Urocitellus columbianus","PRESERVED_SPECIMEN",-117.200518,48.891314,301,1992,6,17,"US","Washington","Pend Oreille County","Crowell Ridge Trail","Crowell Ridge Trail, T39N R44E Sec 1, Pend Oreille Co, Washington","CRCM","Collector(s): unknown","http://arctos.database.museum/guid/CRCM:Mamm:8383"
4947656403,"CC_BY_NC_4_0","Urocitellus columbianus","PRESERVED_SPECIMEN",-117.179616,46.731274,5639,1978,6,6,"US","Washington","Whitman County","Pullman","Pullman, elev. 2500 ft, Whitman Co., Washington","CRCM","Collector(s): unknown","http://arctos.database.museum/guid/CRCM:Mamm:5943"
4947656313,"CC_BY_NC_4_0","Urocitellus columbianus","PRESERVED_SPECIMEN",-117.273998,48.532318,66268,1995,6,25,"US","Washington","Pend Oreille County","No specific locality recorded.","Rub Reg 5, T35N, R43E, E 1/2 of SW 1/4 of sec. 5, Pend Oreille Co., Washington","CRCM","Collector(s): unknown","http://arctos.database.museum/guid/CRCM:Mamm:24226"
4947656184,"CC_BY_NC_4_0","Urocitellus columbianus","PRESERVED_SPECIMEN",-117.205811,45.187396,834,1981,7,21,"US","Oregon","Wallowa County","0.4 mi NW Jewett Lake, Wallowa Mtns","0.4 mi NW Jewett Lake, Wallowa Mtns., 8450 ft., Wallowa Co., Oregon","CRCM","Collector(s): unknown","http://arctos.database.museum/guid/CRCM:Mamm:8529"
4947656170,"CC_BY_NC_4_0","Urocitellus columbianus","PRESERVED_SPECIMEN",-117.060103,46.738423,2069,1977,5,14,"US","Washington","Whitman County","1.7 mi E, 1.3 mi N of Sunshine","1.7 mi E, 1.3 mi N of Sunshine, elev. 2540 ft, Whitman Co., Washington","CRCM","Collector(s): unknown","http://arctos.database.museum/guid/CRCM:Mamm:8472"
4947656114,"CC_BY_NC_4_0","Urocitellus columbianus","PRESERVED_SPECIMEN",-116.868614,46.920119,90,1985,4,4,"US","Idaho","Latah County","Gold Creek Ranch, 1 mi E of Potlach on Hwy. 6","Gold Creek Ranch, 1 mi E of Potlach on Hwy. 6, Latah Co., Idaho","CRCM","Collector(s): unknown","http://arctos.database.museum/guid/CRCM:Mamm:8608"
4947655826,"CC_BY_NC_4_0","Urocitellus columbianus","PRESERVED_SPECIMEN",-117.179616,46.731274,5639,1978,6,16,"US","Washington","Whitman County","Pullman","Pullman, elev. 2500 ft, Whitman Co., Washington","CRCM","Collector(s): unknown","http://arctos.database.museum/guid/CRCM:Mamm:8440"
4947655743,"CC_BY_NC_4_0","Urocitellus columbianus","PRESERVED_SPECIMEN",-113.895901,45.682583,44873,1977,5,22,"US","Idaho","Lemhi County","35 mi N of Salmon","35 mi N of Salmon, 5400 ft., Lemhi Co., Idaho","CRCM","Collector(s): unknown","http://arctos.database.museum/guid/CRCM:Mamm:8551"
4947655730,"CC_BY_NC_4_0","Urocitellus columbianus","PRESERVED_SPECIMEN",-118.585814,46.020281,3754,1983,3,28,"US","Washington","Walla Walla County","4 km S of Lowden","4 km S of Lowden, Walla Walla Co., Washington","CRCM","Collector(s): unknown","http://arctos.database.museum/guid/CRCM:Mamm:24841"
4947655660,"CC_BY_NC_4_0","Urocitellus columbianus","PRESERVED_SPECIMEN",-118.272782,48.819945,2950,1981,6,13,"US","Washington","Ferry County","4.5 mi SW Orient","4.5 mi SW Orient, 4300 ft, Ferry Co., Washington","CRCM","Collector(s): unknown","http://arctos.database.museum/guid/CRCM:Mamm:8372"
4947655627,"CC_BY_NC_4_0","Urocitellus columbianus","PRESERVED_SPECIMEN",-117.482414,46.123945,1959,1977,6,18,"US","Washington","Grant County","2.2 mi W, 0.8 mi S of Wickiup Spring","2.2 mi W, 0.8 mi S Wickiup Spring, Garfield Co., Washington","CRCM","Collector(s): unknown","http://arctos.database.museum/guid/CRCM:Mamm:8508"
4947655608,"CC_BY_NC_4_0","Urocitellus columbianus","PRESERVED_SPECIMEN",-117.907842,46.297498,49219,1992,7,9,"US","Washington","Columbia County","4.5 mi SW of Camp Wooten","4.5 mi SW of Camp Wooten, T8N R40E Sec 2, Columbia Co., Washington","CRCM","Collector(s): unknown","http://arctos.database.museum/guid/CRCM:Mamm:8483"
4947655463,"CC_BY_NC_4_0","Urocitellus columbianus","PRESERVED_SPECIMEN",-118.343021,46.064581,4977,1983,4,29,"US","Washington","Walla Walla County","N Fort Walla Walla City Park, Walla Walla","N Fort Walla Walla City Park, Walla Walla, Walla Walla Co., Washington","CRCM","Collector(s): unknown","http://arctos.database.museum/guid/CRCM:Mamm:24941"
4947655439,"CC_BY_NC_4_0","Urocitellus columbianus","PRESERVED_SPECIMEN",-118.343021,46.064581,4977,1983,5,16,"US","Washington","Walla Walla County","N Fort Walla Walla City Park, Walla Walla","N Fort Walla Walla City Park, Walla Walla, Walla Walla Co., Washington","CRCM","Collector(s): unknown","http://arctos.database.museum/guid/CRCM:Mamm:25027"
4146307747,"CC0_1_0","Urocitellus columbianus","PRESERVED_SPECIMEN",NA,NA,NA,1977,6,24,"US","Idaho","Valley County","No specific locality recorded.","No specific locality recorded.","UWBM","Collector(s): Donald K. Grayson","http://arctos.database.museum/guid/UWBM:Mamm:84881"
4146307720,"CC0_1_0","Urocitellus columbianus","PRESERVED_SPECIMEN",NA,NA,NA,1977,6,29,"US","Idaho","Valley County","No specific locality recorded.","No specific locality recorded.","UWBM","Collector(s): Donald K. Grayson","http://arctos.database.museum/guid/UWBM:Mamm:84880"
4146307690,"CC0_1_0","Urocitellus columbianus","PRESERVED_SPECIMEN",NA,NA,NA,1977,6,24,"US","Idaho","Valley County","No specific locality recorded.","No specific locality recorded.","UWBM","Collector(s): Donald K. Grayson","http://arctos.database.museum/guid/UWBM:Mamm:84861"
4146307687,"CC0_1_0","Urocitellus columbianus","PRESERVED_SPECIMEN",NA,NA,NA,1977,6,26,"US","Idaho","Valley County","No specific locality recorded.","No specific locality recorded.","UWBM","Collector(s): Donald K. Grayson","http://arctos.database.museum/guid/UWBM:Mamm:84915"
4146307621,"CC0_1_0","Urocitellus columbianus","PRESERVED_SPECIMEN",NA,NA,NA,1977,7,1,"US","Idaho","Valley County","No specific locality recorded.","No specific locality recorded.","UWBM","Collector(s): Donald K. Grayson","http://arctos.database.museum/guid/UWBM:Mamm:85138"
4146307605,"CC0_1_0","Urocitellus columbianus","PRESERVED_SPECIMEN",NA,NA,NA,1977,7,20,"US","Idaho","Valley County","No specific locality recorded.","No specific locality recorded.","UWBM","Collector(s): Donald K. Grayson","http://arctos.database.museum/guid/UWBM:Mamm:84942"
4146307567,"CC0_1_0","Urocitellus columbianus","PRESERVED_SPECIMEN",NA,NA,NA,1977,6,24,"US","Idaho","Valley County","McCall, Idaho","No specific locality recorded.","UWBM","Collector(s): Donald K. Grayson","http://arctos.database.museum/guid/UWBM:Mamm:85084"
4146307499,"CC0_1_0","Urocitellus columbianus","PRESERVED_SPECIMEN",NA,NA,NA,1977,7,26,"US","Idaho","Valley County","No specific locality recorded.","No specific locality recorded.","UWBM","Collector(s): Donald K. Grayson","http://arctos.database.museum/guid/UWBM:Mamm:85108"
4146307483,"CC0_1_0","Urocitellus columbianus","PRESERVED_SPECIMEN",NA,NA,NA,1977,6,25,"US","Idaho","Valley County","No specific locality recorded.","No specific locality recorded.","UWBM","Collector(s): Donald K. Grayson","http://arctos.database.museum/guid/UWBM:Mamm:84875"
4146307374,"CC0_1_0","Urocitellus columbianus","PRESERVED_SPECIMEN",NA,NA,NA,1977,12,31,"US","Idaho","Valley County","No specific locality recorded.","No specific locality recorded.","UWBM","Collector(s): Donald K. Grayson","http://arctos.database.museum/guid/UWBM:Mamm:85158"
4146307367,"CC0_1_0","Urocitellus columbianus","PRESERVED_SPECIMEN",NA,NA,NA,1977,6,26,"US","Idaho","Valley County","No specific locality recorded.","No specific locality recorded.","UWBM","Collector(s): Donald K. Grayson","http://arctos.database.museum/guid/UWBM:Mamm:84907"
NA,NA,NA,NA,NA,NA,NA,NA,NA,NA,NA,NA,NA,NA,NA,NA,NA,NA
3329069486,"CC_BY_4_0","Urocitellus columbianus","PRESERVED_SPECIMEN",-125.0024,55.0013,1e+06,1983,7,25,"CA","Bc","","","","UVIC","UVic Biology Department",""
3329069472,"CC_BY_4_0","Urocitellus columbianus","PRESERVED_SPECIMEN",-115.5,50.16667,1000,1998,2,23,"CA","Bc","","","East Kootenays, BC","UVIC","",""
3329069471,"CC_BY_4_0","Urocitellus columbianus","PRESERVED_SPECIMEN",-115.5,50.16667,1000,1998,2,23,"CA","Bc","","","East Kootenays, BC","UVIC","",""
3329069460,"CC_BY_4_0","Urocitellus columbianus","PRESERVED_SPECIMEN",-115.5,50.16667,1000,1998,2,23,"CA","Bc","","","East Kootenays, BC","UVIC","",""
2861377301,"CC_BY_4_0","Urocitellus columbianus","PRESERVED_SPECIMEN",NA,NA,NA,1977,6,1,"CA","Alberta (Prov.)","","0.1 mile north of entrance to lake","","CMN","Holroyd, Geoff ; Holroyd, Geoff",""
2562042041,"CC0_1_0","Urocitellus columbianus","PRESERVED_SPECIMEN",NA,NA,NA,1975,7,20,"US","Montana","Flathead County","24.2 mi NW of Whitefish","Montana, Flathead county, 24.2 mi NW of Whitefish","UCM","Collector(s): Rupert Earl Olson","http://arctos.database.museum/guid/UCM:Mamm:19016"
2562041503,"CC0_1_0","Urocitellus columbianus","PRESERVED_SPECIMEN",NA,NA,NA,1970,8,3,"US","Oregon","Grant County","20.1 mi NE of Prairie City, 4500 ft elev.","Oregon, Grant county, 20.1 mi NE of Prairie City, 4500 ft elev.","UCM","Collector(s): Rupert Earl Olson, Donald C. Morizot","http://arctos.database.museum/guid/UCM:Mamm:18995"
2562038898,"CC0_1_0","Urocitellus columbianus","PRESERVED_SPECIMEN",NA,NA,NA,1975,7,20,"US","Montana","Flathead County","4.3 mi NW of Whitefish","Montana, Flathead county, 4.3 mi NW of Whitefish","UCM","Collector(s): Rupert Earl Olson","http://arctos.database.museum/guid/UCM:Mamm:19015"
2562036769,"CC0_1_0","Urocitellus columbianus","PRESERVED_SPECIMEN",NA,NA,NA,1970,8,2,"US","Oregon","Baker County","7 mi NW of Unity","Oregon, Baker county, 7 mi NW of Unity","UCM","Collector(s): Rupert Earl Olson, Donald C. Morizot","http://arctos.database.museum/guid/UCM:Mamm:18994"
2562032836,"CC0_1_0","Urocitellus columbianus","PRESERVED_SPECIMEN",NA,NA,NA,1975,7,17,"US","Montana","Powell County","1 mi W of Garrison","Montana, Powell county, 1 mi W of Garrison","UCM","Collector(s): Rupert Earl Olson","http://arctos.database.museum/guid/UCM:Mamm:19014"
NA,NA,NA,NA,NA,NA,NA,NA,NA,NA,NA,NA,NA,NA,NA,NA,NA,NA
NA,NA,NA,NA,NA,NA,NA,NA,NA,NA,NA,NA,NA,NA,NA,NA,NA,NA
208054971,"CC_BY_4_0","Urocitellus columbianus","PRESERVED_SPECIMEN",NA,NA,NA,1971,8,10,"US","","","","","SMF","","http://sesam.senckenberg.de/page/index.asp?objekt_id=187155&sprache_kurz=en"
208054970,"CC_BY_4_0","Urocitellus columbianus","PRESERVED_SPECIMEN",NA,NA,NA,1971,8,10,"US","","","","","SMF","","http://sesam.senckenberg.de/page/index.asp?objekt_id=187153&sprache_kurz=en"
NA,NA,NA,NA,NA,NA,NA,NA,NA,NA,NA,NA,NA,NA,NA,NA,NA,NA
NA,NA,NA,NA,NA,NA,NA,NA,NA,NA,NA,NA,NA,NA,NA,NA,NA,NA
NA,NA,NA,NA,NA,NA,NA,NA,NA,NA,NA,NA,NA,NA,NA,NA,NA,NA
NA,NA,NA,NA,NA,NA,NA,NA,NA,NA,NA,NA,NA,NA,NA,NA,NA,NA
NA,NA,NA,NA,NA,NA,NA,NA,NA,NA,NA,NA,NA,NA,NA,NA,NA,NA
NA,NA,NA,NA,NA,NA,NA,NA,NA,NA,NA,NA,NA,NA,NA,NA,NA,NA
NA,NA,NA,NA,NA,NA,NA,NA,NA,NA,NA,NA,NA,NA,NA,NA,NA,NA
NA,NA,NA,NA,NA,NA,NA,NA,NA,NA,NA,NA,NA,NA,NA,NA,NA,NA
NA,NA,NA,NA,NA,NA,NA,NA,NA,NA,NA,NA,NA,NA,NA,NA,NA,NA
NA,NA,NA,NA,NA,NA,NA,NA,NA,NA,NA,NA,NA,NA,NA,NA,NA,NA
NA,NA,NA,NA,NA,NA,NA,NA,NA,NA,NA,NA,NA,NA,NA,NA,NA,NA
NA,NA,NA,NA,NA,NA,NA,NA,NA,NA,NA,NA,NA,NA,NA,NA,NA,NA
NA,NA,NA,NA,NA,NA,NA,NA,NA,NA,NA,NA,NA,NA,NA,NA,NA,NA
NA,NA,NA,NA,NA,NA,NA,NA,NA,NA,NA,NA,NA,NA,NA,NA,NA,NA
NA,NA,NA,NA,NA,NA,NA,NA,NA,NA,NA,NA,NA,NA,NA,NA,NA,NA
NA,NA,NA,NA,NA,NA,NA,NA,NA,NA,NA,NA,NA,NA,NA,NA,NA,NA
NA,NA,NA,NA,NA,NA,NA,NA,NA,NA,NA,NA,NA,NA,NA,NA,NA,NA
NA,NA,NA,NA,NA,NA,NA,NA,NA,NA,NA,NA,NA,NA,NA,NA,NA,NA
NA,NA,NA,NA,NA,NA,NA,NA,NA,NA,NA,NA,NA,NA,NA,NA,NA,NA
NA,NA,NA,NA,NA,NA,NA,NA,NA,NA,NA,NA,NA,NA,NA,NA,NA,NA
NA,NA,NA,NA,NA,NA,NA,NA,NA,NA,NA,NA,NA,NA,NA,NA,NA,NA
NA,NA,NA,NA,NA,NA,NA,NA,NA,NA,NA,NA,NA,NA,NA,NA,NA,NA
NA,NA,NA,NA,NA,NA,NA,NA,NA,NA,NA,NA,NA,NA,NA,NA,NA,NA
NA,NA,NA,NA,NA,NA,NA,NA,NA,NA,NA,NA,NA,NA,NA,NA,NA,NA
NA,NA,NA,NA,NA,NA,NA,NA,NA,NA,NA,NA,NA,NA,NA,NA,NA,NA
NA,NA,NA,NA,NA,NA,NA,NA,NA,NA,NA,NA,NA,NA,NA,NA,NA,NA
NA,NA,NA,NA,NA,NA,NA,NA,NA,NA,NA,NA,NA,NA,NA,NA,NA,NA
NA,NA,NA,NA,NA,NA,NA,NA,NA,NA,NA,NA,NA,NA,NA,NA,NA,NA
NA,NA,NA,NA,NA,NA,NA,NA,NA,NA,NA,NA,NA,NA,NA,NA,NA,NA
NA,NA,NA,NA,NA,NA,NA,NA,NA,NA,NA,NA,NA,NA,NA,NA,NA,NA
NA,NA,NA,NA,NA,NA,NA,NA,NA,NA,NA,NA,NA,NA,NA,NA,NA,NA
NA,NA,NA,NA,NA,NA,NA,NA,NA,NA,NA,NA,NA,NA,NA,NA,NA,NA
NA,NA,NA,NA,NA,NA,NA,NA,NA,NA,NA,NA,NA,NA,NA,NA,NA,NA
NA,NA,NA,NA,NA,NA,NA,NA,NA,NA,NA,NA,NA,NA,NA,NA,NA,NA
NA,NA,NA,NA,NA,NA,NA,NA,NA,NA,NA,NA,NA,NA,NA,NA,NA,NA
NA,NA,NA,NA,NA,NA,NA,NA,NA,NA,NA,NA,NA,NA,NA,NA,NA,NA
NA,NA,NA,NA,NA,NA,NA,NA,NA,NA,NA,NA,NA,NA,NA,NA,NA,NA
NA,NA,NA,NA,NA,NA,NA,NA,NA,NA,NA,NA,NA,NA,NA,NA,NA,NA
NA,NA,NA,NA,NA,NA,NA,NA,NA,NA,NA,NA,NA,NA,NA,NA,NA,NA
NA,NA,NA,NA,NA,NA,NA,NA,NA,NA,NA,NA,NA,NA,NA,NA,NA,NA
NA,NA,NA,NA,NA,NA,NA,NA,NA,NA,NA,NA,NA,NA,NA,NA,NA,NA
NA,NA,NA,NA,NA,NA,NA,NA,NA,NA,NA,NA,NA,NA,NA,NA,NA,NA
NA,NA,NA,NA,NA,NA,NA,NA,NA,NA,NA,NA,NA,NA,NA,NA,NA,NA
NA,NA,NA,NA,NA,NA,NA,NA,NA,NA,NA,NA,NA,NA,NA,NA,NA,NA
NA,NA,NA,NA,NA,NA,NA,NA,NA,NA,NA,NA,NA,NA,NA,NA,NA,NA
NA,NA,NA,NA,NA,NA,NA,NA,NA,NA,NA,NA,NA,NA,NA,NA,NA,NA
NA,NA,NA,NA,NA,NA,NA,NA,NA,NA,NA,NA,NA,NA,NA,NA,NA,NA
NA,NA,NA,NA,NA,NA,NA,NA,NA,NA,NA,NA,NA,NA,NA,NA,NA,NA
NA,NA,NA,NA,NA,NA,NA,NA,NA,NA,NA,NA,NA,NA,NA,NA,NA,NA
NA,NA,NA,NA,NA,NA,NA,NA,NA,NA,NA,NA,NA,NA,NA,NA,NA,NA
NA,NA,NA,NA,NA,NA,NA,NA,NA,NA,NA,NA,NA,NA,NA,NA,NA,NA
NA,NA,NA,NA,NA,NA,NA,NA,NA,NA,NA,NA,NA,NA,NA,NA,NA,NA
NA,NA,NA,NA,NA,NA,NA,NA,NA,NA,NA,NA,NA,NA,NA,NA,NA,NA
NA,NA,NA,NA,NA,NA,NA,NA,NA,NA,NA,NA,NA,NA,NA,NA,NA,NA
NA,NA,NA,NA,NA,NA,NA,NA,NA,NA,NA,NA,NA,NA,NA,NA,NA,NA
NA,NA,NA,NA,NA,NA,NA,NA,NA,NA,NA,NA,NA,NA,NA,NA,NA,NA
NA,NA,NA,NA,NA,NA,NA,NA,NA,NA,NA,NA,NA,NA,NA,NA,NA,NA
NA,NA,NA,NA,NA,NA,NA,NA,NA,NA,NA,NA,NA,NA,NA,NA,NA,NA
NA,NA,NA,NA,NA,NA,NA,NA,NA,NA,NA,NA,NA,NA,NA,NA,NA,NA
NA,NA,NA,NA,NA,NA,NA,NA,NA,NA,NA,NA,NA,NA,NA,NA,NA,NA
NA,NA,NA,NA,NA,NA,NA,NA,NA,NA,NA,NA,NA,NA,NA,NA,NA,NA
NA,NA,NA,NA,NA,NA,NA,NA,NA,NA,NA,NA,NA,NA,NA,NA,NA,NA
1987342647,"CC_BY_NC_4_0","Urocitellus columbianus","PRESERVED_SPECIMEN",NA,NA,NA,1982,5,18,"CA","Alberta","","50DEG 30MIN N, 114DEG 20MIN W, RIO ALTO RANCH","CANADA: ALBERTA:  CO.; 50DEG 30MIN N, 114DEG 20MIN W, RIO ALTO RANCH; , ;","UMMZ","Dobson, F.",""
NA,NA,NA,NA,NA,NA,NA,NA,NA,NA,NA,NA,NA,NA,NA,NA,NA,NA
NA,NA,NA,NA,NA,NA,NA,NA,NA,NA,NA,NA,NA,NA,NA,NA,NA,NA
NA,NA,NA,NA,NA,NA,NA,NA,NA,NA,NA,NA,NA,NA,NA,NA,NA,NA
NA,NA,NA,NA,NA,NA,NA,NA,NA,NA,NA,NA,NA,NA,NA,NA,NA,NA
NA,NA,NA,NA,NA,NA,NA,NA,NA,NA,NA,NA,NA,NA,NA,NA,NA,NA
NA,NA,NA,NA,NA,NA,NA,NA,NA,NA,NA,NA,NA,NA,NA,NA,NA,NA
NA,NA,NA,NA,NA,NA,NA,NA,NA,NA,NA,NA,NA,NA,NA,NA,NA,NA
NA,NA,NA,NA,NA,NA,NA,NA,NA,NA,NA,NA,NA,NA,NA,NA,NA,NA
NA,NA,NA,NA,NA,NA,NA,NA,NA,NA,NA,NA,NA,NA,NA,NA,NA,NA
NA,NA,NA,NA,NA,NA,NA,NA,NA,NA,NA,NA,NA,NA,NA,NA,NA,NA
1987339501,"CC_BY_NC_4_0","Urocitellus columbianus","PRESERVED_SPECIMEN",NA,NA,NA,1982,5,18,"CA","Alberta","","50DEG 30MIN N, 114DEG 20MIN W, RIO ALTO RANCH","CANADA: ALBERTA:  CO.; 50DEG 30MIN N, 114DEG 20MIN W, RIO ALTO RANCH; , ;","UMMZ","Dobson, F.",""
NA,NA,NA,NA,NA,NA,NA,NA,NA,NA,NA,NA,NA,NA,NA,NA,NA,NA
NA,NA,NA,NA,NA,NA,NA,NA,NA,NA,NA,NA,NA,NA,NA,NA,NA,NA
NA,NA,NA,NA,NA,NA,NA,NA,NA,NA,NA,NA,NA,NA,NA,NA,NA,NA
NA,NA,NA,NA,NA,NA,NA,NA,NA,NA,NA,NA,NA,NA,NA,NA,NA,NA
NA,NA,NA,NA,NA,NA,NA,NA,NA,NA,NA,NA,NA,NA,NA,NA,NA,NA
NA,NA,NA,NA,NA,NA,NA,NA,NA,NA,NA,NA,NA,NA,NA,NA,NA,NA
NA,NA,NA,NA,NA,NA,NA,NA,NA,NA,NA,NA,NA,NA,NA,NA,NA,NA
NA,NA,NA,NA,NA,NA,NA,NA,NA,NA,NA,NA,NA,NA,NA,NA,NA,NA
NA,NA,NA,NA,NA,NA,NA,NA,NA,NA,NA,NA,NA,NA,NA,NA,NA,NA
NA,NA,NA,NA,NA,NA,NA,NA,NA,NA,NA,NA,NA,NA,NA,NA,NA,NA
NA,NA,NA,NA,NA,NA,NA,NA,NA,NA,NA,NA,NA,NA,NA,NA,NA,NA
NA,NA,NA,NA,NA,NA,NA,NA,NA,NA,NA,NA,NA,NA,NA,NA,NA,NA
NA,NA,NA,NA,NA,NA,NA,NA,NA,NA,NA,NA,NA,NA,NA,NA,NA,NA
NA,NA,NA,NA,NA,NA,NA,NA,NA,NA,NA,NA,NA,NA,NA,NA,NA,NA
NA,NA,NA,NA,NA,NA,NA,NA,NA,NA,NA,NA,NA,NA,NA,NA,NA,NA
NA,NA,NA,NA,NA,NA,NA,NA,NA,NA,NA,NA,NA,NA,NA,NA,NA,NA
NA,NA,NA,NA,NA,NA,NA,NA,NA,NA,NA,NA,NA,NA,NA,NA,NA,NA
NA,NA,NA,NA,NA,NA,NA,NA,NA,NA,NA,NA,NA,NA,NA,NA,NA,NA
NA,NA,NA,NA,NA,NA,NA,NA,NA,NA,NA,NA,NA,NA,NA,NA,NA,NA
NA,NA,NA,NA,NA,NA,NA,NA,NA,NA,NA,NA,NA,NA,NA,NA,NA,NA
NA,NA,NA,NA,NA,NA,NA,NA,NA,NA,NA,NA,NA,NA,NA,NA,NA,NA
NA,NA,NA,NA,NA,NA,NA,NA,NA,NA,NA,NA,NA,NA,NA,NA,NA,NA
NA,NA,NA,NA,NA,NA,NA,NA,NA,NA,NA,NA,NA,NA,NA,NA,NA,NA
NA,NA,NA,NA,NA,NA,NA,NA,NA,NA,NA,NA,NA,NA,NA,NA,NA,NA
NA,NA,NA,NA,NA,NA,NA,NA,NA,NA,NA,NA,NA,NA,NA,NA,NA,NA
NA,NA,NA,NA,NA,NA,NA,NA,NA,NA,NA,NA,NA,NA,NA,NA,NA,NA
NA,NA,NA,NA,NA,NA,NA,NA,NA,NA,NA,NA,NA,NA,NA,NA,NA,NA
NA,NA,NA,NA,NA,NA,NA,NA,NA,NA,NA,NA,NA,NA,NA,NA,NA,NA
NA,NA,NA,NA,NA,NA,NA,NA,NA,NA,NA,NA,NA,NA,NA,NA,NA,NA
NA,NA,NA,NA,NA,NA,NA,NA,NA,NA,NA,NA,NA,NA,NA,NA,NA,NA
NA,NA,NA,NA,NA,NA,NA,NA,NA,NA,NA,NA,NA,NA,NA,NA,NA,NA
NA,NA,NA,NA,NA,NA,NA,NA,NA,NA,NA,NA,NA,NA,NA,NA,NA,NA
NA,NA,NA,NA,NA,NA,NA,NA,NA,NA,NA,NA,NA,NA,NA,NA,NA,NA
NA,NA,NA,NA,NA,NA,NA,NA,NA,NA,NA,NA,NA,NA,NA,NA,NA,NA
NA,NA,NA,NA,NA,NA,NA,NA,NA,NA,NA,NA,NA,NA,NA,NA,NA,NA
NA,NA,NA,NA,NA,NA,NA,NA,NA,NA,NA,NA,NA,NA,NA,NA,NA,NA
NA,NA,NA,NA,NA,NA,NA,NA,NA,NA,NA,NA,NA,NA,NA,NA,NA,NA
NA,NA,NA,NA,NA,NA,NA,NA,NA,NA,NA,NA,NA,NA,NA,NA,NA,NA
NA,NA,NA,NA,NA,NA,NA,NA,NA,NA,NA,NA,NA,NA,NA,NA,NA,NA
NA,NA,NA,NA,NA,NA,NA,NA,NA,NA,NA,NA,NA,NA,NA,NA,NA,NA
NA,NA,NA,NA,NA,NA,NA,NA,NA,NA,NA,NA,NA,NA,NA,NA,NA,NA
NA,NA,NA,NA,NA,NA,NA,NA,NA,NA,NA,NA,NA,NA,NA,NA,NA,NA
NA,NA,NA,NA,NA,NA,NA,NA,NA,NA,NA,NA,NA,NA,NA,NA,NA,NA
NA,NA,NA,NA,NA,NA,NA,NA,NA,NA,NA,NA,NA,NA,NA,NA,NA,NA
NA,NA,NA,NA,NA,NA,NA,NA,NA,NA,NA,NA,NA,NA,NA,NA,NA,NA
NA,NA,NA,NA,NA,NA,NA,NA,NA,NA,NA,NA,NA,NA,NA,NA,NA,NA
NA,NA,NA,NA,NA,NA,NA,NA,NA,NA,NA,NA,NA,NA,NA,NA,NA,NA
NA,NA,NA,NA,NA,NA,NA,NA,NA,NA,NA,NA,NA,NA,NA,NA,NA,NA
NA,NA,NA,NA,NA,NA,NA,NA,NA,NA,NA,NA,NA,NA,NA,NA,NA,NA
NA,NA,NA,NA,NA,NA,NA,NA,NA,NA,NA,NA,NA,NA,NA,NA,NA,NA
NA,NA,NA,NA,NA,NA,NA,NA,NA,NA,NA,NA,NA,NA,NA,NA,NA,NA
NA,NA,NA,NA,NA,NA,NA,NA,NA,NA,NA,NA,NA,NA,NA,NA,NA,NA
NA,NA,NA,NA,NA,NA,NA,NA,NA,NA,NA,NA,NA,NA,NA,NA,NA,NA
NA,NA,NA,NA,NA,NA,NA,NA,NA,NA,NA,NA,NA,NA,NA,NA,NA,NA
NA,NA,NA,NA,NA,NA,NA,NA,NA,NA,NA,NA,NA,NA,NA,NA,NA,NA
NA,NA,NA,NA,NA,NA,NA,NA,NA,NA,NA,NA,NA,NA,NA,NA,NA,NA
NA,NA,NA,NA,NA,NA,NA,NA,NA,NA,NA,NA,NA,NA,NA,NA,NA,NA
NA,NA,NA,NA,NA,NA,NA,NA,NA,NA,NA,NA,NA,NA,NA,NA,NA,NA
NA,NA,NA,NA,NA,NA,NA,NA,NA,NA,NA,NA,NA,NA,NA,NA,NA,NA
NA,NA,NA,NA,NA,NA,NA,NA,NA,NA,NA,NA,NA,NA,NA,NA,NA,NA
NA,NA,NA,NA,NA,NA,NA,NA,NA,NA,NA,NA,NA,NA,NA,NA,NA,NA
NA,NA,NA,NA,NA,NA,NA,NA,NA,NA,NA,NA,NA,NA,NA,NA,NA,NA
NA,NA,NA,NA,NA,NA,NA,NA,NA,NA,NA,NA,NA,NA,NA,NA,NA,NA
NA,NA,NA,NA,NA,NA,NA,NA,NA,NA,NA,NA,NA,NA,NA,NA,NA,NA
NA,NA,NA,NA,NA,NA,NA,NA,NA,NA,NA,NA,NA,NA,NA,NA,NA,NA
NA,NA,NA,NA,NA,NA,NA,NA,NA,NA,NA,NA,NA,NA,NA,NA,NA,NA
NA,NA,NA,NA,NA,NA,NA,NA,NA,NA,NA,NA,NA,NA,NA,NA,NA,NA
NA,NA,NA,NA,NA,NA,NA,NA,NA,NA,NA,NA,NA,NA,NA,NA,NA,NA
NA,NA,NA,NA,NA,NA,NA,NA,NA,NA,NA,NA,NA,NA,NA,NA,NA,NA
NA,NA,NA,NA,NA,NA,NA,NA,NA,NA,NA,NA,NA,NA,NA,NA,NA,NA
NA,NA,NA,NA,NA,NA,NA,NA,NA,NA,NA,NA,NA,NA,NA,NA,NA,NA
NA,NA,NA,NA,NA,NA,NA,NA,NA,NA,NA,NA,NA,NA,NA,NA,NA,NA
NA,NA,NA,NA,NA,NA,NA,NA,NA,NA,NA,NA,NA,NA,NA,NA,NA,NA
NA,NA,NA,NA,NA,NA,NA,NA,NA,NA,NA,NA,NA,NA,NA,NA,NA,NA
1987321042,"CC_BY_NC_4_0","Urocitellus columbianus","PRESERVED_SPECIMEN",NA,NA,NA,1982,6,25,"CA","Alberta","","50DEG 30MIN N, 114DEG 20MIN W, RIO ALTO RANCH","CANADA: ALBERTA:  CO.; 50DEG 30MIN N, 114DEG 20MIN W, RIO ALTO RANCH; , ;","UMMZ","Dobson, F.",""
NA,NA,NA,NA,NA,NA,NA,NA,NA,NA,NA,NA,NA,NA,NA,NA,NA,NA
NA,NA,NA,NA,NA,NA,NA,NA,NA,NA,NA,NA,NA,NA,NA,NA,NA,NA
NA,NA,NA,NA,NA,NA,NA,NA,NA,NA,NA,NA,NA,NA,NA,NA,NA,NA
NA,NA,NA,NA,NA,NA,NA,NA,NA,NA,NA,NA,NA,NA,NA,NA,NA,NA
NA,NA,NA,NA,NA,NA,NA,NA,NA,NA,NA,NA,NA,NA,NA,NA,NA,NA
NA,NA,NA,NA,NA,NA,NA,NA,NA,NA,NA,NA,NA,NA,NA,NA,NA,NA
1987319889,"CC_BY_NC_4_0","Urocitellus columbianus","PRESERVED_SPECIMEN",NA,NA,NA,1982,5,18,"CA","Alberta","","50DEG 30MIN N, 114DEG 20MIN W, RIO ALTO RANCH","CANADA: ALBERTA:  CO.; 50DEG 30MIN N, 114DEG 20MIN W, RIO ALTO RANCH; , ;","UMMZ","Dobson, F.",""
NA,NA,NA,NA,NA,NA,NA,NA,NA,NA,NA,NA,NA,NA,NA,NA,NA,NA
NA,NA,NA,NA,NA,NA,NA,NA,NA,NA,NA,NA,NA,NA,NA,NA,NA,NA
NA,NA,NA,NA,NA,NA,NA,NA,NA,NA,NA,NA,NA,NA,NA,NA,NA,NA
NA,NA,NA,NA,NA,NA,NA,NA,NA,NA,NA,NA,NA,NA,NA,NA,NA,NA
NA,NA,NA,NA,NA,NA,NA,NA,NA,NA,NA,NA,NA,NA,NA,NA,NA,NA
NA,NA,NA,NA,NA,NA,NA,NA,NA,NA,NA,NA,NA,NA,NA,NA,NA,NA
NA,NA,NA,NA,NA,NA,NA,NA,NA,NA,NA,NA,NA,NA,NA,NA,NA,NA
NA,NA,NA,NA,NA,NA,NA,NA,NA,NA,NA,NA,NA,NA,NA,NA,NA,NA
NA,NA,NA,NA,NA,NA,NA,NA,NA,NA,NA,NA,NA,NA,NA,NA,NA,NA
NA,NA,NA,NA,NA,NA,NA,NA,NA,NA,NA,NA,NA,NA,NA,NA,NA,NA
NA,NA,NA,NA,NA,NA,NA,NA,NA,NA,NA,NA,NA,NA,NA,NA,NA,NA
NA,NA,NA,NA,NA,NA,NA,NA,NA,NA,NA,NA,NA,NA,NA,NA,NA,NA
NA,NA,NA,NA,NA,NA,NA,NA,NA,NA,NA,NA,NA,NA,NA,NA,NA,NA
NA,NA,NA,NA,NA,NA,NA,NA,NA,NA,NA,NA,NA,NA,NA,NA,NA,NA
NA,NA,NA,NA,NA,NA,NA,NA,NA,NA,NA,NA,NA,NA,NA,NA,NA,NA
NA,NA,NA,NA,NA,NA,NA,NA,NA,NA,NA,NA,NA,NA,NA,NA,NA,NA
NA,NA,NA,NA,NA,NA,NA,NA,NA,NA,NA,NA,NA,NA,NA,NA,NA,NA
NA,NA,NA,NA,NA,NA,NA,NA,NA,NA,NA,NA,NA,NA,NA,NA,NA,NA
NA,NA,NA,NA,NA,NA,NA,NA,NA,NA,NA,NA,NA,NA,NA,NA,NA,NA
NA,NA,NA,NA,NA,NA,NA,NA,NA,NA,NA,NA,NA,NA,NA,NA,NA,NA
NA,NA,NA,NA,NA,NA,NA,NA,NA,NA,NA,NA,NA,NA,NA,NA,NA,NA
NA,NA,NA,NA,NA,NA,NA,NA,NA,NA,NA,NA,NA,NA,NA,NA,NA,NA
NA,NA,NA,NA,NA,NA,NA,NA,NA,NA,NA,NA,NA,NA,NA,NA,NA,NA
NA,NA,NA,NA,NA,NA,NA,NA,NA,NA,NA,NA,NA,NA,NA,NA,NA,NA
NA,NA,NA,NA,NA,NA,NA,NA,NA,NA,NA,NA,NA,NA,NA,NA,NA,NA
NA,NA,NA,NA,NA,NA,NA,NA,NA,NA,NA,NA,NA,NA,NA,NA,NA,NA
NA,NA,NA,NA,NA,NA,NA,NA,NA,NA,NA,NA,NA,NA,NA,NA,NA,NA
NA,NA,NA,NA,NA,NA,NA,NA,NA,NA,NA,NA,NA,NA,NA,NA,NA,NA
NA,NA,NA,NA,NA,NA,NA,NA,NA,NA,NA,NA,NA,NA,NA,NA,NA,NA
NA,NA,NA,NA,NA,NA,NA,NA,NA,NA,NA,NA,NA,NA,NA,NA,NA,NA
NA,NA,NA,NA,NA,NA,NA,NA,NA,NA,NA,NA,NA,NA,NA,NA,NA,NA
NA,NA,NA,NA,NA,NA,NA,NA,NA,NA,NA,NA,NA,NA,NA,NA,NA,NA
NA,NA,NA,NA,NA,NA,NA,NA,NA,NA,NA,NA,NA,NA,NA,NA,NA,NA
NA,NA,NA,NA,NA,NA,NA,NA,NA,NA,NA,NA,NA,NA,NA,NA,NA,NA
NA,NA,NA,NA,NA,NA,NA,NA,NA,NA,NA,NA,NA,NA,NA,NA,NA,NA
NA,NA,NA,NA,NA,NA,NA,NA,NA,NA,NA,NA,NA,NA,NA,NA,NA,NA
NA,NA,NA,NA,NA,NA,NA,NA,NA,NA,NA,NA,NA,NA,NA,NA,NA,NA
NA,NA,NA,NA,NA,NA,NA,NA,NA,NA,NA,NA,NA,NA,NA,NA,NA,NA
NA,NA,NA,NA,NA,NA,NA,NA,NA,NA,NA,NA,NA,NA,NA,NA,NA,NA
NA,NA,NA,NA,NA,NA,NA,NA,NA,NA,NA,NA,NA,NA,NA,NA,NA,NA
NA,NA,NA,NA,NA,NA,NA,NA,NA,NA,NA,NA,NA,NA,NA,NA,NA,NA
NA,NA,NA,NA,NA,NA,NA,NA,NA,NA,NA,NA,NA,NA,NA,NA,NA,NA
NA,NA,NA,NA,NA,NA,NA,NA,NA,NA,NA,NA,NA,NA,NA,NA,NA,NA
1987310121,"CC_BY_NC_4_0","Urocitellus columbianus","PRESERVED_SPECIMEN",NA,NA,NA,1982,6,22,"CA","Alberta","","50DEG 30MIN N, 114DEG 20MIN W, RIO ALTO RANCH","CANADA: ALBERTA:  CO.; 50DEG 30MIN N, 114DEG 20MIN W, RIO ALTO RANCH; , ;","UMMZ","Dobson, F.",""
NA,NA,NA,NA,NA,NA,NA,NA,NA,NA,NA,NA,NA,NA,NA,NA,NA,NA
NA,NA,NA,NA,NA,NA,NA,NA,NA,NA,NA,NA,NA,NA,NA,NA,NA,NA
NA,NA,NA,NA,NA,NA,NA,NA,NA,NA,NA,NA,NA,NA,NA,NA,NA,NA
NA,NA,NA,NA,NA,NA,NA,NA,NA,NA,NA,NA,NA,NA,NA,NA,NA,NA
NA,NA,NA,NA,NA,NA,NA,NA,NA,NA,NA,NA,NA,NA,NA,NA,NA,NA
NA,NA,NA,NA,NA,NA,NA,NA,NA,NA,NA,NA,NA,NA,NA,NA,NA,NA
NA,NA,NA,NA,NA,NA,NA,NA,NA,NA,NA,NA,NA,NA,NA,NA,NA,NA
NA,NA,NA,NA,NA,NA,NA,NA,NA,NA,NA,NA,NA,NA,NA,NA,NA,NA
NA,NA,NA,NA,NA,NA,NA,NA,NA,NA,NA,NA,NA,NA,NA,NA,NA,NA
NA,NA,NA,NA,NA,NA,NA,NA,NA,NA,NA,NA,NA,NA,NA,NA,NA,NA
NA,NA,NA,NA,NA,NA,NA,NA,NA,NA,NA,NA,NA,NA,NA,NA,NA,NA
NA,NA,NA,NA,NA,NA,NA,NA,NA,NA,NA,NA,NA,NA,NA,NA,NA,NA
NA,NA,NA,NA,NA,NA,NA,NA,NA,NA,NA,NA,NA,NA,NA,NA,NA,NA
NA,NA,NA,NA,NA,NA,NA,NA,NA,NA,NA,NA,NA,NA,NA,NA,NA,NA
NA,NA,NA,NA,NA,NA,NA,NA,NA,NA,NA,NA,NA,NA,NA,NA,NA,NA
NA,NA,NA,NA,NA,NA,NA,NA,NA,NA,NA,NA,NA,NA,NA,NA,NA,NA
NA,NA,NA,NA,NA,NA,NA,NA,NA,NA,NA,NA,NA,NA,NA,NA,NA,NA
NA,NA,NA,NA,NA,NA,NA,NA,NA,NA,NA,NA,NA,NA,NA,NA,NA,NA
NA,NA,NA,NA,NA,NA,NA,NA,NA,NA,NA,NA,NA,NA,NA,NA,NA,NA
NA,NA,NA,NA,NA,NA,NA,NA,NA,NA,NA,NA,NA,NA,NA,NA,NA,NA
NA,NA,NA,NA,NA,NA,NA,NA,NA,NA,NA,NA,NA,NA,NA,NA,NA,NA
NA,NA,NA,NA,NA,NA,NA,NA,NA,NA,NA,NA,NA,NA,NA,NA,NA,NA
NA,NA,NA,NA,NA,NA,NA,NA,NA,NA,NA,NA,NA,NA,NA,NA,NA,NA
NA,NA,NA,NA,NA,NA,NA,NA,NA,NA,NA,NA,NA,NA,NA,NA,NA,NA
NA,NA,NA,NA,NA,NA,NA,NA,NA,NA,NA,NA,NA,NA,NA,NA,NA,NA
NA,NA,NA,NA,NA,NA,NA,NA,NA,NA,NA,NA,NA,NA,NA,NA,NA,NA
NA,NA,NA,NA,NA,NA,NA,NA,NA,NA,NA,NA,NA,NA,NA,NA,NA,NA
NA,NA,NA,NA,NA,NA,NA,NA,NA,NA,NA,NA,NA,NA,NA,NA,NA,NA
NA,NA,NA,NA,NA,NA,NA,NA,NA,NA,NA,NA,NA,NA,NA,NA,NA,NA
NA,NA,NA,NA,NA,NA,NA,NA,NA,NA,NA,NA,NA,NA,NA,NA,NA,NA
NA,NA,NA,NA,NA,NA,NA,NA,NA,NA,NA,NA,NA,NA,NA,NA,NA,NA
NA,NA,NA,NA,NA,NA,NA,NA,NA,NA,NA,NA,NA,NA,NA,NA,NA,NA
NA,NA,NA,NA,NA,NA,NA,NA,NA,NA,NA,NA,NA,NA,NA,NA,NA,NA
NA,NA,NA,NA,NA,NA,NA,NA,NA,NA,NA,NA,NA,NA,NA,NA,NA,NA
NA,NA,NA,NA,NA,NA,NA,NA,NA,NA,NA,NA,NA,NA,NA,NA,NA,NA
NA,NA,NA,NA,NA,NA,NA,NA,NA,NA,NA,NA,NA,NA,NA,NA,NA,NA
NA,NA,NA,NA,NA,NA,NA,NA,NA,NA,NA,NA,NA,NA,NA,NA,NA,NA
NA,NA,NA,NA,NA,NA,NA,NA,NA,NA,NA,NA,NA,NA,NA,NA,NA,NA
NA,NA,NA,NA,NA,NA,NA,NA,NA,NA,NA,NA,NA,NA,NA,NA,NA,NA
NA,NA,NA,NA,NA,NA,NA,NA,NA,NA,NA,NA,NA,NA,NA,NA,NA,NA
NA,NA,NA,NA,NA,NA,NA,NA,NA,NA,NA,NA,NA,NA,NA,NA,NA,NA
NA,NA,NA,NA,NA,NA,NA,NA,NA,NA,NA,NA,NA,NA,NA,NA,NA,NA
NA,NA,NA,NA,NA,NA,NA,NA,NA,NA,NA,NA,NA,NA,NA,NA,NA,NA
NA,NA,NA,NA,NA,NA,NA,NA,NA,NA,NA,NA,NA,NA,NA,NA,NA,NA
NA,NA,NA,NA,NA,NA,NA,NA,NA,NA,NA,NA,NA,NA,NA,NA,NA,NA
NA,NA,NA,NA,NA,NA,NA,NA,NA,NA,NA,NA,NA,NA,NA,NA,NA,NA
NA,NA,NA,NA,NA,NA,NA,NA,NA,NA,NA,NA,NA,NA,NA,NA,NA,NA
NA,NA,NA,NA,NA,NA,NA,NA,NA,NA,NA,NA,NA,NA,NA,NA,NA,NA
NA,NA,NA,NA,NA,NA,NA,NA,NA,NA,NA,NA,NA,NA,NA,NA,NA,NA
NA,NA,NA,NA,NA,NA,NA,NA,NA,NA,NA,NA,NA,NA,NA,NA,NA,NA
NA,NA,NA,NA,NA,NA,NA,NA,NA,NA,NA,NA,NA,NA,NA,NA,NA,NA
NA,NA,NA,NA,NA,NA,NA,NA,NA,NA,NA,NA,NA,NA,NA,NA,NA,NA
NA,NA,NA,NA,NA,NA,NA,NA,NA,NA,NA,NA,NA,NA,NA,NA,NA,NA
NA,NA,NA,NA,NA,NA,NA,NA,NA,NA,NA,NA,NA,NA,NA,NA,NA,NA
NA,NA,NA,NA,NA,NA,NA,NA,NA,NA,NA,NA,NA,NA,NA,NA,NA,NA
NA,NA,NA,NA,NA,NA,NA,NA,NA,NA,NA,NA,NA,NA,NA,NA,NA,NA
NA,NA,NA,NA,NA,NA,NA,NA,NA,NA,NA,NA,NA,NA,NA,NA,NA,NA
NA,NA,NA,NA,NA,NA,NA,NA,NA,NA,NA,NA,NA,NA,NA,NA,NA,NA
NA,NA,NA,NA,NA,NA,NA,NA,NA,NA,NA,NA,NA,NA,NA,NA,NA,NA
NA,NA,NA,NA,NA,NA,NA,NA,NA,NA,NA,NA,NA,NA,NA,NA,NA,NA
NA,NA,NA,NA,NA,NA,NA,NA,NA,NA,NA,NA,NA,NA,NA,NA,NA,NA
NA,NA,NA,NA,NA,NA,NA,NA,NA,NA,NA,NA,NA,NA,NA,NA,NA,NA
NA,NA,NA,NA,NA,NA,NA,NA,NA,NA,NA,NA,NA,NA,NA,NA,NA,NA
NA,NA,NA,NA,NA,NA,NA,NA,NA,NA,NA,NA,NA,NA,NA,NA,NA,NA
NA,NA,NA,NA,NA,NA,NA,NA,NA,NA,NA,NA,NA,NA,NA,NA,NA,NA
NA,NA,NA,NA,NA,NA,NA,NA,NA,NA,NA,NA,NA,NA,NA,NA,NA,NA
NA,NA,NA,NA,NA,NA,NA,NA,NA,NA,NA,NA,NA,NA,NA,NA,NA,NA
NA,NA,NA,NA,NA,NA,NA,NA,NA,NA,NA,NA,NA,NA,NA,NA,NA,NA
NA,NA,NA,NA,NA,NA,NA,NA,NA,NA,NA,NA,NA,NA,NA,NA,NA,NA
NA,NA,NA,NA,NA,NA,NA,NA,NA,NA,NA,NA,NA,NA,NA,NA,NA,NA
NA,NA,NA,NA,NA,NA,NA,NA,NA,NA,NA,NA,NA,NA,NA,NA,NA,NA
NA,NA,NA,NA,NA,NA,NA,NA,NA,NA,NA,NA,NA,NA,NA,NA,NA,NA
NA,NA,NA,NA,NA,NA,NA,NA,NA,NA,NA,NA,NA,NA,NA,NA,NA,NA
NA,NA,NA,NA,NA,NA,NA,NA,NA,NA,NA,NA,NA,NA,NA,NA,NA,NA
NA,NA,NA,NA,NA,NA,NA,NA,NA,NA,NA,NA,NA,NA,NA,NA,NA,NA
NA,NA,NA,NA,NA,NA,NA,NA,NA,NA,NA,NA,NA,NA,NA,NA,NA,NA
NA,NA,NA,NA,NA,NA,NA,NA,NA,NA,NA,NA,NA,NA,NA,NA,NA,NA
NA,NA,NA,NA,NA,NA,NA,NA,NA,NA,NA,NA,NA,NA,NA,NA,NA,NA
NA,NA,NA,NA,NA,NA,NA,NA,NA,NA,NA,NA,NA,NA,NA,NA,NA,NA
NA,NA,NA,NA,NA,NA,NA,NA,NA,NA,NA,NA,NA,NA,NA,NA,NA,NA
NA,NA,NA,NA,NA,NA,NA,NA,NA,NA,NA,NA,NA,NA,NA,NA,NA,NA
NA,NA,NA,NA,NA,NA,NA,NA,NA,NA,NA,NA,NA,NA,NA,NA,NA,NA
NA,NA,NA,NA,NA,NA,NA,NA,NA,NA,NA,NA,NA,NA,NA,NA,NA,NA
NA,NA,NA,NA,NA,NA,NA,NA,NA,NA,NA,NA,NA,NA,NA,NA,NA,NA
NA,NA,NA,NA,NA,NA,NA,NA,NA,NA,NA,NA,NA,NA,NA,NA,NA,NA
NA,NA,NA,NA,NA,NA,NA,NA,NA,NA,NA,NA,NA,NA,NA,NA,NA,NA
NA,NA,NA,NA,NA,NA,NA,NA,NA,NA,NA,NA,NA,NA,NA,NA,NA,NA
NA,NA,NA,NA,NA,NA,NA,NA,NA,NA,NA,NA,NA,NA,NA,NA,NA,NA
NA,NA,NA,NA,NA,NA,NA,NA,NA,NA,NA,NA,NA,NA,NA,NA,NA,NA
NA,NA,NA,NA,NA,NA,NA,NA,NA,NA,NA,NA,NA,NA,NA,NA,NA,NA
NA,NA,NA,NA,NA,NA,NA,NA,NA,NA,NA,NA,NA,NA,NA,NA,NA,NA
NA,NA,NA,NA,NA,NA,NA,NA,NA,NA,NA,NA,NA,NA,NA,NA,NA,NA
NA,NA,NA,NA,NA,NA,NA,NA,NA,NA,NA,NA,NA,NA,NA,NA,NA,NA
NA,NA,NA,NA,NA,NA,NA,NA,NA,NA,NA,NA,NA,NA,NA,NA,NA,NA
NA,NA,NA,NA,NA,NA,NA,NA,NA,NA,NA,NA,NA,NA,NA,NA,NA,NA
NA,NA,NA,NA,NA,NA,NA,NA,NA,NA,NA,NA,NA,NA,NA,NA,NA,NA
NA,NA,NA,NA,NA,NA,NA,NA,NA,NA,NA,NA,NA,NA,NA,NA,NA,NA
NA,NA,NA,NA,NA,NA,NA,NA,NA,NA,NA,NA,NA,NA,NA,NA,NA,NA
NA,NA,NA,NA,NA,NA,NA,NA,NA,NA,NA,NA,NA,NA,NA,NA,NA,NA
NA,NA,NA,NA,NA,NA,NA,NA,NA,NA,NA,NA,NA,NA,NA,NA,NA,NA
NA,NA,NA,NA,NA,NA,NA,NA,NA,NA,NA,NA,NA,NA,NA,NA,NA,NA
NA,NA,NA,NA,NA,NA,NA,NA,NA,NA,NA,NA,NA,NA,NA,NA,NA,NA
NA,NA,NA,NA,NA,NA,NA,NA,NA,NA,NA,NA,NA,NA,NA,NA,NA,NA
NA,NA,NA,NA,NA,NA,NA,NA,NA,NA,NA,NA,NA,NA,NA,NA,NA,NA
NA,NA,NA,NA,NA,NA,NA,NA,NA,NA,NA,NA,NA,NA,NA,NA,NA,NA
NA,NA,NA,NA,NA,NA,NA,NA,NA,NA,NA,NA,NA,NA,NA,NA,NA,NA
NA,NA,NA,NA,NA,NA,NA,NA,NA,NA,NA,NA,NA,NA,NA,NA,NA,NA
NA,NA,NA,NA,NA,NA,NA,NA,NA,NA,NA,NA,NA,NA,NA,NA,NA,NA
NA,NA,NA,NA,NA,NA,NA,NA,NA,NA,NA,NA,NA,NA,NA,NA,NA,NA
NA,NA,NA,NA,NA,NA,NA,NA,NA,NA,NA,NA,NA,NA,NA,NA,NA,NA
NA,NA,NA,NA,NA,NA,NA,NA,NA,NA,NA,NA,NA,NA,NA,NA,NA,NA
NA,NA,NA,NA,NA,NA,NA,NA,NA,NA,NA,NA,NA,NA,NA,NA,NA,NA
NA,NA,NA,NA,NA,NA,NA,NA,NA,NA,NA,NA,NA,NA,NA,NA,NA,NA
NA,NA,NA,NA,NA,NA,NA,NA,NA,NA,NA,NA,NA,NA,NA,NA,NA,NA
NA,NA,NA,NA,NA,NA,NA,NA,NA,NA,NA,NA,NA,NA,NA,NA,NA,NA
NA,NA,NA,NA,NA,NA,NA,NA,NA,NA,NA,NA,NA,NA,NA,NA,NA,NA
NA,NA,NA,NA,NA,NA,NA,NA,NA,NA,NA,NA,NA,NA,NA,NA,NA,NA
NA,NA,NA,NA,NA,NA,NA,NA,NA,NA,NA,NA,NA,NA,NA,NA,NA,NA
NA,NA,NA,NA,NA,NA,NA,NA,NA,NA,NA,NA,NA,NA,NA,NA,NA,NA
NA,NA,NA,NA,NA,NA,NA,NA,NA,NA,NA,NA,NA,NA,NA,NA,NA,NA
NA,NA,NA,NA,NA,NA,NA,NA,NA,NA,NA,NA,NA,NA,NA,NA,NA,NA
NA,NA,NA,NA,NA,NA,NA,NA,NA,NA,NA,NA,NA,NA,NA,NA,NA,NA
NA,NA,NA,NA,NA,NA,NA,NA,NA,NA,NA,NA,NA,NA,NA,NA,NA,NA
NA,NA,NA,NA,NA,NA,NA,NA,NA,NA,NA,NA,NA,NA,NA,NA,NA,NA
NA,NA,NA,NA,NA,NA,NA,NA,NA,NA,NA,NA,NA,NA,NA,NA,NA,NA
NA,NA,NA,NA,NA,NA,NA,NA,NA,NA,NA,NA,NA,NA,NA,NA,NA,NA
NA,NA,NA,NA,NA,NA,NA,NA,NA,NA,NA,NA,NA,NA,NA,NA,NA,NA
NA,NA,NA,NA,NA,NA,NA,NA,NA,NA,NA,NA,NA,NA,NA,NA,NA,NA
NA,NA,NA,NA,NA,NA,NA,NA,NA,NA,NA,NA,NA,NA,NA,NA,NA,NA
NA,NA,NA,NA,NA,NA,NA,NA,NA,NA,NA,NA,NA,NA,NA,NA,NA,NA
NA,NA,NA,NA,NA,NA,NA,NA,NA,NA,NA,NA,NA,NA,NA,NA,NA,NA
NA,NA,NA,NA,NA,NA,NA,NA,NA,NA,NA,NA,NA,NA,NA,NA,NA,NA
NA,NA,NA,NA,NA,NA,NA,NA,NA,NA,NA,NA,NA,NA,NA,NA,NA,NA
NA,NA,NA,NA,NA,NA,NA,NA,NA,NA,NA,NA,NA,NA,NA,NA,NA,NA
NA,NA,NA,NA,NA,NA,NA,NA,NA,NA,NA,NA,NA,NA,NA,NA,NA,NA
NA,NA,NA,NA,NA,NA,NA,NA,NA,NA,NA,NA,NA,NA,NA,NA,NA,NA
NA,NA,NA,NA,NA,NA,NA,NA,NA,NA,NA,NA,NA,NA,NA,NA,NA,NA
NA,NA,NA,NA,NA,NA,NA,NA,NA,NA,NA,NA,NA,NA,NA,NA,NA,NA
NA,NA,NA,NA,NA,NA,NA,NA,NA,NA,NA,NA,NA,NA,NA,NA,NA,NA
NA,NA,NA,NA,NA,NA,NA,NA,NA,NA,NA,NA,NA,NA,NA,NA,NA,NA
NA,NA,NA,NA,NA,NA,NA,NA,NA,NA,NA,NA,NA,NA,NA,NA,NA,NA
NA,NA,NA,NA,NA,NA,NA,NA,NA,NA,NA,NA,NA,NA,NA,NA,NA,NA
NA,NA,NA,NA,NA,NA,NA,NA,NA,NA,NA,NA,NA,NA,NA,NA,NA,NA
NA,NA,NA,NA,NA,NA,NA,NA,NA,NA,NA,NA,NA,NA,NA,NA,NA,NA
NA,NA,NA,NA,NA,NA,NA,NA,NA,NA,NA,NA,NA,NA,NA,NA,NA,NA
NA,NA,NA,NA,NA,NA,NA,NA,NA,NA,NA,NA,NA,NA,NA,NA,NA,NA
NA,NA,NA,NA,NA,NA,NA,NA,NA,NA,NA,NA,NA,NA,NA,NA,NA,NA
NA,NA,NA,NA,NA,NA,NA,NA,NA,NA,NA,NA,NA,NA,NA,NA,NA,NA
NA,NA,NA,NA,NA,NA,NA,NA,NA,NA,NA,NA,NA,NA,NA,NA,NA,NA
NA,NA,NA,NA,NA,NA,NA,NA,NA,NA,NA,NA,NA,NA,NA,NA,NA,NA
NA,NA,NA,NA,NA,NA,NA,NA,NA,NA,NA,NA,NA,NA,NA,NA,NA,NA
NA,NA,NA,NA,NA,NA,NA,NA,NA,NA,NA,NA,NA,NA,NA,NA,NA,NA
1987267870,"CC_BY_NC_4_0","Urocitellus columbianus","PRESERVED_SPECIMEN",NA,NA,NA,1982,5,18,"CA","Alberta","","50DEG 30MIN N, 114DEG 20MIN W, RIO ALTO RANCH","CANADA: ALBERTA:  CO.; 50DEG 30MIN N, 114DEG 20MIN W, RIO ALTO RANCH; , ;","UMMZ","Dobson, F.",""
NA,NA,NA,NA,NA,NA,NA,NA,NA,NA,NA,NA,NA,NA,NA,NA,NA,NA
NA,NA,NA,NA,NA,NA,NA,NA,NA,NA,NA,NA,NA,NA,NA,NA,NA,NA
NA,NA,NA,NA,NA,NA,NA,NA,NA,NA,NA,NA,NA,NA,NA,NA,NA,NA
NA,NA,NA,NA,NA,NA,NA,NA,NA,NA,NA,NA,NA,NA,NA,NA,NA,NA
NA,NA,NA,NA,NA,NA,NA,NA,NA,NA,NA,NA,NA,NA,NA,NA,NA,NA
NA,NA,NA,NA,NA,NA,NA,NA,NA,NA,NA,NA,NA,NA,NA,NA,NA,NA
NA,NA,NA,NA,NA,NA,NA,NA,NA,NA,NA,NA,NA,NA,NA,NA,NA,NA
NA,NA,NA,NA,NA,NA,NA,NA,NA,NA,NA,NA,NA,NA,NA,NA,NA,NA
NA,NA,NA,NA,NA,NA,NA,NA,NA,NA,NA,NA,NA,NA,NA,NA,NA,NA
NA,NA,NA,NA,NA,NA,NA,NA,NA,NA,NA,NA,NA,NA,NA,NA,NA,NA
NA,NA,NA,NA,NA,NA,NA,NA,NA,NA,NA,NA,NA,NA,NA,NA,NA,NA
NA,NA,NA,NA,NA,NA,NA,NA,NA,NA,NA,NA,NA,NA,NA,NA,NA,NA
NA,NA,NA,NA,NA,NA,NA,NA,NA,NA,NA,NA,NA,NA,NA,NA,NA,NA
NA,NA,NA,NA,NA,NA,NA,NA,NA,NA,NA,NA,NA,NA,NA,NA,NA,NA
NA,NA,NA,NA,NA,NA,NA,NA,NA,NA,NA,NA,NA,NA,NA,NA,NA,NA
NA,NA,NA,NA,NA,NA,NA,NA,NA,NA,NA,NA,NA,NA,NA,NA,NA,NA
NA,NA,NA,NA,NA,NA,NA,NA,NA,NA,NA,NA,NA,NA,NA,NA,NA,NA
NA,NA,NA,NA,NA,NA,NA,NA,NA,NA,NA,NA,NA,NA,NA,NA,NA,NA
NA,NA,NA,NA,NA,NA,NA,NA,NA,NA,NA,NA,NA,NA,NA,NA,NA,NA
NA,NA,NA,NA,NA,NA,NA,NA,NA,NA,NA,NA,NA,NA,NA,NA,NA,NA
NA,NA,NA,NA,NA,NA,NA,NA,NA,NA,NA,NA,NA,NA,NA,NA,NA,NA
NA,NA,NA,NA,NA,NA,NA,NA,NA,NA,NA,NA,NA,NA,NA,NA,NA,NA
NA,NA,NA,NA,NA,NA,NA,NA,NA,NA,NA,NA,NA,NA,NA,NA,NA,NA
NA,NA,NA,NA,NA,NA,NA,NA,NA,NA,NA,NA,NA,NA,NA,NA,NA,NA
NA,NA,NA,NA,NA,NA,NA,NA,NA,NA,NA,NA,NA,NA,NA,NA,NA,NA
NA,NA,NA,NA,NA,NA,NA,NA,NA,NA,NA,NA,NA,NA,NA,NA,NA,NA
NA,NA,NA,NA,NA,NA,NA,NA,NA,NA,NA,NA,NA,NA,NA,NA,NA,NA
NA,NA,NA,NA,NA,NA,NA,NA,NA,NA,NA,NA,NA,NA,NA,NA,NA,NA
NA,NA,NA,NA,NA,NA,NA,NA,NA,NA,NA,NA,NA,NA,NA,NA,NA,NA
NA,NA,NA,NA,NA,NA,NA,NA,NA,NA,NA,NA,NA,NA,NA,NA,NA,NA
NA,NA,NA,NA,NA,NA,NA,NA,NA,NA,NA,NA,NA,NA,NA,NA,NA,NA
NA,NA,NA,NA,NA,NA,NA,NA,NA,NA,NA,NA,NA,NA,NA,NA,NA,NA
NA,NA,NA,NA,NA,NA,NA,NA,NA,NA,NA,NA,NA,NA,NA,NA,NA,NA
NA,NA,NA,NA,NA,NA,NA,NA,NA,NA,NA,NA,NA,NA,NA,NA,NA,NA
1987259926,"CC_BY_NC_4_0","Urocitellus columbianus","PRESERVED_SPECIMEN",NA,NA,NA,1982,6,22,"CA","Alberta","","50DEG 30MIN N, 114DEG 20MIN W, RIO ALTO RANCH","CANADA: ALBERTA:  CO.; 50DEG 30MIN N, 114DEG 20MIN W, RIO ALTO RANCH; , ;","UMMZ","Dobson, F.",""
NA,NA,NA,NA,NA,NA,NA,NA,NA,NA,NA,NA,NA,NA,NA,NA,NA,NA
NA,NA,NA,NA,NA,NA,NA,NA,NA,NA,NA,NA,NA,NA,NA,NA,NA,NA
NA,NA,NA,NA,NA,NA,NA,NA,NA,NA,NA,NA,NA,NA,NA,NA,NA,NA
NA,NA,NA,NA,NA,NA,NA,NA,NA,NA,NA,NA,NA,NA,NA,NA,NA,NA
NA,NA,NA,NA,NA,NA,NA,NA,NA,NA,NA,NA,NA,NA,NA,NA,NA,NA
NA,NA,NA,NA,NA,NA,NA,NA,NA,NA,NA,NA,NA,NA,NA,NA,NA,NA
NA,NA,NA,NA,NA,NA,NA,NA,NA,NA,NA,NA,NA,NA,NA,NA,NA,NA
NA,NA,NA,NA,NA,NA,NA,NA,NA,NA,NA,NA,NA,NA,NA,NA,NA,NA
NA,NA,NA,NA,NA,NA,NA,NA,NA,NA,NA,NA,NA,NA,NA,NA,NA,NA
NA,NA,NA,NA,NA,NA,NA,NA,NA,NA,NA,NA,NA,NA,NA,NA,NA,NA
NA,NA,NA,NA,NA,NA,NA,NA,NA,NA,NA,NA,NA,NA,NA,NA,NA,NA
NA,NA,NA,NA,NA,NA,NA,NA,NA,NA,NA,NA,NA,NA,NA,NA,NA,NA
NA,NA,NA,NA,NA,NA,NA,NA,NA,NA,NA,NA,NA,NA,NA,NA,NA,NA
NA,NA,NA,NA,NA,NA,NA,NA,NA,NA,NA,NA,NA,NA,NA,NA,NA,NA
NA,NA,NA,NA,NA,NA,NA,NA,NA,NA,NA,NA,NA,NA,NA,NA,NA,NA
NA,NA,NA,NA,NA,NA,NA,NA,NA,NA,NA,NA,NA,NA,NA,NA,NA,NA
NA,NA,NA,NA,NA,NA,NA,NA,NA,NA,NA,NA,NA,NA,NA,NA,NA,NA
1987254007,"CC_BY_NC_4_0","Urocitellus columbianus","PRESERVED_SPECIMEN",NA,NA,NA,1982,6,25,"CA","Alberta","","50DEG 30MIN N, 114DEG 20MIN W, RIO ALTO RANCH","CANADA: ALBERTA:  CO.; 50DEG 30MIN N, 114DEG 20MIN W, RIO ALTO RANCH; , ;","UMMZ","Dobson, F.",""
NA,NA,NA,NA,NA,NA,NA,NA,NA,NA,NA,NA,NA,NA,NA,NA,NA,NA
NA,NA,NA,NA,NA,NA,NA,NA,NA,NA,NA,NA,NA,NA,NA,NA,NA,NA
NA,NA,NA,NA,NA,NA,NA,NA,NA,NA,NA,NA,NA,NA,NA,NA,NA,NA
NA,NA,NA,NA,NA,NA,NA,NA,NA,NA,NA,NA,NA,NA,NA,NA,NA,NA
NA,NA,NA,NA,NA,NA,NA,NA,NA,NA,NA,NA,NA,NA,NA,NA,NA,NA
NA,NA,NA,NA,NA,NA,NA,NA,NA,NA,NA,NA,NA,NA,NA,NA,NA,NA
NA,NA,NA,NA,NA,NA,NA,NA,NA,NA,NA,NA,NA,NA,NA,NA,NA,NA
NA,NA,NA,NA,NA,NA,NA,NA,NA,NA,NA,NA,NA,NA,NA,NA,NA,NA
NA,NA,NA,NA,NA,NA,NA,NA,NA,NA,NA,NA,NA,NA,NA,NA,NA,NA
NA,NA,NA,NA,NA,NA,NA,NA,NA,NA,NA,NA,NA,NA,NA,NA,NA,NA
NA,NA,NA,NA,NA,NA,NA,NA,NA,NA,NA,NA,NA,NA,NA,NA,NA,NA
NA,NA,NA,NA,NA,NA,NA,NA,NA,NA,NA,NA,NA,NA,NA,NA,NA,NA
NA,NA,NA,NA,NA,NA,NA,NA,NA,NA,NA,NA,NA,NA,NA,NA,NA,NA
NA,NA,NA,NA,NA,NA,NA,NA,NA,NA,NA,NA,NA,NA,NA,NA,NA,NA
NA,NA,NA,NA,NA,NA,NA,NA,NA,NA,NA,NA,NA,NA,NA,NA,NA,NA
NA,NA,NA,NA,NA,NA,NA,NA,NA,NA,NA,NA,NA,NA,NA,NA,NA,NA
NA,NA,NA,NA,NA,NA,NA,NA,NA,NA,NA,NA,NA,NA,NA,NA,NA,NA
1987248613,"CC_BY_NC_4_0","Urocitellus columbianus","PRESERVED_SPECIMEN",NA,NA,NA,1982,6,25,"CA","Alberta","","50DEG 30MIN N, 114DEG 20MIN W, RIO ALTO RANCH","CANADA: ALBERTA:  CO.; 50DEG 30MIN N, 114DEG 20MIN W, RIO ALTO RANCH; , ;","UMMZ","Dobson, F.",""
NA,NA,NA,NA,NA,NA,NA,NA,NA,NA,NA,NA,NA,NA,NA,NA,NA,NA
NA,NA,NA,NA,NA,NA,NA,NA,NA,NA,NA,NA,NA,NA,NA,NA,NA,NA
NA,NA,NA,NA,NA,NA,NA,NA,NA,NA,NA,NA,NA,NA,NA,NA,NA,NA
NA,NA,NA,NA,NA,NA,NA,NA,NA,NA,NA,NA,NA,NA,NA,NA,NA,NA
NA,NA,NA,NA,NA,NA,NA,NA,NA,NA,NA,NA,NA,NA,NA,NA,NA,NA
NA,NA,NA,NA,NA,NA,NA,NA,NA,NA,NA,NA,NA,NA,NA,NA,NA,NA
NA,NA,NA,NA,NA,NA,NA,NA,NA,NA,NA,NA,NA,NA,NA,NA,NA,NA
NA,NA,NA,NA,NA,NA,NA,NA,NA,NA,NA,NA,NA,NA,NA,NA,NA,NA
NA,NA,NA,NA,NA,NA,NA,NA,NA,NA,NA,NA,NA,NA,NA,NA,NA,NA
NA,NA,NA,NA,NA,NA,NA,NA,NA,NA,NA,NA,NA,NA,NA,NA,NA,NA
NA,NA,NA,NA,NA,NA,NA,NA,NA,NA,NA,NA,NA,NA,NA,NA,NA,NA
NA,NA,NA,NA,NA,NA,NA,NA,NA,NA,NA,NA,NA,NA,NA,NA,NA,NA
NA,NA,NA,NA,NA,NA,NA,NA,NA,NA,NA,NA,NA,NA,NA,NA,NA,NA
NA,NA,NA,NA,NA,NA,NA,NA,NA,NA,NA,NA,NA,NA,NA,NA,NA,NA
NA,NA,NA,NA,NA,NA,NA,NA,NA,NA,NA,NA,NA,NA,NA,NA,NA,NA
NA,NA,NA,NA,NA,NA,NA,NA,NA,NA,NA,NA,NA,NA,NA,NA,NA,NA
NA,NA,NA,NA,NA,NA,NA,NA,NA,NA,NA,NA,NA,NA,NA,NA,NA,NA
1987245017,"CC_BY_NC_4_0","Urocitellus columbianus","PRESERVED_SPECIMEN",NA,NA,NA,1982,5,18,"CA","Alberta","","50DEG 30MIN N, 114DEG 20MIN W, RIO ALTO RANCH","CANADA: ALBERTA:  CO.; 50DEG 30MIN N, 114DEG 20MIN W, RIO ALTO RANCH; , ;","UMMZ","Dobson, F.",""
NA,NA,NA,NA,NA,NA,NA,NA,NA,NA,NA,NA,NA,NA,NA,NA,NA,NA
NA,NA,NA,NA,NA,NA,NA,NA,NA,NA,NA,NA,NA,NA,NA,NA,NA,NA
NA,NA,NA,NA,NA,NA,NA,NA,NA,NA,NA,NA,NA,NA,NA,NA,NA,NA
NA,NA,NA,NA,NA,NA,NA,NA,NA,NA,NA,NA,NA,NA,NA,NA,NA,NA
NA,NA,NA,NA,NA,NA,NA,NA,NA,NA,NA,NA,NA,NA,NA,NA,NA,NA
NA,NA,NA,NA,NA,NA,NA,NA,NA,NA,NA,NA,NA,NA,NA,NA,NA,NA
NA,NA,NA,NA,NA,NA,NA,NA,NA,NA,NA,NA,NA,NA,NA,NA,NA,NA
NA,NA,NA,NA,NA,NA,NA,NA,NA,NA,NA,NA,NA,NA,NA,NA,NA,NA
NA,NA,NA,NA,NA,NA,NA,NA,NA,NA,NA,NA,NA,NA,NA,NA,NA,NA
1987242926,"CC_BY_NC_4_0","Urocitellus columbianus","PRESERVED_SPECIMEN",NA,NA,NA,1982,6,25,"CA","Alberta","","50DEG 30MIN N, 114DEG 20MIN W, RIO ALTO RANCH","CANADA: ALBERTA:  CO.; 50DEG 30MIN N, 114DEG 20MIN W, RIO ALTO RANCH; , ;","UMMZ","Dobson, F.",""
NA,NA,NA,NA,NA,NA,NA,NA,NA,NA,NA,NA,NA,NA,NA,NA,NA,NA
NA,NA,NA,NA,NA,NA,NA,NA,NA,NA,NA,NA,NA,NA,NA,NA,NA,NA
NA,NA,NA,NA,NA,NA,NA,NA,NA,NA,NA,NA,NA,NA,NA,NA,NA,NA
NA,NA,NA,NA,NA,NA,NA,NA,NA,NA,NA,NA,NA,NA,NA,NA,NA,NA
NA,NA,NA,NA,NA,NA,NA,NA,NA,NA,NA,NA,NA,NA,NA,NA,NA,NA
NA,NA,NA,NA,NA,NA,NA,NA,NA,NA,NA,NA,NA,NA,NA,NA,NA,NA
NA,NA,NA,NA,NA,NA,NA,NA,NA,NA,NA,NA,NA,NA,NA,NA,NA,NA
NA,NA,NA,NA,NA,NA,NA,NA,NA,NA,NA,NA,NA,NA,NA,NA,NA,NA
NA,NA,NA,NA,NA,NA,NA,NA,NA,NA,NA,NA,NA,NA,NA,NA,NA,NA
NA,NA,NA,NA,NA,NA,NA,NA,NA,NA,NA,NA,NA,NA,NA,NA,NA,NA
NA,NA,NA,NA,NA,NA,NA,NA,NA,NA,NA,NA,NA,NA,NA,NA,NA,NA
NA,NA,NA,NA,NA,NA,NA,NA,NA,NA,NA,NA,NA,NA,NA,NA,NA,NA
NA,NA,NA,NA,NA,NA,NA,NA,NA,NA,NA,NA,NA,NA,NA,NA,NA,NA
NA,NA,NA,NA,NA,NA,NA,NA,NA,NA,NA,NA,NA,NA,NA,NA,NA,NA
NA,NA,NA,NA,NA,NA,NA,NA,NA,NA,NA,NA,NA,NA,NA,NA,NA,NA
NA,NA,NA,NA,NA,NA,NA,NA,NA,NA,NA,NA,NA,NA,NA,NA,NA,NA
NA,NA,NA,NA,NA,NA,NA,NA,NA,NA,NA,NA,NA,NA,NA,NA,NA,NA
NA,NA,NA,NA,NA,NA,NA,NA,NA,NA,NA,NA,NA,NA,NA,NA,NA,NA
NA,NA,NA,NA,NA,NA,NA,NA,NA,NA,NA,NA,NA,NA,NA,NA,NA,NA
NA,NA,NA,NA,NA,NA,NA,NA,NA,NA,NA,NA,NA,NA,NA,NA,NA,NA
NA,NA,NA,NA,NA,NA,NA,NA,NA,NA,NA,NA,NA,NA,NA,NA,NA,NA
NA,NA,NA,NA,NA,NA,NA,NA,NA,NA,NA,NA,NA,NA,NA,NA,NA,NA
NA,NA,NA,NA,NA,NA,NA,NA,NA,NA,NA,NA,NA,NA,NA,NA,NA,NA
NA,NA,NA,NA,NA,NA,NA,NA,NA,NA,NA,NA,NA,NA,NA,NA,NA,NA
NA,NA,NA,NA,NA,NA,NA,NA,NA,NA,NA,NA,NA,NA,NA,NA,NA,NA
NA,NA,NA,NA,NA,NA,NA,NA,NA,NA,NA,NA,NA,NA,NA,NA,NA,NA
NA,NA,NA,NA,NA,NA,NA,NA,NA,NA,NA,NA,NA,NA,NA,NA,NA,NA
NA,NA,NA,NA,NA,NA,NA,NA,NA,NA,NA,NA,NA,NA,NA,NA,NA,NA
NA,NA,NA,NA,NA,NA,NA,NA,NA,NA,NA,NA,NA,NA,NA,NA,NA,NA
NA,NA,NA,NA,NA,NA,NA,NA,NA,NA,NA,NA,NA,NA,NA,NA,NA,NA
NA,NA,NA,NA,NA,NA,NA,NA,NA,NA,NA,NA,NA,NA,NA,NA,NA,NA
NA,NA,NA,NA,NA,NA,NA,NA,NA,NA,NA,NA,NA,NA,NA,NA,NA,NA
NA,NA,NA,NA,NA,NA,NA,NA,NA,NA,NA,NA,NA,NA,NA,NA,NA,NA
NA,NA,NA,NA,NA,NA,NA,NA,NA,NA,NA,NA,NA,NA,NA,NA,NA,NA
NA,NA,NA,NA,NA,NA,NA,NA,NA,NA,NA,NA,NA,NA,NA,NA,NA,NA
NA,NA,NA,NA,NA,NA,NA,NA,NA,NA,NA,NA,NA,NA,NA,NA,NA,NA
NA,NA,NA,NA,NA,NA,NA,NA,NA,NA,NA,NA,NA,NA,NA,NA,NA,NA
NA,NA,NA,NA,NA,NA,NA,NA,NA,NA,NA,NA,NA,NA,NA,NA,NA,NA
NA,NA,NA,NA,NA,NA,NA,NA,NA,NA,NA,NA,NA,NA,NA,NA,NA,NA
NA,NA,NA,NA,NA,NA,NA,NA,NA,NA,NA,NA,NA,NA,NA,NA,NA,NA
NA,NA,NA,NA,NA,NA,NA,NA,NA,NA,NA,NA,NA,NA,NA,NA,NA,NA
NA,NA,NA,NA,NA,NA,NA,NA,NA,NA,NA,NA,NA,NA,NA,NA,NA,NA
NA,NA,NA,NA,NA,NA,NA,NA,NA,NA,NA,NA,NA,NA,NA,NA,NA,NA
NA,NA,NA,NA,NA,NA,NA,NA,NA,NA,NA,NA,NA,NA,NA,NA,NA,NA
NA,NA,NA,NA,NA,NA,NA,NA,NA,NA,NA,NA,NA,NA,NA,NA,NA,NA
NA,NA,NA,NA,NA,NA,NA,NA,NA,NA,NA,NA,NA,NA,NA,NA,NA,NA
NA,NA,NA,NA,NA,NA,NA,NA,NA,NA,NA,NA,NA,NA,NA,NA,NA,NA
NA,NA,NA,NA,NA,NA,NA,NA,NA,NA,NA,NA,NA,NA,NA,NA,NA,NA
NA,NA,NA,NA,NA,NA,NA,NA,NA,NA,NA,NA,NA,NA,NA,NA,NA,NA
NA,NA,NA,NA,NA,NA,NA,NA,NA,NA,NA,NA,NA,NA,NA,NA,NA,NA
NA,NA,NA,NA,NA,NA,NA,NA,NA,NA,NA,NA,NA,NA,NA,NA,NA,NA
NA,NA,NA,NA,NA,NA,NA,NA,NA,NA,NA,NA,NA,NA,NA,NA,NA,NA
NA,NA,NA,NA,NA,NA,NA,NA,NA,NA,NA,NA,NA,NA,NA,NA,NA,NA
NA,NA,NA,NA,NA,NA,NA,NA,NA,NA,NA,NA,NA,NA,NA,NA,NA,NA
NA,NA,NA,NA,NA,NA,NA,NA,NA,NA,NA,NA,NA,NA,NA,NA,NA,NA
1804083687,"CC_BY_4_0","Urocitellus columbianus","PRESERVED_SPECIMEN",-115.051,51.0353,NA,1979,6,2,"CA","Alberta (Prov.)","","Kananaskis Valley Research Station, on Hwy 40","","CMN","Lawton, Todd R.",""
NA,NA,NA,NA,NA,NA,NA,NA,NA,NA,NA,NA,NA,NA,NA,NA,NA,NA
NA,NA,NA,NA,NA,NA,NA,NA,NA,NA,NA,NA,NA,NA,NA,NA,NA,NA
NA,NA,NA,NA,NA,NA,NA,NA,NA,NA,NA,NA,NA,NA,NA,NA,NA,NA
NA,NA,NA,NA,NA,NA,NA,NA,NA,NA,NA,NA,NA,NA,NA,NA,NA,NA
NA,NA,NA,NA,NA,NA,NA,NA,NA,NA,NA,NA,NA,NA,NA,NA,NA,NA
1702713040,"CC0_1_0","Urocitellus columbianus","PRESERVED_SPECIMEN",NA,NA,NA,2000,8,10,"US","Washington","Whatcom County","Harts Pass; alpine meadow, just N of jct FR 5400 & Pacific Crest Trail; T37N R18E Sec 7","USA | Washington | Whatcom | Harts Pass; alpine meadow, just N of jct FR 5400 & Pacific Crest Trail; T37N R18E Sec 7","UWBM","Collector(s): Joshua R. Whorley; Preparator(s): Joshua R. Whorley","http://arctos.database.museum/guid/UWBM:Mamm:74875"
1702713017,"CC0_1_0","Urocitellus columbianus","PRESERVED_SPECIMEN",NA,NA,NA,2000,9,11,"US","Washington","Whatcom County","Harts Pass; alpine meadow just N of jct FR 5400 & Pacific Crest Trail; T37N R18E Sec 7","USA | Washington | Whatcom | Harts Pass; alpine meadow just N of jct FR 5400 & Pacific Crest Trail; T37N R18E Sec 7","UWBM","Collector(s): Joshua R. Whorley; Preparator(s): Joshua R. Whorley","http://arctos.database.museum/guid/UWBM:Mamm:74885"
1702713011,"CC0_1_0","Urocitellus columbianus","PRESERVED_SPECIMEN",NA,NA,NA,2000,9,11,"US","Washington","Whatcom County","Harts Pass; alpine meadow just N of jct FR 5400 & Pacific Crest Trail; T37N R18E Sec 7","USA | Washington | Whatcom | Harts Pass; alpine meadow just N of jct FR 5400 & Pacific Crest Trail; T37N R18E Sec 7","UWBM","Collector(s): Joshua R. Whorley; Preparator(s): Joshua R. Whorley","http://arctos.database.museum/guid/UWBM:Mamm:74884"
1702713004,"CC0_1_0","Urocitellus columbianus","PRESERVED_SPECIMEN",NA,NA,NA,2000,9,11,"US","Washington","Whatcom County","Harts Pass; alpine meadow just N of jct FR 5400 & Pacific Crest Trail; T37N R18E Sec 7","USA | Washington | Whatcom | Harts Pass; alpine meadow just N of jct FR 5400 & Pacific Crest Trail; T37N R18E Sec 7","UWBM","Collector(s): Joshua R. Whorley; Preparator(s): Joshua R. Whorley","http://arctos.database.museum/guid/UWBM:Mamm:74883"
1702712895,"CC0_1_0","Urocitellus columbianus","PRESERVED_SPECIMEN",NA,NA,NA,2000,8,5,"US","Washington","Columbia County","Godman Campground; 0.25 mile S of junction FR 4608 x FR 40; meadow and forest above campground; T8N R40E Sec 10","USA | Washington | Columbia | Godman Campground; 0.25 mile S of junction FR 4608 x FR 40; meadow and forest above campground; T8N R40E Sec 10","UWBM","Collector(s): Joshua R. Whorley; Preparator(s): Joshua R. Whorley","http://arctos.database.museum/guid/UWBM:Mamm:74769"
1702712885,"CC0_1_0","Urocitellus columbianus","PRESERVED_SPECIMEN",NA,NA,NA,2000,8,5,"US","Washington","Columbia County","Godman Campground; 0.25 mile S of junction FR 4608 x FR 40; meadow and forest above campground; T8N R40E Sec 10","USA | Washington | Columbia | Godman Campground; 0.25 mile S of junction FR 4608 x FR 40; meadow and forest above campground; T8N R40E Sec 10","UWBM","Collector(s): Joshua R. Whorley; Preparator(s): Joshua R. Whorley","http://arctos.database.museum/guid/UWBM:Mamm:74768"
1702712870,"CC0_1_0","Urocitellus columbianus","PRESERVED_SPECIMEN",NA,NA,NA,2000,8,5,"US","Washington","Columbia County","Godman Campground; 0.25 mile S of junction FR 4608 x FR 40; meadow and forest above campground; T8N R40E Sec 10","USA | Washington | Columbia | Godman Campground; 0.25 mile S of junction FR 4608 x FR 40; meadow and forest above campground; T8N R40E Sec 10","UWBM","Collector(s): Joshua R. Whorley; Preparator(s): Joshua R. Whorley","http://arctos.database.museum/guid/UWBM:Mamm:74771"
1702712843,"CC0_1_0","Urocitellus columbianus","PRESERVED_SPECIMEN",NA,NA,NA,2000,8,5,"US","Washington","Columbia County","Godman Campground; 0.25 mile S of junction FR 4608 x FR 40; meadow and forest above campground; T8N R40E Sec 10","USA | Washington | Columbia | Godman Campground; 0.25 mile S of junction FR 4608 x FR 40; meadow and forest above campground; T8N R40E Sec 10","UWBM","Collector(s): Joshua R. Whorley; Preparator(s): Joshua R. Whorley","http://arctos.database.museum/guid/UWBM:Mamm:74770"
1702711722,"CC0_1_0","Urocitellus columbianus","PRESERVED_SPECIMEN",NA,NA,NA,2000,6,12,"US","Oregon","Wallowa County","Nez Perce Tribe Precious Lands; Beach Property, Paradise Ridge on Buford Creek Drainage; T6N R44E Sec 13","USA | Oregon | Wallowa | Nez Perce Tribe Precious Lands; Beach Property, Paradise Ridge on Buford Creek Drainage; T6N R44E Sec 13","UWBM","","http://arctos.database.museum/guid/UWBM:Mamm:73556"
1702711714,"CC0_1_0","Urocitellus columbianus","PRESERVED_SPECIMEN",NA,NA,NA,2000,6,12,"US","Oregon","Wallowa County","Nez Perce Tribe Precious Lands; Beach Property, Paradise Ridge on Buford Creek Drainage; T6N R44E Sec 13","USA | Oregon | Wallowa | Nez Perce Tribe Precious Lands; Beach Property, Paradise Ridge on Buford Creek Drainage; T6N R44E Sec 13","UWBM","","http://arctos.database.museum/guid/UWBM:Mamm:73558"
1702711708,"CC0_1_0","Urocitellus columbianus","PRESERVED_SPECIMEN",NA,NA,NA,2000,6,12,"US","Oregon","Wallowa County","Nez Perce Tribe Precious Lands; Beach Property, Paradise Ridge on Buford Creek Drainage; T6N R44E Sec 13","USA | Oregon | Wallowa | Nez Perce Tribe Precious Lands; Beach Property, Paradise Ridge on Buford Creek Drainage; T6N R44E Sec 13","UWBM","","http://arctos.database.museum/guid/UWBM:Mamm:73557"
1702711705,"CC0_1_0","Urocitellus columbianus","PRESERVED_SPECIMEN",NA,NA,NA,2000,6,13,"US","Oregon","Wallowa County","Nez Perce Tribe Precious Lands; Beach Property, Paradise Ridge on Buford Creek Drainage; T6N R44E Sec 13","USA | Oregon | Wallowa | Nez Perce Tribe Precious Lands; Beach Property, Paradise Ridge on Buford Creek Drainage; T6N R44E Sec 13","UWBM","Collector(s): Nez Perce Tribe","http://arctos.database.museum/guid/UWBM:Mamm:73560"
1702711701,"CC0_1_0","Urocitellus columbianus","PRESERVED_SPECIMEN",NA,NA,NA,2000,5,17,"US","Oregon","Wallowa County","Nez Perce Tribe Precious Lands; Beach Property, Paradise Ridge on Buford Creek Drainage; T6N R44E Sec 13","USA | Oregon | Wallowa | Nez Perce Tribe Precious Lands; Beach Property, Paradise Ridge on Buford Creek Drainage; T6N R44E Sec 13","UWBM","Collector(s): Nez Perce Tribe","http://arctos.database.museum/guid/UWBM:Mamm:73550"
1702711674,"CC0_1_0","Urocitellus columbianus","PRESERVED_SPECIMEN",NA,NA,NA,2000,6,21,"US","Oregon","Wallowa County","Nez Perce Tribe Precious Lands; Beach Property, Paradise Ridge on Buford Creek Drainage; T6N R44E Sec 13","USA | Oregon | Wallowa | Nez Perce Tribe Precious Lands; Beach Property, Paradise Ridge on Buford Creek Drainage; T6N R44E Sec 13","UWBM","Collector(s): Nez Perce Tribe","http://arctos.database.museum/guid/UWBM:Mamm:73563"
1702711660,"CC0_1_0","Urocitellus columbianus","PRESERVED_SPECIMEN",NA,NA,NA,2000,6,21,"US","Oregon","Wallowa County","Nez Perce Tribe Precious Lands; Beach Property, Paradise Ridge on Buford Creek Drainage; T6N R44E Sec 13","USA | Oregon | Wallowa | Nez Perce Tribe Precious Lands; Beach Property, Paradise Ridge on Buford Creek Drainage; T6N R44E Sec 13","UWBM","Collector(s): Nez Perce Tribe","http://arctos.database.museum/guid/UWBM:Mamm:73562"
1702711658,"CC0_1_0","Urocitellus columbianus","PRESERVED_SPECIMEN",NA,NA,NA,2000,5,16,"US","Oregon","Wallowa County","Nez Perce Tribe Precious Lands; Beach Property, Paradise Ridge on Buford Creek Drainage; T6N R44E Sec 13","USA | Oregon | Wallowa | Nez Perce Tribe Precious Lands; Beach Property, Paradise Ridge on Buford Creek Drainage; T6N R44E Sec 13","UWBM","Collector(s): Nez Perce Tribe","http://arctos.database.museum/guid/UWBM:Mamm:73567"
1702711654,"CC0_1_0","Urocitellus columbianus","PRESERVED_SPECIMEN",NA,NA,NA,2000,6,5,"US","Oregon","Wallowa County","Nez Perce Tribe Precious Lands; Beach Property, Paradise Ridge on Buford Creek Drainage; T6N R44E Sec 13","USA | Oregon | Wallowa | Nez Perce Tribe Precious Lands; Beach Property, Paradise Ridge on Buford Creek Drainage; T6N R44E Sec 13","UWBM","Collector(s): Nez Perce Tribe","http://arctos.database.museum/guid/UWBM:Mamm:73554"
1702711641,"CC0_1_0","Urocitellus columbianus","PRESERVED_SPECIMEN",NA,NA,NA,2000,6,12,"US","Oregon","Wallowa County","Nez Perce Tribe Precious Lands; Beach Property, Paradise Ridge on Buford Creek Drainage; T6N R44E Sec 13","USA | Oregon | Wallowa | Nez Perce Tribe Precious Lands; Beach Property, Paradise Ridge on Buford Creek Drainage; T6N R44E Sec 13","UWBM","","http://arctos.database.museum/guid/UWBM:Mamm:73555"
1702711635,"CC0_1_0","Urocitellus columbianus","PRESERVED_SPECIMEN",NA,NA,NA,2000,6,5,"US","Oregon","Wallowa County","Nez Perce Tribe Precious Lands; Beach Property, Paradise Ridge on Buford Creek Drainage; T6N R44E Sec 13","USA | Oregon | Wallowa | Nez Perce Tribe Precious Lands; Beach Property, Paradise Ridge on Buford Creek Drainage; T6N R44E Sec 13","UWBM","Collector(s): Nez Perce Tribe","http://arctos.database.museum/guid/UWBM:Mamm:73553"
1702680747,"CC0_1_0","Urocitellus columbianus","PRESERVED_SPECIMEN",NA,NA,NA,1978,5,10,"US","Washington","Walla Walla County","Umatilla National Forest near Walla Walla","USA | Washington | Walla Walla | Umatilla National Forest near Walla Walla","UWBM","","http://arctos.database.museum/guid/UWBM:Mamm:42789"
NA,NA,NA,NA,NA,NA,NA,NA,NA,NA,NA,NA,NA,NA,NA,NA,NA,NA
1702680480,"CC0_1_0","Urocitellus columbianus","PRESERVED_SPECIMEN",-117.1996621,45.3134765,4566,1975,8,3,"US","Oregon","Wallowa County","Wallowa Lake, along Hwy 82; T35 R45E Sec 16","USA | Oregon | Wallowa | Wallowa Lake, along Hwy 82; T35 R45E Sec 16","UWBM","","http://arctos.database.museum/guid/UWBM:Mamm:42507"
1702680473,"CC0_1_0","Urocitellus columbianus","PRESERVED_SPECIMEN",-118.3355975,46.2994611,3116,1974,7,9,"US","Washington","Walla Walla County","Prescot; 1 mi W","USA | Washington | Walla Walla | Prescot; 1 mi W","UWBM","Collector(s): T. G. Hill; Preparator(s): T. G. Hill","http://arctos.database.museum/guid/UWBM:Mamm:42526"
1702680469,"CC0_1_0","Urocitellus columbianus","PRESERVED_SPECIMEN",-120.663558,48.727228,1835,1988,8,15,"US","Washington","Whatcom County","Slate Peak; N of Harts Pass; T37N R18E Sec 7 NW 1/4","USA | Washington | Whatcom | Slate Peak; N of Harts Pass; T37N R18E Sec 7 NW 1/4","UWBM","Collector(s): Murray L. Johnson; Preparator(s): Murray L. Johnson","http://arctos.database.museum/guid/UWBM:Mamm:42499"
1702680465,"CC0_1_0","Urocitellus columbianus","PRESERVED_SPECIMEN",-120.667068,48.725118,1151,1988,8,7,"US","Washington","Okanogan County","Slate Peak; N of Harts Pass; T37N R18E Sec 7 NW 1/4","USA | Washington | Okanogan | Slate Peak; N of Harts Pass; T37N R18E Sec 7 NW 1/4","UWBM","Collector(s): Murray L. Johnson; Preparator(s): Murray L. Johnson","http://arctos.database.museum/guid/UWBM:Mamm:42498"
1702680460,"CC0_1_0","Urocitellus columbianus","PRESERVED_SPECIMEN",-118.5855117,46.0561602,3553,1975,5,30,"US","Washington","Walla Walla County","Lowden area","USA | Washington | Walla Walla | Lowden area","UWBM","","http://arctos.database.museum/guid/UWBM:Mamm:42523"
1702680458,"CC0_1_0","Urocitellus columbianus","PRESERVED_SPECIMEN",-117.8107923,46.1207316,5768,1974,8,8,"US","Washington","Columbia County","Homepegg Falls; 3 mi S","USA | Washington | Columbia | Homepegg Falls; 3 mi S","UWBM","Collector(s): T. G. Hill; Preparator(s): T. G. Hill","http://arctos.database.museum/guid/UWBM:Mamm:42511"
1702680454,"CC0_1_0","Urocitellus columbianus","PRESERVED_SPECIMEN",-114.9841294,50.5970083,4915,1971,8,10,"CA","Alberta","","Kananaskis; 50 mi S","CAN | Alberta | Kananaskis; 50 mi S","UWBM","Collector(s): R. E. McLin; Preparator(s): R. E. McLin","http://arctos.database.museum/guid/UWBM:Mamm:42477"
1702680451,"CC0_1_0","Urocitellus columbianus","PRESERVED_SPECIMEN",-120.8356322,49.0580319,5436,1988,8,6,"CA","British Columbia","","Manning Provincial Park; Lightning Lakes","CAN | British Columbia | Manning Provincial Park; Lightning Lakes","UWBM","Preparator(s): Murray L. Johnson","http://arctos.database.museum/guid/UWBM:Mamm:42497"
1702680446,"CC0_1_0","Urocitellus columbianus","PRESERVED_SPECIMEN",NA,NA,NA,1978,5,10,"US","Washington","Walla Walla County","Umatilla Nat. Forest","USA | Washington | Walla Walla | Umatilla Nat. Forest","UWBM","","http://arctos.database.museum/guid/UWBM:Mamm:42529"
1702680445,"CC0_1_0","Urocitellus columbianus","PRESERVED_SPECIMEN",-117.8404921,46.0616666,1622,1974,8,20,"US","Washington","Columbia County","Burnt Flat Corral","USA | Washington | Columbia | Burnt Flat Corral","UWBM","Collector(s): T. G. Hill; Preparator(s): T. G. Hill","http://arctos.database.museum/guid/UWBM:Mamm:42512"
1702680441,"CC0_1_0","Urocitellus columbianus","PRESERVED_SPECIMEN",-117.8050122,46.1788883,6159,1974,7,29,"US","Washington","Columbia County","Dayton; 10 mi S, 8 mi E","USA | Washington | Columbia | Dayton; 10 mi S, 8 mi E","UWBM","Collector(s): T. G. Hill; Preparator(s): T. G. Hill","http://arctos.database.museum/guid/UWBM:Mamm:42508"
1702680436,"CC0_1_0","Urocitellus columbianus","PRESERVED_SPECIMEN",-117.7945659,46.2874709,4110,1974,6,14,"US","Washington","Columbia County","Dayton; 2.5 mi S, 8.5 mi E","USA | Washington | Columbia | Dayton; 2.5 mi S, 8.5 mi E","UWBM","Collector(s): T. G. Hill; Preparator(s): T. G. Hill","http://arctos.database.museum/guid/UWBM:Mamm:42509"
1702680433,"CC0_1_0","Urocitellus columbianus","PRESERVED_SPECIMEN",-120.663558,48.727228,1835,1988,8,15,"US","Washington","Whatcom County","Slate Peak; N of Harts Pass; T37N R18E Sec 7 NW 1/4","USA | Washington | Whatcom | Slate Peak; N of Harts Pass; T37N R18E Sec 7 NW 1/4","UWBM","Collector(s): Murray L. Johnson; Preparator(s): Murray L. Johnson","http://arctos.database.museum/guid/UWBM:Mamm:42500"
1702680431,"CC0_1_0","Urocitellus columbianus","PRESERVED_SPECIMEN",-118.6719137,46.0397595,3392,1971,7,12,"US","Washington","Walla Walla County","Touchet","USA | Washington | Walla Walla | Touchet","UWBM","","http://arctos.database.museum/guid/UWBM:Mamm:42528"
1702680420,"CC0_1_0","Urocitellus columbianus","PRESERVED_SPECIMEN",-118.5272085,45.9619612,1493,1971,7,1,"US","Oregon","Umatilla County","Umapine; 1 mi S, 1.5 mi W","USA | Oregon | Umatilla | Umapine; 1 mi S, 1.5 mi W","UWBM","","http://arctos.database.museum/guid/UWBM:Mamm:42506"
1702680414,"CC0_1_0","Urocitellus columbianus","PRESERVED_SPECIMEN",NA,NA,NA,1987,6,4,"US","Washington","Whatcom County","between Slate Pass and Harts Pass","USA | Washington | Whatcom | between Slate Pass and Harts Pass","UWBM","Preparator(s): Murray L. Johnson","http://arctos.database.museum/guid/UWBM:Mamm:42496"
1702680411,"CC0_1_0","Urocitellus columbianus","PRESERVED_SPECIMEN",-117.8107931,46.1641663,1622,1974,8,8,"US","Washington","Columbia County","Homepegg Falls","USA | Washington | Columbia | Homepegg Falls","UWBM","Collector(s): T. G. Hill; Preparator(s): T. G. Hill","http://arctos.database.museum/guid/UWBM:Mamm:42510"
1702678199,"CC0_1_0","Urocitellus columbianus","PRESERVED_SPECIMEN",-118.8194674,48.5583249,2517,1989,6,19,"US","Washington","Ferry County","Republic; N. Fork of Scatter Cr.; 6.5 mi S, 3.75 mi W","USA | Washington | Ferry | Republic; N. Fork of Scatter Cr.; 6.5 mi S, 3.75 mi W","UWBM","","http://arctos.database.museum/guid/UWBM:Mamm:39195"
1702678184,"CC0_1_0","Urocitellus columbianus","PRESERVED_SPECIMEN",-118.1872246,48.7317465,1606,1989,6,16,"US","Washington","Ferry County","Boyds; S. Fork of Boulder Cr., at Slide Cr.; 1.25 mi N, 2.5 mi W","USA | Washington | Ferry | Boyds; S. Fork of Boulder Cr., at Slide Cr.; 1.25 mi N, 2.5 mi W","UWBM","","http://arctos.database.museum/guid/UWBM:Mamm:39191"
1702678171,"CC0_1_0","Urocitellus columbianus","PRESERVED_SPECIMEN",-118.8194674,48.5583249,2517,1989,6,19,"US","Washington","Ferry County","Republic; N. Fork of Scatter Cr.; 6.2 mi S, 3.75 mi W","USA | Washington | Ferry | Republic; N. Fork of Scatter Cr.; 6.2 mi S, 3.75 mi W","UWBM","","http://arctos.database.museum/guid/UWBM:Mamm:39193"
1702678159,"CC0_1_0","Urocitellus columbianus","PRESERVED_SPECIMEN",-118.1872246,48.7317465,1606,1989,6,16,"US","Washington","Ferry County","Boyds; S. Fork of Boulder Cr., at Slide Cr.; 1.25 mi N, 2.5 mi W","USA | Washington | Ferry | Boyds; S. Fork of Boulder Cr., at Slide Cr.; 1.25 mi N, 2.5 mi W","UWBM","","http://arctos.database.museum/guid/UWBM:Mamm:39192"
1702678133,"CC0_1_0","Urocitellus columbianus","PRESERVED_SPECIMEN",-118.1872246,48.7317465,1606,1989,6,16,"US","Washington","Ferry County","Boyds; S. Fork of Boulder Cr., at Slide Cr.; 1.25 mi N, 2.5 mi W","USA | Washington | Ferry | Boyds; S. Fork of Boulder Cr., at Slide Cr.; 1.25 mi N, 2.5 mi W","UWBM","","http://arctos.database.museum/guid/UWBM:Mamm:39190"
1702678118,"CC0_1_0","Urocitellus columbianus","PRESERVED_SPECIMEN",-118.8194674,48.5583249,2517,1989,6,19,"US","Washington","Ferry County","Republic; N. Fork of Scatter Cr.; 6.5 mi S, 3.75 mi W","USA | Washington | Ferry | Republic; N. Fork of Scatter Cr.; 6.5 mi S, 3.75 mi W","UWBM","","http://arctos.database.museum/guid/UWBM:Mamm:39194"
1702676576,"CC0_1_0","Urocitellus columbianus","PRESERVED_SPECIMEN",-120.6835,48.7215,1139,1990,8,10,"US","Washington","Whatcom County","Harts Pass; T37N R17E Sec 12","USA | Washington | Whatcom | Harts Pass; T37N R17E Sec 12","UWBM","Preparator(s): Eugene Edwin Makela","http://arctos.database.museum/guid/UWBM:Mamm:37531"
1702676568,"CC0_1_0","Urocitellus columbianus","PRESERVED_SPECIMEN",-120.6835,48.7215,1139,1990,8,10,"US","Washington","Whatcom County","Harts Pass; T37N R17E Sec 12","USA | Washington | Whatcom | Harts Pass; T37N R17E Sec 12","UWBM","Preparator(s): Eugene Edwin Makela","http://arctos.database.museum/guid/UWBM:Mamm:37533"
1702676549,"CC0_1_0","Urocitellus columbianus","PRESERVED_SPECIMEN",-120.6835,48.7215,1139,1990,8,10,"US","Washington","Whatcom County","Harts Pass; T37N R17E Sec 12","USA | Washington | Whatcom | Harts Pass; T37N R17E Sec 12","UWBM","Preparator(s): Eugene Edwin Makela","http://arctos.database.museum/guid/UWBM:Mamm:37534"
1702676546,"CC0_1_0","Urocitellus columbianus","PRESERVED_SPECIMEN",-120.6835,48.7215,1139,1990,8,10,"US","Washington","Whatcom County","Harts Pass; T37N R17E Sec 12","USA | Washington | Whatcom | Harts Pass; T37N R17E Sec 12","UWBM","Preparator(s): Eugene Edwin Makela","http://arctos.database.museum/guid/UWBM:Mamm:37532"
NA,NA,NA,NA,NA,NA,NA,NA,NA,NA,NA,NA,NA,NA,NA,NA,NA,NA
1702673367,"CC0_1_0","Urocitellus columbianus","PRESERVED_SPECIMEN",-117.1622,48.5037,1139,1986,6,11,"US","Washington","Pend Oreille County","off logging road; T35N R45E Sec 30","USA | Washington | Pend Oreille | off logging road; T35N R45E Sec 30","UWBM","","http://arctos.database.museum/guid/UWBM:Mamm:34342"
1702668989,"CC0_1_0","Urocitellus columbianus","PRESERVED_SPECIMEN",-116.7910958,47.8192696,22544,1974,6,30,"US","Idaho","Kootenai County","hwy between Spokane and Lake Pend Oreille","USA | Idaho | Kootenai | hwy between Spokane and Lake Pend Oreille","UWBM","","http://arctos.database.museum/guid/UWBM:Mamm:28583"
NA,NA,NA,NA,NA,NA,NA,NA,NA,NA,NA,NA,NA,NA,NA,NA,NA,NA
1423736126,"CC0_1_0","Urocitellus columbianus","PRESERVED_SPECIMEN",NA,NA,NA,1977,7,8,"US","Idaho","Custer","NW STANLEY, VICINITY LOLA CR. CAMP GR.","N. America | USA | ID | Custer | NW STANLEY, VICINITY LOLA CR. CAMP GR.","HSU","T. HOLMES #229","http://portal.vertnet.org/o/hsu/vertebratemammals?id=2658"
1423735256,"CC0_1_0","Urocitellus columbianus","PRESERVED_SPECIMEN",NA,NA,NA,1975,6,22,"US","Idaho","Custer","18MI. NW STANLEY, VIC. LOLA CR. CAMP GR.,CHALLIS NATL. FOREST","N. America | USA | ID | Custer | 18MI. NW STANLEY, VIC. LOLA CR. CAMP GR.,CHALLIS NATL. FOREST","HSU","T.E. LAWLOR","http://portal.vertnet.org/o/hsu/vertebratemammals?id=1839"
1423735233,"CC0_1_0","Urocitellus columbianus","PRESERVED_SPECIMEN",NA,NA,NA,1975,6,21,"US","Montana","Missoula","7MI.E MISSOULA, LOLO PICNIC GROUNDS, PATTEE CANYON","N. America | USA | MT | Missoula | 7MI.E MISSOULA, LOLO PICNIC GROUNDS, PATTEE CANYON","HSU","R.M. SULLIVAN #87","http://portal.vertnet.org/o/hsu/vertebratemammals?id=1840"
1292012917,"CC0_1_0","Urocitellus columbianus","PRESERVED_SPECIMEN",NA,NA,NA,1975,7,28,"CA","Bc","","","","BBM","",""
1292012839,"CC0_1_0","Urocitellus columbianus","PRESERVED_SPECIMEN",NA,NA,NA,1975,7,28,"CA","Bc","","","","BBM","",""
1292012110,"CC0_1_0","Urocitellus columbianus","PRESERVED_SPECIMEN",NA,NA,NA,1989,8,NA,"CA","Bc","Lower Mainland","","","BBM","Richard(Dick) J. Cannings",""
1292008602,"CC0_1_0","Urocitellus columbianus","PRESERVED_SPECIMEN",-116.031332,50.508619,NA,1977,8,17,"CA","Bc","Kootenay","","","BBM","K. Simpson & A. Cooper",""
1292008524,"CC0_1_0","Urocitellus columbianus","PRESERVED_SPECIMEN",-116.031332,50.508619,NA,1977,8,17,"CA","Bc","Kootenay","","","BBM","K. Simpson",""
1292008504,"CC0_1_0","Urocitellus columbianus","PRESERVED_SPECIMEN",-116.031332,50.508619,NA,1977,8,17,"CA","Bc","Kootenay","","","BBM","K. Simpson & A. Cooper",""
1292008405,"CC0_1_0","Urocitellus columbianus","PRESERVED_SPECIMEN",NA,NA,NA,1981,7,26,"CA","Bc","Lower Mainland","","","BBM","Richard(Dick) J. Cannings",""
NA,NA,NA,NA,NA,NA,NA,NA,NA,NA,NA,NA,NA,NA,NA,NA,NA,NA
NA,NA,NA,NA,NA,NA,NA,NA,NA,NA,NA,NA,NA,NA,NA,NA,NA,NA
NA,NA,NA,NA,NA,NA,NA,NA,NA,NA,NA,NA,NA,NA,NA,NA,NA,NA
NA,NA,NA,NA,NA,NA,NA,NA,NA,NA,NA,NA,NA,NA,NA,NA,NA,NA
NA,NA,NA,NA,NA,NA,NA,NA,NA,NA,NA,NA,NA,NA,NA,NA,NA,NA
NA,NA,NA,NA,NA,NA,NA,NA,NA,NA,NA,NA,NA,NA,NA,NA,NA,NA
NA,NA,NA,NA,NA,NA,NA,NA,NA,NA,NA,NA,NA,NA,NA,NA,NA,NA
NA,NA,NA,NA,NA,NA,NA,NA,NA,NA,NA,NA,NA,NA,NA,NA,NA,NA
NA,NA,NA,NA,NA,NA,NA,NA,NA,NA,NA,NA,NA,NA,NA,NA,NA,NA
NA,NA,NA,NA,NA,NA,NA,NA,NA,NA,NA,NA,NA,NA,NA,NA,NA,NA
NA,NA,NA,NA,NA,NA,NA,NA,NA,NA,NA,NA,NA,NA,NA,NA,NA,NA
NA,NA,NA,NA,NA,NA,NA,NA,NA,NA,NA,NA,NA,NA,NA,NA,NA,NA
NA,NA,NA,NA,NA,NA,NA,NA,NA,NA,NA,NA,NA,NA,NA,NA,NA,NA
NA,NA,NA,NA,NA,NA,NA,NA,NA,NA,NA,NA,NA,NA,NA,NA,NA,NA
1211863574,"CC_BY_NC_4_0","Urocitellus columbianus","PRESERVED_SPECIMEN",-116.9,51.25,NA,1971,7,9,"CA","British Columbia","","1 mi W  of Nicholson","1 mi W  of Nicholson","ROM","Dick, JA; Murphy, GB",""
1211863432,"CC_BY_NC_4_0","Urocitellus columbianus","PRESERVED_SPECIMEN",NA,NA,NA,1977,7,19,"CA","Alberta","","Banff National Park","Banff National Park","ROM","Canadian Wildlife Service; Banff Nat Pk",""
1211862332,"CC_BY_NC_4_0","Urocitellus columbianus","PRESERVED_SPECIMEN",-113.95,50.766667,NA,1972,3,21,"CA","Alberta","","Sheep River Valley W of Okotoks","Sheep River Valley W of Okotoks","ROM","Burns, JA; Taylor, ME",""
1211861109,"CC_BY_NC_4_0","Urocitellus columbianus","PRESERVED_SPECIMEN",-114.533333,50.183333,NA,1977,7,15,"CA","Alberta","","Kananaskis Road, Forestry Trunk Road At Mile 50 N of Coleman","Kananaskis Road, Forestry Trunk Road At Mile 50 N of Coleman","ROM","Burns, JA",""
1211858757,"CC_BY_NC_4_0","Urocitellus columbianus","PRESERVED_SPECIMEN",-114.083333,49.183333,NA,1985,7,16,"CA","Alberta","","Yarrow Creek, Alpine Meadow","Yarrow Creek, Alpine Meadow","ROM","Woodward, SM; Gibson, JS",""
1211858742,"CC_BY_NC_4_0","Urocitellus columbianus","PRESERVED_SPECIMEN",-114.083333,49.183333,NA,1985,7,19,"CA","Alberta","","Yarrow Creek, Tamaracks Above Meadow","Yarrow Creek, Tamaracks Above Meadow","ROM","Woodward, SM; Gibson, JS",""
1211858733,"CC_BY_NC_4_0","Urocitellus columbianus","PRESERVED_SPECIMEN",-114.083333,49.183333,NA,1985,7,18,"CA","Alberta","","Yarrow Creek, Transect 1","Yarrow Creek, Transect 1","ROM","Woodward, SM; Gibson, JS",""
1211858732,"CC_BY_NC_4_0","Urocitellus columbianus","PRESERVED_SPECIMEN",-114.083333,49.183333,NA,1985,7,19,"CA","Alberta","","Yarrow Creek, Tamaracks Above Meadow","Yarrow Creek, Tamaracks Above Meadow","ROM","Woodward, SM; Gibson, JS",""
1211858716,"CC_BY_NC_4_0","Urocitellus columbianus","PRESERVED_SPECIMEN",-114.083333,49.183333,NA,1985,7,20,"CA","Alberta","","Yarrow Creek, Across From Camp","Yarrow Creek, Across From Camp","ROM","Woodward, SM; Gibson, JS",""
1211858698,"CC_BY_NC_4_0","Urocitellus columbianus","PRESERVED_SPECIMEN",-114.083333,49.183333,NA,1985,7,16,"CA","Alberta","","Yarrow Creek, Transect 1","Yarrow Creek, Transect 1","ROM","Woodward, SM; Gibson, JS",""
NA,NA,NA,NA,NA,NA,NA,NA,NA,NA,NA,NA,NA,NA,NA,NA,NA,NA
