"gbifID","license","species","basisOfRecord","decimalLongitude","decimalLatitude","coordinateUncertaintyInMeters","year","month","day","countryCode","stateProvince","county","locality","verbatimLocality","institutionCode","recordedBy","references"
919447013,"CC0_1_0","Urocitellus columbianus","PRESERVED_SPECIMEN",-112.8807799,47.501702,1164,1945,6,29,"US","Montana","Lewis and Clark","Sec. 9, T20N, R10W","North and Central America | United States | Montana | Lewis and Clark County | Sec. 9, T20N, R10W","MSU","Lloyd C. Hulbert","http://portal.vertnet.org/o/msu/mr?id=mr-2438"
919446041,"CC0_1_0","Urocitellus columbianus","PRESERVED_SPECIMEN",-112.8807799,47.501702,1164,1945,6,28,"US","Montana","Lewis and Clark","Sec. 9, T20N, R10W","North and Central America | United States | Montana | Lewis and Clark County | Sec. 9, T20N, R10W","MSU","Lloyd C. Hulbert","http://portal.vertnet.org/o/msu/mr?id=mr-2434"
919445037,"CC0_1_0","Urocitellus columbianus","PRESERVED_SPECIMEN",-117.3342358,52.2019961,6086,1956,7,29,"CA","Alberta","","Columbia Ice Field, Jasper National Park","North and Central America | Canada | Alberta Province | Columbia Ice Field, Jasper National Park","MSU","Ken Sandy","http://portal.vertnet.org/o/msu/mr?id=mr-2378"
919444769,"CC0_1_0","Urocitellus columbianus","PRESERVED_SPECIMEN",-112.8807799,47.501702,1164,1945,6,29,"US","Montana","Lewis and Clark","Sec. 9, T20N, R10W","North and Central America | United States | Montana | Lewis and Clark County | Sec. 9, T20N, R10W","MSU","Lloyd C. Hulbert","http://portal.vertnet.org/o/msu/mr?id=mr-2437"
919442886,"CC0_1_0","Urocitellus columbianus","PRESERVED_SPECIMEN",-117.3342358,52.2019961,6086,1956,7,29,"CA","Alberta","","Columbia Ice Field, Jasper National Park","North and Central America | Canada | Alberta Province | Columbia Ice Field, Jasper National Park","MSU","James Meehan","http://portal.vertnet.org/o/msu/mr?id=mr-2379"
919436011,"CC0_1_0","Urocitellus columbianus","PRESERVED_SPECIMEN",-112.9935852,47.622501,187,1958,7,17,"US","Montana","Lewis and Clark","Bear Lake","North and Central America | United States | Montana | Lewis and Clark County | Bear Lake","MSU","Albert Berish","http://portal.vertnet.org/o/msu/mr?id=mr-3910"
919435979,"CC0_1_0","Urocitellus columbianus","PRESERVED_SPECIMEN",-112.9935852,47.622501,187,1958,7,13,"US","Montana","Lewis and Clark","Bear Lake","North and Central America | United States | Montana | Lewis and Clark County | Bear Lake","MSU","John R. Paul","http://portal.vertnet.org/o/msu/mr?id=mr-3909"
919430790,"CC0_1_0","Urocitellus columbianus","PRESERVED_SPECIMEN",-113.393418,48.8318973,6463,1954,6,25,"US","Montana","Glacier","2 mi. SE Babb","North and Central America | United States | Montana | Glacier County | 2 mi. SE Babb","MSU","R. H. Manville","http://portal.vertnet.org/o/msu/mr?id=mr-2433"
919427812,"CC0_1_0","Urocitellus columbianus","PRESERVED_SPECIMEN",-118.2759464,52.6975509,2586,1956,7,22,"CA","Alberta","","Amethyst Lake, Jasper National Park","North and Central America | Canada | Alberta Province | Amethyst Lake, Jasper National Park","MSU","Dick Mackie","http://portal.vertnet.org/o/msu/mr?id=mr-2377"
919427537,"CC0_1_0","Urocitellus columbianus","PRESERVED_SPECIMEN",-112.9935852,47.622501,187,1958,7,12,"US","Montana","Lewis and Clark","Bear Lake","North and Central America | United States | Montana | Lewis and Clark County | Bear Lake","MSU","R. P. Northrup","http://portal.vertnet.org/o/msu/mr?id=mr-3908"
919424929,"CC0_1_0","Urocitellus columbianus","PRESERVED_SPECIMEN",-118.2759464,52.6975509,2586,1956,7,22,"CA","Alberta","","Amethyst Lake, Jasper National Park","North and Central America | Canada | Alberta Province | Amethyst Lake, Jasper National Park","MSU","Dr. George A. Petrides","http://portal.vertnet.org/o/msu/mr?id=mr-2376"
919423906,"CC0_1_0","Urocitellus columbianus","PRESERVED_SPECIMEN",-112.8807799,47.501702,1164,1945,6,28,"US","Montana","Lewis and Clark","Sec. 9, T20N, R10W","North and Central America | United States | Montana | Lewis and Clark County | Sec. 9, T20N, R10W","MSU","Lloyd C. Hulbert","http://portal.vertnet.org/o/msu/mr?id=mr-2435"
919416322,"CC0_1_0","Urocitellus columbianus","PRESERVED_SPECIMEN",-112.8807799,47.501702,1164,1945,6,29,"US","Montana","Lewis and Clark","Sec. 9, T20N, R10W","North and Central America | United States | Montana | Lewis and Clark County | Sec. 9, T20N, R10W","MSU","Lloyd C. Hulbert","http://portal.vertnet.org/o/msu/mr?id=mr-2436"
897129119,"CC0_1_0","Urocitellus columbianus","PRESERVED_SPECIMEN",NA,NA,NA,1987,6,22,"US","Washington","Pend Oreille County","7 MI W TIGER, LAKE LEON","7 MI W TIGER, LAKE LEON","WNMU","Collector(s): Bruce J. Hayward","http://arctos.database.museum/guid/WNMU:Mamm:5478"
897126133,"CC0_1_0","Urocitellus columbianus","PRESERVED_SPECIMEN",NA,NA,NA,1973,6,6,"US","Idaho","Valley County","20 MI W YELLOW PINE","20 MI W YELLOW PINE","WNMU","Collector(s): Bruce J. Hayward","http://arctos.database.museum/guid/WNMU:Mamm:2768"
897126012,"CC0_1_0","Urocitellus columbianus","PRESERVED_SPECIMEN",NA,NA,NA,1973,6,6,"US","Idaho","Valley County","20 mi W Yellow Pine","20 mi W Yellow Pine","WNMU","Collector(s): Bruce J. Hayward","http://arctos.database.museum/guid/WNMU:Mamm:2659"
891330743,"CC_BY_NC_4_0","Urocitellus columbianus","PRESERVED_SPECIMEN",NA,NA,NA,NA,NA,NA,"","","","","","Royal Ontario Museum: ROM","",""
859553101,"CC0_1_0","Urocitellus columbianus","PRESERVED_SPECIMEN",NA,NA,NA,1891,4,10,"US","Idaho","Latah","Moscow","North America; USA; Idaho; Latah Co.; ; ; ; ; ; ; North America; USA; Idaho; Latah Co.; ; ; ; ; ; ; Moscow","AMNH","C. McNamee",""
859553096,"CC0_1_0","Urocitellus columbianus","PRESERVED_SPECIMEN",NA,NA,NA,1891,4,9,"US","Idaho","Latah","Moscow","North America; USA; Idaho; Latah Co.; ; ; ; ; ; ; North America; USA; Idaho; Latah Co.; ; ; ; ; ; ; Moscow","AMNH","C. McNamee",""
859553091,"CC0_1_0","Urocitellus columbianus","PRESERVED_SPECIMEN",NA,NA,NA,1891,4,9,"US","Idaho","Latah","Moscow","North America; USA; Idaho; Latah Co.; ; ; ; ; ; ; North America; USA; Idaho; Latah Co.; ; ; ; ; ; ; Moscow","AMNH","C. McNamee",""
859553086,"CC0_1_0","Urocitellus columbianus","PRESERVED_SPECIMEN",NA,NA,NA,1891,4,9,"US","Idaho","Latah","Moscow","North America; USA; Idaho; Latah Co.; ; ; ; ; ; ; North America; USA; Idaho; Latah Co.; ; ; ; ; ; ; Moscow","AMNH","C. McNamee",""
859553081,"CC0_1_0","Urocitellus columbianus","PRESERVED_SPECIMEN",NA,NA,NA,1891,4,10,"US","Idaho","Latah","Moscow","North America; USA; Idaho; Latah Co.; ; ; ; ; ; ; North America; USA; Idaho; Latah Co.; ; ; ; ; ; ; Moscow","AMNH","C. McNamee",""
859547682,"CC0_1_0","Urocitellus columbianus","PRESERVED_SPECIMEN",NA,NA,NA,1957,7,1,"US","Idaho","Idaho","40 miles west of Salmon, Stoddard Peak","North America; USA; Idaho; Idaho Co.; ; ; ; ; ; ; North America; USA; Idaho; Idaho Co.; ; ; ; ; ; ; 40 miles west of Salmon, Stoddard Peak","AMNH","P. L. Clifton",""
859547572,"CC0_1_0","Urocitellus columbianus","PRESERVED_SPECIMEN",NA,NA,NA,1957,6,25,"US","Idaho","Idaho","40 miles west of Salmon, Stoddard Peak","North America; USA; Idaho; Idaho Co.; ; ; ; ; ; ; North America; USA; Idaho; Idaho Co.; ; ; ; ; ; ; 40 miles west of Salmon, Stoddard Peak","AMNH","P. L. Clifton",""
859547567,"CC0_1_0","Urocitellus columbianus","PRESERVED_SPECIMEN",NA,NA,NA,1957,6,25,"US","Idaho","Idaho","40 miles west of Salmon, Stoddard Peak","North America; USA; Idaho; Idaho Co.; ; ; ; ; ; ; North America; USA; Idaho; Idaho Co.; ; ; ; ; ; ; 40 miles west of Salmon, Stoddard Peak","AMNH","P. L. Clifton",""
859538776,"CC0_1_0","Urocitellus columbianus","PRESERVED_SPECIMEN",NA,NA,NA,1915,7,21,"CA","Alberta","Division No. 15","Poboktan Creek","North America; Canada; Alberta; Division No. 15; ; ; ; ; ; ; North America; Canada; Alberta; Division No. 15; ; ; ; ; ; ; Poboktan Creek","AMNH","J. P. Chapin",""
859519754,"CC0_1_0","Urocitellus columbianus","PRESERVED_SPECIMEN",NA,NA,NA,1936,7,7,"CA","Alberta","Division No. 2","Maycroft","North America; Canada; Alberta; Division No. 2; ; ; ; ; ; ; North America; Canada; Alberta; Division No. 2; ; ; ; ; ; ; Maycroft","AMNH","T. D. Carter",""
859519750,"CC0_1_0","Urocitellus columbianus","PRESERVED_SPECIMEN",NA,NA,NA,1936,7,7,"CA","Alberta","Division No. 2","Maycroft","North America; Canada; Alberta; Division No. 2; ; ; ; ; ; ; North America; Canada; Alberta; Division No. 2; ; ; ; ; ; ; Maycroft","AMNH","T. D. Carter",""
859519746,"CC0_1_0","Urocitellus columbianus","PRESERVED_SPECIMEN",NA,NA,NA,1936,7,7,"CA","Alberta","Division No. 2","Maycroft","North America; Canada; Alberta; Division No. 2; ; ; ; ; ; ; North America; Canada; Alberta; Division No. 2; ; ; ; ; ; ; Maycroft","AMNH","T. D. Carter",""
859519741,"CC0_1_0","Urocitellus columbianus","PRESERVED_SPECIMEN",NA,NA,NA,1936,7,8,"CA","Alberta","Division No. 2","Maycroft","North America; Canada; Alberta; Division No. 2; ; ; ; ; ; ; North America; Canada; Alberta; Division No. 2; ; ; ; ; ; ; Maycroft","AMNH","T. D. Carter",""
859519736,"CC0_1_0","Urocitellus columbianus","PRESERVED_SPECIMEN",NA,NA,NA,1936,7,8,"CA","Alberta","Division No. 2","Maycroft","North America; Canada; Alberta; Division No. 2; ; ; ; ; ; ; North America; Canada; Alberta; Division No. 2; ; ; ; ; ; ; Maycroft","AMNH","T. D. Carter",""
859519732,"CC0_1_0","Urocitellus columbianus","PRESERVED_SPECIMEN",NA,NA,NA,1936,7,8,"CA","Alberta","Division No. 2","Maycroft","North America; Canada; Alberta; Division No. 2; ; ; ; ; ; ; North America; Canada; Alberta; Division No. 2; ; ; ; ; ; ; Maycroft","AMNH","T. D. Carter",""
859519727,"CC0_1_0","Urocitellus columbianus","PRESERVED_SPECIMEN",NA,NA,NA,1936,7,8,"CA","Alberta","Division No. 2","Maycroft","North America; Canada; Alberta; Division No. 2; ; ; ; ; ; ; North America; Canada; Alberta; Division No. 2; ; ; ; ; ; ; Maycroft","AMNH","T. D. Carter",""
859519722,"CC0_1_0","Urocitellus columbianus","PRESERVED_SPECIMEN",NA,NA,NA,1936,7,8,"CA","Alberta","Division No. 2","Maycroft","North America; Canada; Alberta; Division No. 2; ; ; ; ; ; ; North America; Canada; Alberta; Division No. 2; ; ; ; ; ; ; Maycroft","AMNH","T. D. Carter",""
859519717,"CC0_1_0","Urocitellus columbianus","PRESERVED_SPECIMEN",NA,NA,NA,1936,7,8,"CA","Alberta","Division No. 2","Maycroft","North America; Canada; Alberta; Division No. 2; ; ; ; ; ; ; North America; Canada; Alberta; Division No. 2; ; ; ; ; ; ; Maycroft","AMNH","T. D. Carter",""
859519712,"CC0_1_0","Urocitellus columbianus","PRESERVED_SPECIMEN",NA,NA,NA,1936,7,8,"CA","Alberta","Division No. 2","Maycroft","North America; Canada; Alberta; Division No. 2; ; ; ; ; ; ; North America; Canada; Alberta; Division No. 2; ; ; ; ; ; ; Maycroft","AMNH","T. D. Carter",""
859519708,"CC0_1_0","Urocitellus columbianus","PRESERVED_SPECIMEN",NA,NA,NA,1936,7,8,"CA","Alberta","Division No. 2","Maycroft","North America; Canada; Alberta; Division No. 2; ; ; ; ; ; ; North America; Canada; Alberta; Division No. 2; ; ; ; ; ; ; Maycroft","AMNH","T. D. Carter",""
859519703,"CC0_1_0","Urocitellus columbianus","PRESERVED_SPECIMEN",NA,NA,NA,1936,7,8,"CA","Alberta","Division No. 2","Maycroft","North America; Canada; Alberta; Division No. 2; ; ; ; ; ; ; North America; Canada; Alberta; Division No. 2; ; ; ; ; ; ; Maycroft","AMNH","T. D. Carter",""
859519698,"CC0_1_0","Urocitellus columbianus","PRESERVED_SPECIMEN",NA,NA,NA,1936,7,9,"CA","Alberta","Division No. 2","Maycroft","North America; Canada; Alberta; Division No. 2; ; ; ; ; ; ; North America; Canada; Alberta; Division No. 2; ; ; ; ; ; ; Maycroft","AMNH","T. D. Carter",""
859519694,"CC0_1_0","Urocitellus columbianus","PRESERVED_SPECIMEN",NA,NA,NA,1936,7,9,"CA","Alberta","Division No. 2","Maycroft","North America; Canada; Alberta; Division No. 2; ; ; ; ; ; ; North America; Canada; Alberta; Division No. 2; ; ; ; ; ; ; Maycroft","AMNH","T. D. Carter",""
859519688,"CC0_1_0","Urocitellus columbianus","PRESERVED_SPECIMEN",NA,NA,NA,1936,7,9,"CA","Alberta","Division No. 2","Maycroft","North America; Canada; Alberta; Division No. 2; ; ; ; ; ; ; North America; Canada; Alberta; Division No. 2; ; ; ; ; ; ; Maycroft","AMNH","T. D. Carter",""
859519684,"CC0_1_0","Urocitellus columbianus","PRESERVED_SPECIMEN",NA,NA,NA,1936,7,9,"CA","Alberta","Division No. 2","Maycroft","North America; Canada; Alberta; Division No. 2; ; ; ; ; ; ; North America; Canada; Alberta; Division No. 2; ; ; ; ; ; ; Maycroft","AMNH","T. D. Carter",""
859519679,"CC0_1_0","Urocitellus columbianus","PRESERVED_SPECIMEN",NA,NA,NA,1936,7,9,"CA","Alberta","Division No. 2","Maycroft","North America; Canada; Alberta; Division No. 2; ; ; ; ; ; ; North America; Canada; Alberta; Division No. 2; ; ; ; ; ; ; Maycroft","AMNH","T. D. Carter",""
859519675,"CC0_1_0","Urocitellus columbianus","PRESERVED_SPECIMEN",NA,NA,NA,1936,7,14,"CA","Alberta","Division No. 2","Maycroft","North America; Canada; Alberta; Division No. 2; ; ; ; ; ; ; North America; Canada; Alberta; Division No. 2; ; ; ; ; ; ; Maycroft","AMNH","T. D. Carter",""
859519669,"CC0_1_0","Urocitellus columbianus","PRESERVED_SPECIMEN",NA,NA,NA,1936,7,14,"CA","Alberta","Division No. 2","Maycroft","North America; Canada; Alberta; Division No. 2; ; ; ; ; ; ; North America; Canada; Alberta; Division No. 2; ; ; ; ; ; ; Maycroft","AMNH","T. D. Carter",""
859519664,"CC0_1_0","Urocitellus columbianus","PRESERVED_SPECIMEN",NA,NA,NA,1936,7,11,"CA","Alberta","Division No. 2","Maycroft","North America; Canada; Alberta; Division No. 2; ; ; ; ; ; ; North America; Canada; Alberta; Division No. 2; ; ; ; ; ; ; Maycroft","AMNH","T. D. Carter",""
859506846,"CC0_1_0","Urocitellus columbianus","PRESERVED_SPECIMEN",NA,NA,NA,1894,8,7,"US","Montana","Deer Lodge","","North America; USA; Montana; Deer Lodge Co.; ; ; ; ; ; ;","AMNH","",""
859455542,"CC0_1_0","Urocitellus columbianus","PRESERVED_SPECIMEN",NA,NA,NA,1908,7,1,"US","Oregon","Baker","Anthony","North America; USA; Oregon; Baker Co.; ; ; ; ; ; ; North America; USA; Oregon; Baker Co.; ; ; ; ; ; ; Anthony","AMNH","H. E. Anthony",""
859455538,"CC0_1_0","Urocitellus columbianus","PRESERVED_SPECIMEN",NA,NA,NA,1906,7,15,"US","Oregon","Baker","Anthony","North America; USA; Oregon; Baker Co.; ; ; ; ; ; ; North America; USA; Oregon; Baker Co.; ; ; ; ; ; ; Anthony","AMNH","H. E. Anthony",""
859455148,"CC0_1_0","Urocitellus columbianus","PRESERVED_SPECIMEN",NA,NA,NA,NA,NA,NA,"US","Oregon","Baker","Anthony","North America; USA; Oregon; Baker Co.; ; ; ; ; ; ; North America; USA; Oregon; Baker Co.; ; ; ; ; ; ; Anthony","AMNH","H. E. Anthony",""
859455143,"CC0_1_0","Urocitellus columbianus","PRESERVED_SPECIMEN",NA,NA,NA,NA,NA,NA,"US","Oregon","Baker","Anthony","North America; USA; Oregon; Baker Co.; ; ; ; ; ; ; North America; USA; Oregon; Baker Co.; ; ; ; ; ; ; Anthony","AMNH","H. E. Anthony",""
859455138,"CC0_1_0","Urocitellus columbianus","PRESERVED_SPECIMEN",NA,NA,NA,1908,5,4,"US","Oregon","Baker","Anthony","North America; USA; Oregon; Baker Co.; ; ; ; ; ; ; North America; USA; Oregon; Baker Co.; ; ; ; ; ; ; Anthony","AMNH","H. E. Anthony",""
859455133,"CC0_1_0","Urocitellus columbianus","PRESERVED_SPECIMEN",NA,NA,NA,1908,5,4,"US","Oregon","Baker","Anthony","North America; USA; Oregon; Baker Co.; ; ; ; ; ; ; North America; USA; Oregon; Baker Co.; ; ; ; ; ; ; Anthony","AMNH","H. E. Anthony",""
859455129,"CC0_1_0","Urocitellus columbianus","PRESERVED_SPECIMEN",NA,NA,NA,1908,5,5,"US","Oregon","Baker","Anthony","North America; USA; Oregon; Baker Co.; ; ; ; ; ; ; North America; USA; Oregon; Baker Co.; ; ; ; ; ; ; Anthony","AMNH","H. E. Anthony",""
859455125,"CC0_1_0","Urocitellus columbianus","PRESERVED_SPECIMEN",NA,NA,NA,1908,5,4,"US","Oregon","Baker","Anthony","North America; USA; Oregon; Baker Co.; ; ; ; ; ; ; North America; USA; Oregon; Baker Co.; ; ; ; ; ; ; Anthony","AMNH","H. E. Anthony",""
859455121,"CC0_1_0","Urocitellus columbianus","PRESERVED_SPECIMEN",NA,NA,NA,1908,7,5,"US","Oregon","Baker","Anthony","North America; USA; Oregon; Baker Co.; ; ; ; ; ; ; North America; USA; Oregon; Baker Co.; ; ; ; ; ; ; Anthony","AMNH","H. E. Anthony",""
859455116,"CC0_1_0","Urocitellus columbianus","PRESERVED_SPECIMEN",NA,NA,NA,1908,7,5,"US","Oregon","Baker","Anthony","North America; USA; Oregon; Baker Co.; ; ; ; ; ; ; North America; USA; Oregon; Baker Co.; ; ; ; ; ; ; Anthony","AMNH","H. E. Anthony",""
859455111,"CC0_1_0","Urocitellus columbianus","PRESERVED_SPECIMEN",NA,NA,NA,1908,7,1,"US","Oregon","Baker","Anthony","North America; USA; Oregon; Baker Co.; ; ; ; ; ; ; North America; USA; Oregon; Baker Co.; ; ; ; ; ; ; Anthony","AMNH","H. E. Anthony",""
859455107,"CC0_1_0","Urocitellus columbianus","PRESERVED_SPECIMEN",NA,NA,NA,1908,6,25,"US","Oregon","Baker","Anthony","North America; USA; Oregon; Baker Co.; ; ; ; ; ; ; North America; USA; Oregon; Baker Co.; ; ; ; ; ; ; Anthony","AMNH","H. E. Anthony",""
859455101,"CC0_1_0","Urocitellus columbianus","PRESERVED_SPECIMEN",NA,NA,NA,1906,8,4,"US","Oregon","Baker","Anthony","North America; USA; Oregon; Baker Co.; ; ; ; ; ; ; North America; USA; Oregon; Baker Co.; ; ; ; ; ; ; Anthony","AMNH","H. E. Anthony",""
859455096,"CC0_1_0","Urocitellus columbianus","PRESERVED_SPECIMEN",NA,NA,NA,1906,8,14,"US","Oregon","Baker","Anthony","North America; USA; Oregon; Baker Co.; ; ; ; ; ; ; North America; USA; Oregon; Baker Co.; ; ; ; ; ; ; Anthony","AMNH","H. E. Anthony",""
859455090,"CC0_1_0","Urocitellus columbianus","PRESERVED_SPECIMEN",NA,NA,NA,1906,8,9,"US","Oregon","Baker","Anthony","North America; USA; Oregon; Baker Co.; ; ; ; ; ; ; North America; USA; Oregon; Baker Co.; ; ; ; ; ; ; Anthony","AMNH","A. W. Anthony",""
859455084,"CC0_1_0","Urocitellus columbianus","PRESERVED_SPECIMEN",NA,NA,NA,1906,6,4,"US","Oregon","Baker","Anthony","North America; USA; Oregon; Baker Co.; ; ; ; ; ; ; North America; USA; Oregon; Baker Co.; ; ; ; ; ; ; Anthony","AMNH","A. W. Anthony",""
859416269,"CC0_1_0","Urocitellus columbianus","PRESERVED_SPECIMEN",NA,NA,NA,NA,NA,NA,"US","Idaho","Clearwater","Bitter Root Mountains","North America; USA; Idaho; Clearwater Co.; ; ; ; ; ; ; North America; USA; Idaho; Clearwater Co.; ; ; ; ; ; ; Bitter Root Mountains","AMNH","W. E. Carlin",""
859409107,"CC0_1_0","Urocitellus columbianus","PRESERVED_SPECIMEN",NA,NA,NA,1936,8,5,"CA","British Columbia","East Kootenay Regional District","Tornado Pass","North America; Canada; British Columbia; East Kootenay Regional District; ; ; ; ; ; ; North America; Canada; British Columbia; East Kootenay Regional District; ; ; ; ; ; ; Tornado Pass","AMNH","T. D. Carter",""
859409106,"CC0_1_0","Urocitellus columbianus","PRESERVED_SPECIMEN",NA,NA,NA,1936,8,10,"CA","British Columbia","East Kootenay Regional District","Tornado Pass","North America; Canada; British Columbia; East Kootenay Regional District; ; ; ; ; ; ; North America; Canada; British Columbia; East Kootenay Regional District; ; ; ; ; ; ; Tornado Pass","AMNH","T. D. Carter",""
859409104,"CC0_1_0","Urocitellus columbianus","PRESERVED_SPECIMEN",NA,NA,NA,1936,8,10,"CA","British Columbia","East Kootenay Regional District","Tornado Pass","North America; Canada; British Columbia; East Kootenay Regional District; ; ; ; ; ; ; North America; Canada; British Columbia; East Kootenay Regional District; ; ; ; ; ; ; Tornado Pass","AMNH","T. D. Carter",""
859409103,"CC0_1_0","Urocitellus columbianus","PRESERVED_SPECIMEN",NA,NA,NA,1936,8,3,"CA","British Columbia","East Kootenay Regional District","Tornado Pass","North America; Canada; British Columbia; East Kootenay Regional District; ; ; ; ; ; ; North America; Canada; British Columbia; East Kootenay Regional District; ; ; ; ; ; ; Tornado Pass","AMNH","T. D. Carter",""
859409101,"CC0_1_0","Urocitellus columbianus","PRESERVED_SPECIMEN",NA,NA,NA,1936,8,3,"CA","British Columbia","East Kootenay Regional District","Tornado Pass","North America; Canada; British Columbia; East Kootenay Regional District; ; ; ; ; ; ; North America; Canada; British Columbia; East Kootenay Regional District; ; ; ; ; ; ; Tornado Pass","AMNH","T. D. Carter",""
859409100,"CC0_1_0","Urocitellus columbianus","PRESERVED_SPECIMEN",NA,NA,NA,1936,8,6,"CA","British Columbia","East Kootenay Regional District","Tornado Pass","North America; Canada; British Columbia; East Kootenay Regional District; ; ; ; ; ; ; North America; Canada; British Columbia; East Kootenay Regional District; ; ; ; ; ; ; Tornado Pass","AMNH","T. D. Carter",""
859409099,"CC0_1_0","Urocitellus columbianus","PRESERVED_SPECIMEN",NA,NA,NA,1936,8,3,"CA","British Columbia","East Kootenay Regional District","Tornado Pass","North America; Canada; British Columbia; East Kootenay Regional District; ; ; ; ; ; ; North America; Canada; British Columbia; East Kootenay Regional District; ; ; ; ; ; ; Tornado Pass","AMNH","T. D. Carter",""
859409095,"CC0_1_0","Urocitellus columbianus","PRESERVED_SPECIMEN",NA,NA,NA,1936,7,19,"CA","British Columbia","East Kootenay Regional District","Tornado Pass","North America; Canada; British Columbia; East Kootenay Regional District; ; ; ; ; ; ; North America; Canada; British Columbia; East Kootenay Regional District; ; ; ; ; ; ; Tornado Pass","AMNH","T. D. Carter",""
859409094,"CC0_1_0","Urocitellus columbianus","PRESERVED_SPECIMEN",NA,NA,NA,1936,7,23,"CA","British Columbia","East Kootenay Regional District","Tornado Pass","North America; Canada; British Columbia; East Kootenay Regional District; ; ; ; ; ; ; North America; Canada; British Columbia; East Kootenay Regional District; ; ; ; ; ; ; Tornado Pass","AMNH","T. D. Carter",""
859409090,"CC0_1_0","Urocitellus columbianus","PRESERVED_SPECIMEN",NA,NA,NA,1936,7,19,"CA","British Columbia","East Kootenay Regional District","Tornado Pass","North America; Canada; British Columbia; East Kootenay Regional District; ; ; ; ; ; ; North America; Canada; British Columbia; East Kootenay Regional District; ; ; ; ; ; ; Tornado Pass","AMNH","T. D. Carter",""
859409089,"CC0_1_0","Urocitellus columbianus","PRESERVED_SPECIMEN",NA,NA,NA,1936,7,23,"CA","British Columbia","East Kootenay Regional District","Tornado Pass","North America; Canada; British Columbia; East Kootenay Regional District; ; ; ; ; ; ; North America; Canada; British Columbia; East Kootenay Regional District; ; ; ; ; ; ; Tornado Pass","AMNH","T. D. Carter",""
859409085,"CC0_1_0","Urocitellus columbianus","PRESERVED_SPECIMEN",NA,NA,NA,1936,7,27,"CA","British Columbia","East Kootenay Regional District","Tornado Pass","North America; Canada; British Columbia; East Kootenay Regional District; ; ; ; ; ; ; North America; Canada; British Columbia; East Kootenay Regional District; ; ; ; ; ; ; Tornado Pass","AMNH","T. D. Carter",""
859409084,"CC0_1_0","Urocitellus columbianus","PRESERVED_SPECIMEN",NA,NA,NA,1936,7,19,"CA","British Columbia","East Kootenay Regional District","Tornado Pass","North America; Canada; British Columbia; East Kootenay Regional District; ; ; ; ; ; ; North America; Canada; British Columbia; East Kootenay Regional District; ; ; ; ; ; ; Tornado Pass","AMNH","T. D. Carter",""
859409079,"CC0_1_0","Urocitellus columbianus","PRESERVED_SPECIMEN",NA,NA,NA,1936,7,19,"CA","British Columbia","East Kootenay Regional District","Tornado Pass","North America; Canada; British Columbia; East Kootenay Regional District; ; ; ; ; ; ; North America; Canada; British Columbia; East Kootenay Regional District; ; ; ; ; ; ; Tornado Pass","AMNH","T. D. Carter",""
859386219,"CC0_1_0","Urocitellus columbianus","PRESERVED_SPECIMEN",NA,NA,NA,NA,NA,NA,"CA","Alberta","","","North America; Canada; Alberta; ; ; ; ; ; ; ;","AMNH","A. Ely",""
859350522,"CC0_1_0","Urocitellus columbianus","PRESERVED_SPECIMEN",NA,NA,NA,1902,7,31,"CA","British Columbia","Kitimat-Stikine Regional District","Telegraph Creek","North America; Canada; British Columbia; Kitimat-Stikine Regional District; ; ; ; ; ; ; North America; Canada; British Columbia; Kitimat-Stikine Regional District; ; ; ; ; ; ; Telegraph Creek","AMNH","M. P. Anderson",""
859350518,"CC0_1_0","Urocitellus columbianus","PRESERVED_SPECIMEN",NA,NA,NA,1902,7,31,"CA","British Columbia","Kitimat-Stikine Regional District","Telegraph Creek","North America; Canada; British Columbia; Kitimat-Stikine Regional District; ; ; ; ; ; ; North America; Canada; British Columbia; Kitimat-Stikine Regional District; ; ; ; ; ; ; Telegraph Creek","AMNH","M. P. Anderson",""
859350515,"CC0_1_0","Urocitellus columbianus","PRESERVED_SPECIMEN",NA,NA,NA,1902,8,9,"CA","British Columbia","Kitimat-Stikine Regional District","Telegraph Creek","North America; Canada; British Columbia; Kitimat-Stikine Regional District; ; ; ; ; ; ; North America; Canada; British Columbia; Kitimat-Stikine Regional District; ; ; ; ; ; ; Telegraph Creek","AMNH","M. P. Anderson",""
859350512,"CC0_1_0","Urocitellus columbianus","PRESERVED_SPECIMEN",NA,NA,NA,1902,8,9,"CA","British Columbia","Kitimat-Stikine Regional District","Telegraph Creek","North America; Canada; British Columbia; Kitimat-Stikine Regional District; ; ; ; ; ; ; North America; Canada; British Columbia; Kitimat-Stikine Regional District; ; ; ; ; ; ; Telegraph Creek","AMNH","M. P. Anderson",""
859350508,"CC0_1_0","Urocitellus columbianus","PRESERVED_SPECIMEN",NA,NA,NA,1902,8,9,"CA","British Columbia","Kitimat-Stikine Regional District","Telegraph Creek","North America; Canada; British Columbia; Kitimat-Stikine Regional District; ; ; ; ; ; ; North America; Canada; British Columbia; Kitimat-Stikine Regional District; ; ; ; ; ; ; Telegraph Creek","AMNH","M. P. Anderson",""
859350504,"CC0_1_0","Urocitellus columbianus","PRESERVED_SPECIMEN",NA,NA,NA,1902,8,9,"CA","British Columbia","Kitimat-Stikine Regional District","Telegraph Creek","North America; Canada; British Columbia; Kitimat-Stikine Regional District; ; ; ; ; ; ; North America; Canada; British Columbia; Kitimat-Stikine Regional District; ; ; ; ; ; ; Telegraph Creek","AMNH","M. P. Anderson",""
859350501,"CC0_1_0","Urocitellus columbianus","PRESERVED_SPECIMEN",NA,NA,NA,1902,7,31,"CA","British Columbia","Kitimat-Stikine Regional District","Telegraph Creek","North America; Canada; British Columbia; Kitimat-Stikine Regional District; ; ; ; ; ; ; North America; Canada; British Columbia; Kitimat-Stikine Regional District; ; ; ; ; ; ; Telegraph Creek","AMNH","M. P. Anderson",""
859350498,"CC0_1_0","Urocitellus columbianus","PRESERVED_SPECIMEN",NA,NA,NA,1902,7,31,"CA","British Columbia","Kitimat-Stikine Regional District","Telegraph Creek","North America; Canada; British Columbia; Kitimat-Stikine Regional District; ; ; ; ; ; ; North America; Canada; British Columbia; Kitimat-Stikine Regional District; ; ; ; ; ; ; Telegraph Creek","AMNH","M. P. Anderson",""
859350444,"CC0_1_0","Urocitellus columbianus","PRESERVED_SPECIMEN",NA,NA,NA,1902,7,24,"CA","British Columbia","Kitimat-Stikine","Headwaters of Sheslay River","North America; Canada; British Columbia; Stikine Region; ; ; ; ; ; ; North America; Canada; British Columbia; Stikine Region; ; ; ; ; ; ; Headwaters of Sheslay River","AMNH","M. P. Anderson",""
859350441,"CC0_1_0","Urocitellus columbianus","PRESERVED_SPECIMEN",NA,NA,NA,1902,7,24,"CA","British Columbia","Kitimat-Stikine","Headwaters of Sheslay River","North America; Canada; British Columbia; Stikine Region; ; ; ; ; ; ; North America; Canada; British Columbia; Stikine Region; ; ; ; ; ; ; Headwaters of Sheslay River","AMNH","M. P. Anderson",""
859350314,"CC0_1_0","Urocitellus columbianus","PRESERVED_SPECIMEN",NA,NA,NA,1903,9,18,"CA","British Columbia","East Kootenay Regional District","Spillimacheen River","North America; Canada; British Columbia; East Kootenay Regional District; ; ; ; ; ; ; North America; Canada; British Columbia; East Kootenay Regional District; ; ; ; ; ; ; Spillimacheen River","AMNH","Grant; Moore",""
859350309,"CC0_1_0","Urocitellus columbianus","PRESERVED_SPECIMEN",NA,NA,NA,1903,9,18,"CA","British Columbia","East Kootenay Regional District","Spillimacheen River","North America; Canada; British Columbia; East Kootenay Regional District; ; ; ; ; ; ; North America; Canada; British Columbia; East Kootenay Regional District; ; ; ; ; ; ; Spillimacheen River","AMNH","Grant; Moore",""
859350104,"CC0_1_0","Urocitellus columbianus","PRESERVED_SPECIMEN",NA,NA,NA,1902,7,31,"CA","British Columbia","Kitimat-Stikine Regional District","Telegraph Creek","North America; Canada; British Columbia; Kitimat-Stikine Regional District; ; ; ; ; ; ; North America; Canada; British Columbia; Kitimat-Stikine Regional District; ; ; ; ; ; ; Telegraph Creek","AMNH","M. P. Anderson",""
859329146,"CC0_1_0","Urocitellus columbianus","PRESERVED_SPECIMEN",NA,NA,NA,1891,4,9,"US","Idaho","Latah","Moscow","North America; USA; Idaho; Latah Co.; ; ; ; ; ; ; North America; USA; Idaho; Latah Co.; ; ; ; ; ; ; Moscow","AMNH","",""
859329141,"CC0_1_0","Urocitellus columbianus","PRESERVED_SPECIMEN",NA,NA,NA,1891,4,10,"US","Idaho","Latah","Moscow","North America; USA; Idaho; Latah Co.; ; ; ; ; ; ; North America; USA; Idaho; Latah Co.; ; ; ; ; ; ; Moscow","AMNH","",""
859329113,"CC0_1_0","Urocitellus columbianus","PRESERVED_SPECIMEN",NA,NA,NA,1891,4,10,"US","Idaho","Latah","Moscow","North America; USA; Idaho; Latah Co.; ; ; ; ; ; ; North America; USA; Idaho; Latah Co.; ; ; ; ; ; ; Moscow","AMNH","",""
859329032,"CC0_1_0","Urocitellus columbianus","PRESERVED_SPECIMEN",NA,NA,NA,1891,4,9,"US","Idaho","Latah","Moscow","North America; USA; Idaho; Latah Co.; ; ; ; ; ; ; North America; USA; Idaho; Latah Co.; ; ; ; ; ; ; Moscow","AMNH","",""
859329027,"CC0_1_0","Urocitellus columbianus","PRESERVED_SPECIMEN",NA,NA,NA,1891,4,9,"US","Idaho","Latah","Moscow","North America; USA; Idaho; Latah Co.; ; ; ; ; ; ; North America; USA; Idaho; Latah Co.; ; ; ; ; ; ; Moscow","AMNH","",""
859328998,"CC0_1_0","Urocitellus columbianus","PRESERVED_SPECIMEN",NA,NA,NA,1939,1,1,"US","Idaho","Idaho","Golden","North America; USA; Idaho; Idaho Co.; ; ; ; ; ; ; North America; USA; Idaho; Idaho Co.; ; ; ; ; ; ; Golden","AMNH","D. Brazil",""
859328958,"CC0_1_0","Urocitellus columbianus","PRESERVED_SPECIMEN",NA,NA,NA,1934,4,10,"US","Washington","Columbia","Hatley Gulch","North America; USA; Washington; Columbia Co.; ; ; ; ; ; ; North America; USA; Washington; Columbia Co.; ; ; ; ; ; ; Hatley Gulch","AMNH","S. H. Lyman",""
859328956,"CC0_1_0","Urocitellus columbianus","PRESERVED_SPECIMEN",NA,NA,NA,1936,5,18,"US","Idaho","Nez Perce","Craig Mountain","North America; USA; Idaho; Nez Perce Co.; ; ; ; ; ; ; North America; USA; Idaho; Nez Perce Co.; ; ; ; ; ; ; Craig Mountain","AMNH","S. H. Lyman",""
859328955,"CC0_1_0","Urocitellus columbianus","PRESERVED_SPECIMEN",NA,NA,NA,1936,6,13,"US","Washington","Columbia","Mountain Top","North America; USA; Washington; Columbia Co.; ; ; ; ; ; ; North America; USA; Washington; Columbia Co.; ; ; ; ; ; ; Mountain Top","AMNH","S. H. Lyman",""
859328953,"CC0_1_0","Urocitellus columbianus","PRESERVED_SPECIMEN",NA,NA,NA,1934,4,5,"US","Washington","Columbia","Hatley Gulch","North America; USA; Washington; Columbia Co.; ; ; ; ; ; ; North America; USA; Washington; Columbia Co.; ; ; ; ; ; ; Hatley Gulch","AMNH","S. H. Lyman",""
859328951,"CC0_1_0","Urocitellus columbianus","PRESERVED_SPECIMEN",NA,NA,NA,1936,5,18,"US","Idaho","Nez Perce","Craig Mountain","North America; USA; Idaho; Nez Perce Co.; ; ; ; ; ; ; North America; USA; Idaho; Nez Perce Co.; ; ; ; ; ; ; Craig Mountain","AMNH","S. H. Lyman",""
859328950,"CC0_1_0","Urocitellus columbianus","PRESERVED_SPECIMEN",NA,NA,NA,1936,6,19,"US","Washington","Columbia","Mountain Top","North America; USA; Washington; Columbia Co.; ; ; ; ; ; ; North America; USA; Washington; Columbia Co.; ; ; ; ; ; ; Mountain Top","AMNH","S. H. Lyman",""
859328945,"CC0_1_0","Urocitellus columbianus","PRESERVED_SPECIMEN",NA,NA,NA,1936,5,29,"US","Washington","Columbia","Mountain Top","North America; USA; Washington; Columbia Co.; ; ; ; ; ; ; North America; USA; Washington; Columbia Co.; ; ; ; ; ; ; Mountain Top","AMNH","S. H. Lyman",""
859328940,"CC0_1_0","Urocitellus columbianus","PRESERVED_SPECIMEN",NA,NA,NA,1936,5,29,"US","Washington","Columbia","Mountain Top","North America; USA; Washington; Columbia Co.; ; ; ; ; ; ; North America; USA; Washington; Columbia Co.; ; ; ; ; ; ; Mountain Top","AMNH","S. H. Lyman",""
859328758,"CC0_1_0","Urocitellus columbianus","PRESERVED_SPECIMEN",NA,NA,NA,1931,3,13,"US","Washington","Columbia","Near Dayton","North America; USA; Washington; Columbia Co.; ; ; ; ; ; ; North America; USA; Washington; Columbia Co.; ; ; ; ; ; ; Near Dayton","AMNH","S. H. Lyman",""
859328507,"CC0_1_0","Urocitellus columbianus","PRESERVED_SPECIMEN",NA,NA,NA,1934,6,27,"US","Washington","Columbia","Blue Mountains","North America; USA; Washington; Columbia Co.; ; ; ; ; ; ; North America; USA; Washington; Columbia Co.; ; ; ; ; ; ; Blue Mountains","AMNH","S. H. Lyman",""
859328503,"CC0_1_0","Urocitellus columbianus","PRESERVED_SPECIMEN",NA,NA,NA,1934,6,27,"US","Washington","Columbia","Blue Mountains","North America; USA; Washington; Columbia Co.; ; ; ; ; ; ; North America; USA; Washington; Columbia Co.; ; ; ; ; ; ; Blue Mountains","AMNH","S. H. Lyman",""
859328498,"CC0_1_0","Urocitellus columbianus","PRESERVED_SPECIMEN",NA,NA,NA,1934,6,28,"US","Washington","Columbia","Blue Mountains","North America; USA; Washington; Columbia Co.; ; ; ; ; ; ; North America; USA; Washington; Columbia Co.; ; ; ; ; ; ; Blue Mountains","AMNH","S. H. Lyman",""
859328493,"CC0_1_0","Urocitellus columbianus","PRESERVED_SPECIMEN",NA,NA,NA,1934,6,28,"US","Washington","Columbia","Blue Mountains","North America; USA; Washington; Columbia Co.; ; ; ; ; ; ; North America; USA; Washington; Columbia Co.; ; ; ; ; ; ; Blue Mountains","AMNH","S. H. Lyman",""
859328488,"CC0_1_0","Urocitellus columbianus","PRESERVED_SPECIMEN",NA,NA,NA,1934,6,27,"US","Washington","Columbia","Blue Mountains","North America; USA; Washington; Columbia Co.; ; ; ; ; ; ; North America; USA; Washington; Columbia Co.; ; ; ; ; ; ; Blue Mountains","AMNH","S. H. Lyman",""
859327596,"CC0_1_0","Urocitellus columbianus","PRESERVED_SPECIMEN",NA,NA,NA,1915,6,7,"US","Oregon","Malheur","Ironside","North America; USA; Oregon; Malheur Co.; ; ; ; ; ; ; North America; USA; Oregon; Malheur Co.; ; ; ; ; ; ; Ironside","AMNH","H. E. Anthony",""
859327591,"CC0_1_0","Urocitellus columbianus","PRESERVED_SPECIMEN",NA,NA,NA,1915,6,7,"US","Oregon","Malheur","Ironside","North America; USA; Oregon; Malheur Co.; ; ; ; ; ; ; North America; USA; Oregon; Malheur Co.; ; ; ; ; ; ; Ironside","AMNH","H. E. Anthony",""
859327586,"CC0_1_0","Urocitellus columbianus","PRESERVED_SPECIMEN",NA,NA,NA,1915,6,7,"US","Oregon","Malheur","Ironside","North America; USA; Oregon; Malheur Co.; ; ; ; ; ; ; North America; USA; Oregon; Malheur Co.; ; ; ; ; ; ; Ironside","AMNH","H. E. Anthony",""
859318532,"CC0_1_0","Urocitellus columbianus","PRESERVED_SPECIMEN",NA,NA,NA,1907,7,9,"CA","Alberta","Division No. 15","Ptarmigan Lake, near Laggan","North America; Canada; Alberta; Division No. 15; ; ; ; ; ; ; North America; Canada; Alberta; Division No. 15; ; ; ; ; ; ; Ptarmigan Lake, near Laggan","AMNH","F. M. Chapman",""
859318527,"CC0_1_0","Urocitellus columbianus","PRESERVED_SPECIMEN",NA,NA,NA,1907,7,10,"CA","Alberta","Division No. 15","Ptarmigan Lake, near Laggan","North America; Canada; Alberta; Division No. 15; ; ; ; ; ; ; North America; Canada; Alberta; Division No. 15; ; ; ; ; ; ; Ptarmigan Lake, near Laggan","AMNH","F. M. Chapman",""
859318522,"CC0_1_0","Urocitellus columbianus","PRESERVED_SPECIMEN",NA,NA,NA,1907,7,8,"CA","Alberta","Division No. 15","Ptarmigan Lake, near Laggan","North America; Canada; Alberta; Division No. 15; ; ; ; ; ; ; North America; Canada; Alberta; Division No. 15; ; ; ; ; ; ; Ptarmigan Lake, near Laggan","AMNH","F. M. Chapman",""
859318197,"CC0_1_0","Urocitellus columbianus","PRESERVED_SPECIMEN",NA,NA,NA,1931,8,15,"CA","Alberta","Division No. 11","Lower Spring Lake outlet","North America; Canada; Alberta; Division No. 11; ; ; ; ; ; ; North America; Canada; Alberta; Division No. 11; ; ; ; ; ; ; Lower Spring Lake outlet","AMNH","A. Ely",""
859318192,"CC0_1_0","Urocitellus columbianus","PRESERVED_SPECIMEN",NA,NA,NA,1931,8,12,"CA","Alberta","Division No. 11","Lower Spring Lake outlet","North America; Canada; Alberta; Division No. 11; ; ; ; ; ; ; North America; Canada; Alberta; Division No. 11; ; ; ; ; ; ; Lower Spring Lake outlet","AMNH","A. Ely",""
859317567,"CC0_1_0","Urocitellus columbianus","PRESERVED_SPECIMEN",NA,NA,NA,1902,7,23,"CA","British Columbia","Kitimat-Stikine","Headwaters of Sheslay River","North America; Canada; British Columbia; Stikine Region; ; ; ; ; ; ; North America; Canada; British Columbia; Stikine Region; ; ; ; ; ; ; Headwaters of Sheslay River","AMNH","M. P. Anderson",""
859317562,"CC0_1_0","Urocitellus columbianus","PRESERVED_SPECIMEN",NA,NA,NA,1902,7,23,"CA","British Columbia","Kitimat-Stikine","Headwaters of Sheslay River","North America; Canada; British Columbia; Stikine Region; ; ; ; ; ; ; North America; Canada; British Columbia; Stikine Region; ; ; ; ; ; ; Headwaters of Sheslay River","AMNH","M. P. Anderson",""
859317557,"CC0_1_0","Urocitellus columbianus","PRESERVED_SPECIMEN",NA,NA,NA,1902,7,23,"CA","British Columbia","Kitimat-Stikine","Headwaters of Sheslay River","North America; Canada; British Columbia; Stikine Region; ; ; ; ; ; ; North America; Canada; British Columbia; Stikine Region; ; ; ; ; ; ; Headwaters of Sheslay River","AMNH","M. P. Anderson",""
859317552,"CC0_1_0","Urocitellus columbianus","PRESERVED_SPECIMEN",NA,NA,NA,1902,7,23,"CA","British Columbia","Kitimat-Stikine","Headwaters of Sheslay River","North America; Canada; British Columbia; Stikine Region; ; ; ; ; ; ; North America; Canada; British Columbia; Stikine Region; ; ; ; ; ; ; Headwaters of Sheslay River","AMNH","M. P. Anderson",""
859317516,"CC0_1_0","Urocitellus columbianus","PRESERVED_SPECIMEN",NA,NA,NA,1902,9,1,"CA","British Columbia","Kitimat-Stikine","Headwaters of Sheslay River","North America; Canada; British Columbia; Stikine Region; ; ; ; ; ; ; North America; Canada; British Columbia; Stikine Region; ; ; ; ; ; ; Headwaters of Sheslay River","AMNH","M. P. Anderson",""
859317513,"CC0_1_0","Urocitellus columbianus","PRESERVED_SPECIMEN",NA,NA,NA,1902,9,1,"CA","British Columbia","Kitimat-Stikine","Headwaters of Sheslay River","North America; Canada; British Columbia; Stikine Region; ; ; ; ; ; ; North America; Canada; British Columbia; Stikine Region; ; ; ; ; ; ; Headwaters of Sheslay River","AMNH","M. P. Anderson",""
859317472,"CC0_1_0","Urocitellus columbianus","PRESERVED_SPECIMEN",NA,NA,NA,1902,9,1,"CA","British Columbia","Kitimat-Stikine","Headwaters of Sheslay River","North America; Canada; British Columbia; Stikine Region; ; ; ; ; ; ; North America; Canada; British Columbia; Stikine Region; ; ; ; ; ; ; Headwaters of Sheslay River","AMNH","M. P. Anderson",""
859317469,"CC0_1_0","Urocitellus columbianus","PRESERVED_SPECIMEN",NA,NA,NA,1902,9,1,"CA","British Columbia","Kitimat-Stikine","Headwaters of Sheslay River","North America; Canada; British Columbia; Stikine Region; ; ; ; ; ; ; North America; Canada; British Columbia; Stikine Region; ; ; ; ; ; ; Headwaters of Sheslay River","AMNH","M. P. Anderson",""
859317466,"CC0_1_0","Urocitellus columbianus","PRESERVED_SPECIMEN",NA,NA,NA,1902,9,1,"CA","British Columbia","Kitimat-Stikine","Headwaters of Sheslay River","North America; Canada; British Columbia; Stikine Region; ; ; ; ; ; ; North America; Canada; British Columbia; Stikine Region; ; ; ; ; ; ; Headwaters of Sheslay River","AMNH","M. P. Anderson",""
859317396,"CC0_1_0","Urocitellus columbianus","PRESERVED_SPECIMEN",NA,NA,NA,1902,7,25,"CA","British Columbia","Kitimat-Stikine","Headwaters of Sheslay River","North America; Canada; British Columbia; Stikine Region; ; ; ; ; ; ; North America; Canada; British Columbia; Stikine Region; ; ; ; ; ; ; Headwaters of Sheslay River","AMNH","M. P. Anderson",""
859317391,"CC0_1_0","Urocitellus columbianus","PRESERVED_SPECIMEN",NA,NA,NA,1902,7,25,"CA","British Columbia","Kitimat-Stikine","Headwaters of Sheslay River","North America; Canada; British Columbia; Stikine Region; ; ; ; ; ; ; North America; Canada; British Columbia; Stikine Region; ; ; ; ; ; ; Headwaters of Sheslay River","AMNH","M. P. Anderson",""
859317386,"CC0_1_0","Urocitellus columbianus","PRESERVED_SPECIMEN",NA,NA,NA,1902,7,24,"CA","British Columbia","Kitimat-Stikine","Headwaters of Sheslay River","North America; Canada; British Columbia; Stikine Region; ; ; ; ; ; ; North America; Canada; British Columbia; Stikine Region; ; ; ; ; ; ; Headwaters of Sheslay River","AMNH","M. P. Anderson",""
859317381,"CC0_1_0","Urocitellus columbianus","PRESERVED_SPECIMEN",NA,NA,NA,1902,7,24,"CA","British Columbia","Kitimat-Stikine","Headwaters of Sheslay River","North America; Canada; British Columbia; Stikine Region; ; ; ; ; ; ; North America; Canada; British Columbia; Stikine Region; ; ; ; ; ; ; Headwaters of Sheslay River","AMNH","M. P. Anderson",""
859317377,"CC0_1_0","Urocitellus columbianus","PRESERVED_SPECIMEN",NA,NA,NA,1902,7,24,"CA","British Columbia","Kitimat-Stikine","Headwaters of Sheslay River","North America; Canada; British Columbia; Stikine Region; ; ; ; ; ; ; North America; Canada; British Columbia; Stikine Region; ; ; ; ; ; ; Headwaters of Sheslay River","AMNH","M. P. Anderson",""
859317172,"CC0_1_0","Urocitellus columbianus","PRESERVED_SPECIMEN",NA,NA,NA,1902,7,31,"CA","British Columbia","Kitimat-Stikine Regional District","Telegraph Creek","North America; Canada; British Columbia; Kitimat-Stikine Regional District; ; ; ; ; ; ; North America; Canada; British Columbia; Kitimat-Stikine Regional District; ; ; ; ; ; ; Telegraph Creek","AMNH","M. P. Anderson",""
859317168,"CC0_1_0","Urocitellus columbianus","PRESERVED_SPECIMEN",NA,NA,NA,1902,7,31,"CA","British Columbia","Kitimat-Stikine Regional District","Telegraph Creek","North America; Canada; British Columbia; Kitimat-Stikine Regional District; ; ; ; ; ; ; North America; Canada; British Columbia; Kitimat-Stikine Regional District; ; ; ; ; ; ; Telegraph Creek","AMNH","M. P. Anderson",""
859317164,"CC0_1_0","Urocitellus columbianus","PRESERVED_SPECIMEN",NA,NA,NA,1902,7,31,"CA","British Columbia","Kitimat-Stikine Regional District","Telegraph Creek","North America; Canada; British Columbia; Kitimat-Stikine Regional District; ; ; ; ; ; ; North America; Canada; British Columbia; Kitimat-Stikine Regional District; ; ; ; ; ; ; Telegraph Creek","AMNH","M. P. Anderson",""
859317160,"CC0_1_0","Urocitellus columbianus","PRESERVED_SPECIMEN",NA,NA,NA,1902,7,31,"CA","British Columbia","Kitimat-Stikine Regional District","Telegraph Creek","North America; Canada; British Columbia; Kitimat-Stikine Regional District; ; ; ; ; ; ; North America; Canada; British Columbia; Kitimat-Stikine Regional District; ; ; ; ; ; ; Telegraph Creek","AMNH","M. P. Anderson",""
859317156,"CC0_1_0","Urocitellus columbianus","PRESERVED_SPECIMEN",NA,NA,NA,1902,7,31,"CA","British Columbia","Kitimat-Stikine Regional District","Telegraph Creek","North America; Canada; British Columbia; Kitimat-Stikine Regional District; ; ; ; ; ; ; North America; Canada; British Columbia; Kitimat-Stikine Regional District; ; ; ; ; ; ; Telegraph Creek","AMNH","M. P. Anderson",""
859317152,"CC0_1_0","Urocitellus columbianus","PRESERVED_SPECIMEN",NA,NA,NA,1902,7,31,"CA","British Columbia","Kitimat-Stikine Regional District","Telegraph Creek","North America; Canada; British Columbia; Kitimat-Stikine Regional District; ; ; ; ; ; ; North America; Canada; British Columbia; Kitimat-Stikine Regional District; ; ; ; ; ; ; Telegraph Creek","AMNH","M. P. Anderson",""
859317148,"CC0_1_0","Urocitellus columbianus","PRESERVED_SPECIMEN",NA,NA,NA,1902,7,31,"CA","British Columbia","Kitimat-Stikine Regional District","Telegraph Creek","North America; Canada; British Columbia; Kitimat-Stikine Regional District; ; ; ; ; ; ; North America; Canada; British Columbia; Kitimat-Stikine Regional District; ; ; ; ; ; ; Telegraph Creek","AMNH","M. P. Anderson",""
859317143,"CC0_1_0","Urocitellus columbianus","PRESERVED_SPECIMEN",NA,NA,NA,1902,7,31,"CA","British Columbia","Kitimat-Stikine Regional District","Telegraph Creek","North America; Canada; British Columbia; Kitimat-Stikine Regional District; ; ; ; ; ; ; North America; Canada; British Columbia; Kitimat-Stikine Regional District; ; ; ; ; ; ; Telegraph Creek","AMNH","M. P. Anderson",""
859317138,"CC0_1_0","Urocitellus columbianus","PRESERVED_SPECIMEN",NA,NA,NA,1902,7,31,"CA","British Columbia","Kitimat-Stikine Regional District","Telegraph Creek","North America; Canada; British Columbia; Kitimat-Stikine Regional District; ; ; ; ; ; ; North America; Canada; British Columbia; Kitimat-Stikine Regional District; ; ; ; ; ; ; Telegraph Creek","AMNH","M. P. Anderson",""
859317133,"CC0_1_0","Urocitellus columbianus","PRESERVED_SPECIMEN",NA,NA,NA,1902,7,31,"CA","British Columbia","Kitimat-Stikine Regional District","Telegraph Creek","North America; Canada; British Columbia; Kitimat-Stikine Regional District; ; ; ; ; ; ; North America; Canada; British Columbia; Kitimat-Stikine Regional District; ; ; ; ; ; ; Telegraph Creek","AMNH","M. P. Anderson",""
859317127,"CC0_1_0","Urocitellus columbianus","PRESERVED_SPECIMEN",NA,NA,NA,1902,7,31,"CA","British Columbia","Kitimat-Stikine Regional District","Telegraph Creek","North America; Canada; British Columbia; Kitimat-Stikine Regional District; ; ; ; ; ; ; North America; Canada; British Columbia; Kitimat-Stikine Regional District; ; ; ; ; ; ; Telegraph Creek","AMNH","M. P. Anderson",""
859317123,"CC0_1_0","Urocitellus columbianus","PRESERVED_SPECIMEN",NA,NA,NA,1902,7,31,"CA","British Columbia","Kitimat-Stikine Regional District","Telegraph Creek","North America; Canada; British Columbia; Kitimat-Stikine Regional District; ; ; ; ; ; ; North America; Canada; British Columbia; Kitimat-Stikine Regional District; ; ; ; ; ; ; Telegraph Creek","AMNH","M. P. Anderson",""
859317085,"CC0_1_0","Urocitellus columbianus","PRESERVED_SPECIMEN",NA,NA,NA,1902,8,9,"CA","British Columbia","Kitimat-Stikine Regional District","Telegraph Creek","North America; Canada; British Columbia; Kitimat-Stikine Regional District; ; ; ; ; ; ; North America; Canada; British Columbia; Kitimat-Stikine Regional District; ; ; ; ; ; ; Telegraph Creek","AMNH","M. P. Anderson",""
859317080,"CC0_1_0","Urocitellus columbianus","PRESERVED_SPECIMEN",NA,NA,NA,1902,8,9,"CA","British Columbia","Kitimat-Stikine Regional District","Telegraph Creek","North America; Canada; British Columbia; Kitimat-Stikine Regional District; ; ; ; ; ; ; North America; Canada; British Columbia; Kitimat-Stikine Regional District; ; ; ; ; ; ; Telegraph Creek","AMNH","M. P. Anderson",""
859317076,"CC0_1_0","Urocitellus columbianus","PRESERVED_SPECIMEN",NA,NA,NA,1902,8,9,"CA","British Columbia","Kitimat-Stikine Regional District","Telegraph Creek","North America; Canada; British Columbia; Kitimat-Stikine Regional District; ; ; ; ; ; ; North America; Canada; British Columbia; Kitimat-Stikine Regional District; ; ; ; ; ; ; Telegraph Creek","AMNH","M. P. Anderson",""
859317072,"CC0_1_0","Urocitellus columbianus","PRESERVED_SPECIMEN",NA,NA,NA,1902,8,9,"CA","British Columbia","Kitimat-Stikine Regional District","Telegraph Creek","North America; Canada; British Columbia; Kitimat-Stikine Regional District; ; ; ; ; ; ; North America; Canada; British Columbia; Kitimat-Stikine Regional District; ; ; ; ; ; ; Telegraph Creek","AMNH","M. P. Anderson",""
859317068,"CC0_1_0","Urocitellus columbianus","PRESERVED_SPECIMEN",NA,NA,NA,1902,8,9,"CA","British Columbia","Kitimat-Stikine Regional District","Telegraph Creek","North America; Canada; British Columbia; Kitimat-Stikine Regional District; ; ; ; ; ; ; North America; Canada; British Columbia; Kitimat-Stikine Regional District; ; ; ; ; ; ; Telegraph Creek","AMNH","M. P. Anderson",""
859317064,"CC0_1_0","Urocitellus columbianus","PRESERVED_SPECIMEN",NA,NA,NA,1902,8,9,"CA","British Columbia","Kitimat-Stikine Regional District","Telegraph Creek","North America; Canada; British Columbia; Kitimat-Stikine Regional District; ; ; ; ; ; ; North America; Canada; British Columbia; Kitimat-Stikine Regional District; ; ; ; ; ; ; Telegraph Creek","AMNH","M. P. Anderson",""
859317061,"CC0_1_0","Urocitellus columbianus","PRESERVED_SPECIMEN",NA,NA,NA,1902,8,9,"CA","British Columbia","Kitimat-Stikine Regional District","Telegraph Creek","North America; Canada; British Columbia; Kitimat-Stikine Regional District; ; ; ; ; ; ; North America; Canada; British Columbia; Kitimat-Stikine Regional District; ; ; ; ; ; ; Telegraph Creek","AMNH","M. P. Anderson",""
859317058,"CC0_1_0","Urocitellus columbianus","PRESERVED_SPECIMEN",NA,NA,NA,1902,8,9,"CA","British Columbia","Kitimat-Stikine Regional District","Telegraph Creek","North America; Canada; British Columbia; Kitimat-Stikine Regional District; ; ; ; ; ; ; North America; Canada; British Columbia; Kitimat-Stikine Regional District; ; ; ; ; ; ; Telegraph Creek","AMNH","M. P. Anderson",""
859317055,"CC0_1_0","Urocitellus columbianus","PRESERVED_SPECIMEN",NA,NA,NA,1902,8,9,"CA","British Columbia","Kitimat-Stikine Regional District","Telegraph Creek","North America; Canada; British Columbia; Kitimat-Stikine Regional District; ; ; ; ; ; ; North America; Canada; British Columbia; Kitimat-Stikine Regional District; ; ; ; ; ; ; Telegraph Creek","AMNH","M. P. Anderson",""
859317052,"CC0_1_0","Urocitellus columbianus","PRESERVED_SPECIMEN",NA,NA,NA,1902,8,9,"CA","British Columbia","Kitimat-Stikine Regional District","Telegraph Creek","North America; Canada; British Columbia; Kitimat-Stikine Regional District; ; ; ; ; ; ; North America; Canada; British Columbia; Kitimat-Stikine Regional District; ; ; ; ; ; ; Telegraph Creek","AMNH","M. P. Anderson",""
859317048,"CC0_1_0","Urocitellus columbianus","PRESERVED_SPECIMEN",NA,NA,NA,1902,8,9,"CA","British Columbia","Kitimat-Stikine Regional District","Telegraph Creek","North America; Canada; British Columbia; Kitimat-Stikine Regional District; ; ; ; ; ; ; North America; Canada; British Columbia; Kitimat-Stikine Regional District; ; ; ; ; ; ; Telegraph Creek","AMNH","M. P. Anderson",""
859317043,"CC0_1_0","Urocitellus columbianus","PRESERVED_SPECIMEN",NA,NA,NA,1902,8,9,"CA","British Columbia","Kitimat-Stikine Regional District","Telegraph Creek","North America; Canada; British Columbia; Kitimat-Stikine Regional District; ; ; ; ; ; ; North America; Canada; British Columbia; Kitimat-Stikine Regional District; ; ; ; ; ; ; Telegraph Creek","AMNH","M. P. Anderson",""
859317038,"CC0_1_0","Urocitellus columbianus","PRESERVED_SPECIMEN",NA,NA,NA,1902,8,9,"CA","British Columbia","Kitimat-Stikine Regional District","Telegraph Creek","North America; Canada; British Columbia; Kitimat-Stikine Regional District; ; ; ; ; ; ; North America; Canada; British Columbia; Kitimat-Stikine Regional District; ; ; ; ; ; ; Telegraph Creek","AMNH","M. P. Anderson",""
859317033,"CC0_1_0","Urocitellus columbianus","PRESERVED_SPECIMEN",NA,NA,NA,1902,7,31,"CA","British Columbia","Kitimat-Stikine Regional District","Telegraph Creek","North America; Canada; British Columbia; Kitimat-Stikine Regional District; ; ; ; ; ; ; North America; Canada; British Columbia; Kitimat-Stikine Regional District; ; ; ; ; ; ; Telegraph Creek","AMNH","M. P. Anderson",""
859317028,"CC0_1_0","Urocitellus columbianus","PRESERVED_SPECIMEN",NA,NA,NA,1902,7,31,"CA","British Columbia","Kitimat-Stikine Regional District","Telegraph Creek","North America; Canada; British Columbia; Kitimat-Stikine Regional District; ; ; ; ; ; ; North America; Canada; British Columbia; Kitimat-Stikine Regional District; ; ; ; ; ; ; Telegraph Creek","AMNH","M. P. Anderson",""
859317023,"CC0_1_0","Urocitellus columbianus","PRESERVED_SPECIMEN",NA,NA,NA,1902,7,31,"CA","British Columbia","Kitimat-Stikine Regional District","Telegraph Creek","North America; Canada; British Columbia; Kitimat-Stikine Regional District; ; ; ; ; ; ; North America; Canada; British Columbia; Kitimat-Stikine Regional District; ; ; ; ; ; ; Telegraph Creek","AMNH","M. P. Anderson",""
859317019,"CC0_1_0","Urocitellus columbianus","PRESERVED_SPECIMEN",NA,NA,NA,1902,7,31,"CA","British Columbia","Kitimat-Stikine Regional District","Telegraph Creek","North America; Canada; British Columbia; Kitimat-Stikine Regional District; ; ; ; ; ; ; North America; Canada; British Columbia; Kitimat-Stikine Regional District; ; ; ; ; ; ; Telegraph Creek","AMNH","M. P. Anderson",""
859317015,"CC0_1_0","Urocitellus columbianus","PRESERVED_SPECIMEN",NA,NA,NA,1902,7,31,"CA","British Columbia","Kitimat-Stikine Regional District","Telegraph Creek","North America; Canada; British Columbia; Kitimat-Stikine Regional District; ; ; ; ; ; ; North America; Canada; British Columbia; Kitimat-Stikine Regional District; ; ; ; ; ; ; Telegraph Creek","AMNH","M. P. Anderson",""
859316920,"CC0_1_0","Urocitellus columbianus","PRESERVED_SPECIMEN",NA,NA,NA,1902,7,31,"CA","British Columbia","Kitimat-Stikine Regional District","Telegraph Creek","North America; Canada; British Columbia; Kitimat-Stikine Regional District; ; ; ; ; ; ; North America; Canada; British Columbia; Kitimat-Stikine Regional District; ; ; ; ; ; ; Telegraph Creek","AMNH","M. P. Anderson",""
859316915,"CC0_1_0","Urocitellus columbianus","PRESERVED_SPECIMEN",NA,NA,NA,1902,7,31,"CA","British Columbia","Kitimat-Stikine Regional District","Telegraph Creek","North America; Canada; British Columbia; Kitimat-Stikine Regional District; ; ; ; ; ; ; North America; Canada; British Columbia; Kitimat-Stikine Regional District; ; ; ; ; ; ; Telegraph Creek","AMNH","M. P. Anderson",""
859316884,"CC0_1_0","Urocitellus columbianus","PRESERVED_SPECIMEN",NA,NA,NA,1902,8,9,"CA","British Columbia","Kitimat-Stikine Regional District","Telegraph Creek","North America; Canada; British Columbia; Kitimat-Stikine Regional District; ; ; ; ; ; ; North America; Canada; British Columbia; Kitimat-Stikine Regional District; ; ; ; ; ; ; Telegraph Creek","AMNH","M. P. Anderson",""
859316880,"CC0_1_0","Urocitellus columbianus","PRESERVED_SPECIMEN",NA,NA,NA,1902,8,9,"CA","British Columbia","Kitimat-Stikine Regional District","Telegraph Creek","North America; Canada; British Columbia; Kitimat-Stikine Regional District; ; ; ; ; ; ; North America; Canada; British Columbia; Kitimat-Stikine Regional District; ; ; ; ; ; ; Telegraph Creek","AMNH","M. P. Anderson",""
859316876,"CC0_1_0","Urocitellus columbianus","PRESERVED_SPECIMEN",NA,NA,NA,1902,8,9,"CA","British Columbia","Kitimat-Stikine Regional District","Telegraph Creek","North America; Canada; British Columbia; Kitimat-Stikine Regional District; ; ; ; ; ; ; North America; Canada; British Columbia; Kitimat-Stikine Regional District; ; ; ; ; ; ; Telegraph Creek","AMNH","M. P. Anderson",""
859316589,"CC0_1_0","Urocitellus columbianus","PRESERVED_SPECIMEN",NA,NA,NA,1902,8,9,"CA","British Columbia","Kitimat-Stikine Regional District","Telegraph Creek","North America; Canada; British Columbia; Kitimat-Stikine Regional District; ; ; ; ; ; ; North America; Canada; British Columbia; Kitimat-Stikine Regional District; ; ; ; ; ; ; Telegraph Creek","AMNH","M. P. Anderson",""
859316584,"CC0_1_0","Urocitellus columbianus","PRESERVED_SPECIMEN",NA,NA,NA,1902,8,9,"CA","British Columbia","Kitimat-Stikine Regional District","Telegraph Creek","North America; Canada; British Columbia; Kitimat-Stikine Regional District; ; ; ; ; ; ; North America; Canada; British Columbia; Kitimat-Stikine Regional District; ; ; ; ; ; ; Telegraph Creek","AMNH","M. P. Anderson",""
859316381,"CC0_1_0","Urocitellus columbianus","PRESERVED_SPECIMEN",NA,NA,NA,1931,8,18,"CA","Alberta","Division No. 15","Mud Lake","North America; Canada; Alberta; Division No. 15; ; ; ; ; ; ; North America; Canada; Alberta; Division No. 15; ; ; ; ; ; ; Mud Lake","AMNH","A. Ely",""
859315099,"CC0_1_0","Urocitellus columbianus","PRESERVED_SPECIMEN",NA,NA,NA,1915,7,17,"CA","Alberta","Division No. 15","Jasper National Park","North America; Canada; Alberta; Division No. 15; ; ; ; ; ; ; North America; Canada; Alberta; Division No. 15; ; ; ; ; ; ; Jasper National Park","AMNH","J. P. Chapin",""
859315095,"CC0_1_0","Urocitellus columbianus","PRESERVED_SPECIMEN",NA,NA,NA,1915,7,16,"CA","Alberta","Division No. 15","Jasper National Park","North America; Canada; Alberta; Division No. 15; ; ; ; ; ; ; North America; Canada; Alberta; Division No. 15; ; ; ; ; ; ; Jasper National Park","AMNH","J. P. Chapin",""
859315091,"CC0_1_0","Urocitellus columbianus","PRESERVED_SPECIMEN",NA,NA,NA,1915,7,16,"CA","Alberta","Division No. 15","Jasper National Park","North America; Canada; Alberta; Division No. 15; ; ; ; ; ; ; North America; Canada; Alberta; Division No. 15; ; ; ; ; ; ; Jasper National Park","AMNH","J. P. Chapin",""
859315087,"CC0_1_0","Urocitellus columbianus","PRESERVED_SPECIMEN",NA,NA,NA,1915,7,16,"CA","Alberta","Division No. 15","Jasper National Park","North America; Canada; Alberta; Division No. 15; ; ; ; ; ; ; North America; Canada; Alberta; Division No. 15; ; ; ; ; ; ; Jasper National Park","AMNH","J. P. Chapin",""
859314377,"CC0_1_0","Urocitellus columbianus","PRESERVED_SPECIMEN",NA,NA,NA,1941,7,5,"CA","Alberta","Division No. 15","Northeast of  Banff","North America; Canada; Alberta; Division No. 15; ; ; ; ; ; ; North America; Canada; Alberta; Division No. 15; ; ; ; ; ; ; Northeast of  Banff","AMNH","P. E. Crowe",""
859314376,"CC0_1_0","Urocitellus columbianus","PRESERVED_SPECIMEN",NA,NA,NA,1941,6,25,"CA","Alberta","Division No. 15","Banff","North America; Canada; Alberta; Division No. 15; ; ; ; ; ; ; North America; Canada; Alberta; Division No. 15; ; ; ; ; ; ; Banff","AMNH","P. E. Crowe",""
859314372,"CC0_1_0","Urocitellus columbianus","PRESERVED_SPECIMEN",NA,NA,NA,1941,6,21,"CA","Alberta","Division No. 15","Northeast of  Banff","North America; Canada; Alberta; Division No. 15; ; ; ; ; ; ; North America; Canada; Alberta; Division No. 15; ; ; ; ; ; ; Northeast of  Banff","AMNH","G. C. Anthony",""
859314371,"CC0_1_0","Urocitellus columbianus","PRESERVED_SPECIMEN",NA,NA,NA,1941,6,25,"CA","Alberta","Division No. 15","Banff","North America; Canada; Alberta; Division No. 15; ; ; ; ; ; ; North America; Canada; Alberta; Division No. 15; ; ; ; ; ; ; Banff","AMNH","P. E. Crowe",""
859314366,"CC0_1_0","Urocitellus columbianus","PRESERVED_SPECIMEN",NA,NA,NA,1941,6,23,"CA","Alberta","Division No. 15","Banff","North America; Canada; Alberta; Division No. 15; ; ; ; ; ; ; North America; Canada; Alberta; Division No. 15; ; ; ; ; ; ; Banff","AMNH","P. E. Crowe",""
859314361,"CC0_1_0","Urocitellus columbianus","PRESERVED_SPECIMEN",NA,NA,NA,1941,6,23,"CA","Alberta","Division No. 15","Banff","North America; Canada; Alberta; Division No. 15; ; ; ; ; ; ; North America; Canada; Alberta; Division No. 15; ; ; ; ; ; ; Banff","AMNH","P. E. Crowe",""
859314356,"CC0_1_0","Urocitellus columbianus","PRESERVED_SPECIMEN",NA,NA,NA,1941,6,22,"CA","Alberta","Division No. 15","Banff","North America; Canada; Alberta; Division No. 15; ; ; ; ; ; ; North America; Canada; Alberta; Division No. 15; ; ; ; ; ; ; Banff","AMNH","P. E. Crowe",""
859314351,"CC0_1_0","Urocitellus columbianus","PRESERVED_SPECIMEN",NA,NA,NA,1941,6,22,"CA","Alberta","Division No. 15","Banff","North America; Canada; Alberta; Division No. 15; ; ; ; ; ; ; North America; Canada; Alberta; Division No. 15; ; ; ; ; ; ; Banff","AMNH","P. E. Crowe",""
859314324,"CC0_1_0","Urocitellus columbianus","PRESERVED_SPECIMEN",NA,NA,NA,1899,7,10,"CA","Alberta","Division No. 15","Banff","North America; Canada; Alberta; Division No. 15; ; ; ; ; ; ; North America; Canada; Alberta; Division No. 15; ; ; ; ; ; ; Banff","AMNH","G. F. Dippie",""
859314319,"CC0_1_0","Urocitellus columbianus","PRESERVED_SPECIMEN",NA,NA,NA,1899,7,20,"CA","Alberta","Division No. 15","Banff","North America; Canada; Alberta; Division No. 15; ; ; ; ; ; ; North America; Canada; Alberta; Division No. 15; ; ; ; ; ; ; Banff","AMNH","G. F. Dippie",""
859314238,"CC0_1_0","Urocitellus columbianus","PRESERVED_SPECIMEN",NA,NA,NA,1941,6,22,"CA","Alberta","Division No. 15","Northeast of  Banff","North America; Canada; Alberta; Division No. 15; ; ; ; ; ; ; North America; Canada; Alberta; Division No. 15; ; ; ; ; ; ; Northeast of  Banff","AMNH","G. C. Anthony",""
859314233,"CC0_1_0","Urocitellus columbianus","PRESERVED_SPECIMEN",NA,NA,NA,1941,6,22,"CA","Alberta","Division No. 15","Northeast of  Banff","North America; Canada; Alberta; Division No. 15; ; ; ; ; ; ; North America; Canada; Alberta; Division No. 15; ; ; ; ; ; ; Northeast of  Banff","AMNH","G. C. Anthony",""
859314230,"CC0_1_0","Urocitellus columbianus","PRESERVED_SPECIMEN",NA,NA,NA,1898,8,1,"CA","Alberta","Division No. 15","Banff National Park","North America; Canada; Alberta; Division No. 15; ; ; ; ; ; ; North America; Canada; Alberta; Division No. 15; ; ; ; ; ; ; Banff National Park","AMNH","G. F. Dippie",""
859314226,"CC0_1_0","Urocitellus columbianus","PRESERVED_SPECIMEN",NA,NA,NA,1898,8,1,"CA","Alberta","Division No. 15","Banff National Park","North America; Canada; Alberta; Division No. 15; ; ; ; ; ; ; North America; Canada; Alberta; Division No. 15; ; ; ; ; ; ; Banff National Park","AMNH","G. F. Dippie",""
859314204,"CC0_1_0","Urocitellus columbianus","PRESERVED_SPECIMEN",NA,NA,NA,1899,8,16,"CA","Alberta","Division No. 15","Banff National Park","North America; Canada; Alberta; Division No. 15; ; ; ; ; ; ; North America; Canada; Alberta; Division No. 15; ; ; ; ; ; ; Banff National Park","AMNH","G. F. Dippie",""
859314186,"CC0_1_0","Urocitellus columbianus","PRESERVED_SPECIMEN",NA,NA,NA,1941,7,10,"CA","Alberta","Division No. 15","Northeast of  Banff","North America; Canada; Alberta; Division No. 15; ; ; ; ; ; ; North America; Canada; Alberta; Division No. 15; ; ; ; ; ; ; Northeast of  Banff","AMNH","P. E. Crowe",""
859314181,"CC0_1_0","Urocitellus columbianus","PRESERVED_SPECIMEN",NA,NA,NA,1941,7,8,"CA","Alberta","Division No. 15","Northeast of  Banff","North America; Canada; Alberta; Division No. 15; ; ; ; ; ; ; North America; Canada; Alberta; Division No. 15; ; ; ; ; ; ; Northeast of  Banff","AMNH","P. E. Crowe",""
859314176,"CC0_1_0","Urocitellus columbianus","PRESERVED_SPECIMEN",NA,NA,NA,1941,7,5,"CA","Alberta","Division No. 15","Northeast of  Banff","North America; Canada; Alberta; Division No. 15; ; ; ; ; ; ; North America; Canada; Alberta; Division No. 15; ; ; ; ; ; ; Northeast of  Banff","AMNH","P. E. Crowe",""
859314172,"CC0_1_0","Urocitellus columbianus","PRESERVED_SPECIMEN",NA,NA,NA,1941,7,5,"CA","Alberta","Division No. 15","Northeast of  Banff","North America; Canada; Alberta; Division No. 15; ; ; ; ; ; ; North America; Canada; Alberta; Division No. 15; ; ; ; ; ; ; Northeast of  Banff","AMNH","P. E. Crowe",""
859314140,"CC0_1_0","Urocitellus columbianus","PRESERVED_SPECIMEN",NA,NA,NA,1941,6,22,"CA","Alberta","Division No. 15","Northeast of  Banff","North America; Canada; Alberta; Division No. 15; ; ; ; ; ; ; North America; Canada; Alberta; Division No. 15; ; ; ; ; ; ; Northeast of  Banff","AMNH","G. C. Anthony",""
859314135,"CC0_1_0","Urocitellus columbianus","PRESERVED_SPECIMEN",NA,NA,NA,1941,6,22,"CA","Alberta","Division No. 15","Northeast of  Banff","North America; Canada; Alberta; Division No. 15; ; ; ; ; ; ; North America; Canada; Alberta; Division No. 15; ; ; ; ; ; ; Northeast of  Banff","AMNH","G. C. Anthony",""
859314130,"CC0_1_0","Urocitellus columbianus","PRESERVED_SPECIMEN",NA,NA,NA,1941,7,9,"CA","Alberta","Division No. 15","Northeast of  Banff","North America; Canada; Alberta; Division No. 15; ; ; ; ; ; ; North America; Canada; Alberta; Division No. 15; ; ; ; ; ; ; Northeast of  Banff","AMNH","P. E. Crowe",""
859314115,"CC0_1_0","Urocitellus columbianus","PRESERVED_SPECIMEN",NA,NA,NA,1941,8,12,"CA","British Columbia","East Kootenay Regional District","Mount Assiniboine, Sunburst Lake","North America; Canada; British Columbia; East Kootenay Regional District; ; ; ; ; ; ; North America; Canada; British Columbia; East Kootenay Regional District; ; ; ; ; ; ; Mount Assiniboine, Sunburst Lake","AMNH","P. E. Crowe",""
859314111,"CC0_1_0","Urocitellus columbianus","PRESERVED_SPECIMEN",NA,NA,NA,1941,8,3,"CA","British Columbia","East Kootenay Regional District","Mount Assiniboine, Sunburst Lake","North America; Canada; British Columbia; East Kootenay Regional District; ; ; ; ; ; ; North America; Canada; British Columbia; East Kootenay Regional District; ; ; ; ; ; ; Mount Assiniboine, Sunburst Lake","AMNH","P. E. Crowe",""
859313882,"CC0_1_0","Urocitellus columbianus","PRESERVED_SPECIMEN",NA,NA,NA,1941,8,3,"CA","British Columbia","East Kootenay Regional District","Mount Assiniboine, Sunburst Lake","North America; Canada; British Columbia; East Kootenay Regional District; ; ; ; ; ; ; North America; Canada; British Columbia; East Kootenay Regional District; ; ; ; ; ; ; Mount Assiniboine, Sunburst Lake","AMNH","G. C. Anthony",""
859313788,"CC0_1_0","Urocitellus columbianus","PRESERVED_SPECIMEN",NA,NA,NA,1903,9,18,"CA","British Columbia","East Kootenay Regional District","Spillimacheen River","North America; Canada; British Columbia; East Kootenay Regional District; ; ; ; ; ; ; North America; Canada; British Columbia; East Kootenay Regional District; ; ; ; ; ; ; Spillimacheen River","AMNH","Grant; Moore",""
859312934,"CC0_1_0","Urocitellus columbianus","PRESERVED_SPECIMEN",NA,NA,NA,1898,5,15,"CA","Alberta","Division No. 14","Foothills Municipal District, 75 miles southwest of Calgary","North America; Canada; Alberta; Division No. 14; ; ; ; ; ; ; North America; Canada; Alberta; Division No. 14; ; ; ; ; ; ; Foothills Municipal District, 75 miles southwest of Calgary","AMNH","G. F. Dippie",""
812666802,"CC0_1_0","Urocitellus columbianus","PRESERVED_SPECIMEN",NA,NA,NA,1950,6,21,"US","Montana","Lake","Yellow Bay, Yellow Bay Trail","USA | Montana | Lake","PSM","D. McGlauchlin","http://portal.vertnet.org/o/psm/bird?id=Mammal-30138"
812666715,"CC0_1_0","Urocitellus columbianus","PRESERVED_SPECIMEN",NA,NA,NA,1959,7,5,"US","Montana","Glacier","Many Glaciers, Babb","USA | Montana | Glacier","PSM","","http://portal.vertnet.org/o/psm/bird?id=Mammal-30140"
812666613,"CC0_1_0","Urocitellus columbianus","PRESERVED_SPECIMEN",-118.0065,46.30366,NA,2010,5,20,"US","Washington","Columbia","Dayton, 2.13 road mi SW, US-12; 46.30366°N, 118.00650°W; farmland","USA | Washington | Columbia","PSM","G. W. Shugart","http://portal.vertnet.org/o/psm/bird?id=Mammal-30601"
812666605,"CC0_1_0","Urocitellus columbianus","PRESERVED_SPECIMEN",NA,NA,NA,2011,6,10,"US","Washington","Columbia","Edmiston Spring, along Kendall Skyline Drive","USA | Washington | Columbia","PSM","G. W. Shugart","http://portal.vertnet.org/o/psm/bird?id=Mammal-30584"
812665403,"CC0_1_0","Urocitellus columbianus","PRESERVED_SPECIMEN",-114.1819478,49.1972913,74056,1967,7,6,"CA","British Columbia","","Columbia Falls, Montana, 57 mi N","CANADA | British Columbia","PSM","M. H. Maxell","http://portal.vertnet.org/o/psm/bird?id=Mammal-28883"
812665402,"CC0_1_0","Urocitellus columbianus","PRESERVED_SPECIMEN",-114.1819478,49.1972913,74056,1967,7,6,"CA","British Columbia","","Columbia Falls, Montana, 57 mi N","CANADA | British Columbia","PSM","M. H. Maxell","http://portal.vertnet.org/o/psm/bird?id=Mammal-28882"
812665401,"CC0_1_0","Urocitellus columbianus","PRESERVED_SPECIMEN",NA,NA,NA,1967,7,6,"US","Montana","Flathead","Glacier National Park","USA | Montana | Flathead","PSM","M. H. Maxell","http://portal.vertnet.org/o/psm/bird?id=Mammal-28881"
812665400,"CC0_1_0","Urocitellus columbianus","PRESERVED_SPECIMEN",-114.1819478,49.1972913,74056,1967,7,6,"CA","British Columbia","","Columbia Falls, Montana, 57 mi N","CANADA | British Columbia","PSM","M. H. Maxell","http://portal.vertnet.org/o/psm/bird?id=Mammal-28880"
812662800,"CC0_1_0","Urocitellus columbianus","PRESERVED_SPECIMEN",-118.2387959,45.6779653,6792,1967,10,15,"US","Oregon","Wallowa","Tollgate, 10 mi SW, Bassett Mountain","USA | Oregon | Wallowa","PSM","M. L. Johnson","http://portal.vertnet.org/o/psm/bird?id=Mammal-26384"
812662799,"CC0_1_0","Urocitellus columbianus","PRESERVED_SPECIMEN",-118.2387959,45.6779653,6792,1966,7,22,"US","Oregon","Wallowa","Tollgate, 10 mi SW, Bassett Mountain","USA | Oregon | Wallowa","PSM","M. L. Johnson","http://portal.vertnet.org/o/psm/bird?id=Mammal-26383"
812662715,"CC0_1_0","Urocitellus columbianus","PRESERVED_SPECIMEN",-118.0780719,44.519175,6183,1977,7,11,"US","Oregon","Baker","Unity, 8 mi NE","USA | Oregon | Baker","PSM","C. Maser","http://portal.vertnet.org/o/psm/bird?id=Mammal-25993"
812662206,"CC0_1_0","Urocitellus columbianus","PRESERVED_SPECIMEN",-117.96958,45.172971,5030,1979,3,26,"US","Oregon","Union","Ladd Canyon, 1.5 mi SE","USA | Oregon | Union","PSM","R. Etter and B. Grove","http://portal.vertnet.org/o/psm/bird?id=Mammal-26078"
812662205,"CC0_1_0","Urocitellus columbianus","PRESERVED_SPECIMEN",-117.96958,45.172971,5030,1979,3,26,"US","Oregon","Union","Ladd Canyon, 1.5 mi SE","USA | Oregon | Union","PSM","R. Etter and B. Grove","http://portal.vertnet.org/o/psm/bird?id=Mammal-26077"
812660976,"CC0_1_0","Urocitellus columbianus","PRESERVED_SPECIMEN",-118.5528969,45.2637653,14495,1976,6,19,"US","Oregon","Union","Starkey Experimental Forest, Meadow Creek","USA | Oregon | Union","PSM","E. Bull","http://portal.vertnet.org/o/psm/bird?id=Mammal-24155"
812656799,"CC0_1_0","Urocitellus columbianus","PRESERVED_SPECIMEN",-118.1700159,48.4286468,2105,1974,6,19,"US","Washington","Stevens","Roosevelt Lake, E shore, nr Rice","USA | Washington | Stevens","PSM","University of Washington","http://portal.vertnet.org/o/psm/bird?id=Mammal-20325"
812651165,"CC0_1_0","Urocitellus columbianus","PRESERVED_SPECIMEN",-116.5529979,48.2764711,21734,1961,5,1,"US","Idaho","Bonner","Sandpoint, near","USA | Idaho | Bonner","PSM","L. Black","http://portal.vertnet.org/o/psm/bird?id=Mammal-14863"
812651164,"CC0_1_0","Urocitellus columbianus","PRESERVED_SPECIMEN",-116.5529979,48.2764711,21734,1961,5,1,"US","Idaho","Bonner","Sandpoint, near","USA | Idaho | Bonner","PSM","L. Black","http://portal.vertnet.org/o/psm/bird?id=Mammal-14862"
812651163,"CC0_1_0","Urocitellus columbianus","PRESERVED_SPECIMEN",-116.5529979,48.2764711,21734,1961,5,1,"US","Idaho","Bonner","Sandpoint, near","USA | Idaho | Bonner","PSM","L. Black","http://portal.vertnet.org/o/psm/bird?id=Mammal-14861"
812651162,"CC0_1_0","Urocitellus columbianus","PRESERVED_SPECIMEN",-116.5529979,48.2764711,21734,1961,5,1,"US","Idaho","Bonner","Sandpoint, near","USA | Idaho | Bonner","PSM","L. Black","http://portal.vertnet.org/o/psm/bird?id=Mammal-14860"
812651161,"CC0_1_0","Urocitellus columbianus","PRESERVED_SPECIMEN",-116.5529979,48.2764711,21734,1961,5,1,"US","Idaho","Bonner","Sandpoint, near","USA | Idaho | Bonner","PSM","L. Black","http://portal.vertnet.org/o/psm/bird?id=Mammal-14859"
812651160,"CC0_1_0","Urocitellus columbianus","PRESERVED_SPECIMEN",-116.5529979,48.2764711,21734,1961,5,1,"US","Idaho","Bonner","Sandpoint, near","USA | Idaho | Bonner","PSM","L. Black","http://portal.vertnet.org/o/psm/bird?id=Mammal-14858"
812651054,"CC0_1_0","Urocitellus columbianus","PRESERVED_SPECIMEN",-116.5529979,48.2764711,21734,1961,5,1,"US","Idaho","Bonner","Sandpoint, near","USA | Idaho | Bonner","PSM","L. Black","http://portal.vertnet.org/o/psm/bird?id=Mammal-14857"
812644931,"CC0_1_0","Urocitellus columbianus","PRESERVED_SPECIMEN",NA,NA,NA,1950,6,1,"US","Washington","Columbia","Tucannon Guard Station","USA | Washington | Columbia","PSM","F. H. Armstrong","http://portal.vertnet.org/o/psm/bird?id=Mammal-08026"
812644930,"CC0_1_0","Urocitellus columbianus","PRESERVED_SPECIMEN",-118.7315847,44.2705716,14,1948,5,14,"US","Oregon","Grant","Canyon Creek, head of","USA | Oregon | Grant","PSM","F. H. Armstrong","http://portal.vertnet.org/o/psm/bird?id=Mammal-08025"
812644590,"CC0_1_0","Urocitellus columbianus","PRESERVED_SPECIMEN",-119.0133753,48.725579,2265,1947,6,2,"US","Washington","Okanogan","Wauconda","USA | Washington | Okanogan","PSM","S. G. Jewett","http://portal.vertnet.org/o/psm/bird?id=Mammal-08035"
812644589,"CC0_1_0","Urocitellus columbianus","PRESERVED_SPECIMEN",NA,NA,NA,1953,4,25,"US","Washington","","","USA | Washington | Garfield or Asotin","PSM","S. G. Jewett","http://portal.vertnet.org/o/psm/bird?id=Mammal-08034"
812644588,"CC0_1_0","Urocitellus columbianus","PRESERVED_SPECIMEN",-117.5663566,46.1083787,21676,1953,6,3,"US","Washington","Asotin","Anatone, 15 mi W","USA | Washington | Asotin","PSM","S. G. Jewett","http://portal.vertnet.org/o/psm/bird?id=Mammal-08033"
812644587,"CC0_1_0","Urocitellus columbianus","PRESERVED_SPECIMEN",NA,NA,NA,1953,6,3,"US","Washington","Asotin","Anatone, 15 mi W","USA | Washington | Asotin","PSM","S. G. Jewett","http://portal.vertnet.org/o/psm/bird?id=Mammal-08032"
812644586,"CC0_1_0","Urocitellus columbianus","PRESERVED_SPECIMEN",-117.5988497,46.2925475,15298,1953,5,14,"US","Washington","Asotin","Abeles Ridge","USA | Washington | Asotin","PSM","S. G. Jewett","http://portal.vertnet.org/o/psm/bird?id=Mammal-08031"
812644585,"CC0_1_0","Urocitellus columbianus","PRESERVED_SPECIMEN",-117.5663566,46.1083787,21676,1953,6,3,"US","Washington","Asotin","Anatone, 15 mi W","USA | Washington | Asotin","PSM","F. H. Armstrong","http://portal.vertnet.org/o/psm/bird?id=Mammal-08030"
812644584,"CC0_1_0","Urocitellus columbianus","PRESERVED_SPECIMEN",NA,NA,NA,1953,6,2,"US","Washington","Garfield","Clearwater Guard Station","USA | Washington | Garfield","PSM","F. H. Armstrong","http://portal.vertnet.org/o/psm/bird?id=Mammal-08029"
812644583,"CC0_1_0","Urocitellus columbianus","PRESERVED_SPECIMEN",-117.73291,46.43263,37342,1954,4,22,"US","Washington","Columbia","Tucannon River","USA | Washington | Columbia","PSM","F. H. Armstrong","http://portal.vertnet.org/o/psm/bird?id=Mammal-08028"
812644582,"CC0_1_0","Urocitellus columbianus","PRESERVED_SPECIMEN",-117.73291,46.43263,37342,1954,4,22,"US","Washington","Columbia","Tucannon River","USA | Washington | Columbia","PSM","F. H. Armstrong","http://portal.vertnet.org/o/psm/bird?id=Mammal-08027"
812644550,"CC0_1_0","Urocitellus columbianus","PRESERVED_SPECIMEN",-116.0415184,44.5161919,4035,1947,6,9,"US","Idaho","Valley","Cascade","USA | Idaho | Valley","PSM","S. G. Jewett","http://portal.vertnet.org/o/psm/bird?id=Mammal-07965"
812642926,"CC0_1_0","Urocitellus columbianus","PRESERVED_SPECIMEN",-116.5529979,48.2764711,20125,1956,3,28,"US","Idaho","Bonner","Sandpoint area","USA | Idaho | Bonner","PSM","L. Black","http://portal.vertnet.org/o/psm/bird?id=Mammal-06331"
812642808,"CC0_1_0","Urocitellus columbianus","PRESERVED_SPECIMEN",-116.5529979,48.2764711,20125,1956,8,29,"US","Idaho","Bonner","Sandpoint area","USA | Idaho | Bonner","PSM","L. Black","http://portal.vertnet.org/o/psm/bird?id=Mammal-06259"
812642532,"CC0_1_0","Urocitellus columbianus","PRESERVED_SPECIMEN",-116.2363051,49.0997739,18413,1956,6,24,"CA","British Columbia","","Creston, 12 mi E","CANADA | British Columbia","PSM","J. A. Munro","http://portal.vertnet.org/o/psm/bird?id=Mammal-05726"
812642531,"CC0_1_0","Urocitellus columbianus","PRESERVED_SPECIMEN",-116.4508119,49.1330721,2539,1956,6,23,"CA","British Columbia","","Creston, near, Arrow Creek","CANADA | British Columbia","PSM","J. A. Munro","http://portal.vertnet.org/o/psm/bird?id=Mammal-05725"
812642457,"CC0_1_0","Urocitellus columbianus","PRESERVED_SPECIMEN",-116.5008159,49.2589718,17202,1956,7,8,"CA","British Columbia","","Creston, 11 mi N","CANADA | British Columbia","PSM","J. A. Munro","http://portal.vertnet.org/o/psm/bird?id=Mammal-05727"
812641485,"CC0_1_0","Urocitellus columbianus","PRESERVED_SPECIMEN",-116.5512974,48.2515711,1622,1954,6,28,"US","Idaho","Bonner","Pend Oreille Lake, S Sandpoint","USA | Idaho | Bonner","PSM","M. L. Johnson","http://portal.vertnet.org/o/psm/bird?id=Mammal-04547"
812641484,"CC0_1_0","Urocitellus columbianus","PRESERVED_SPECIMEN",-117.0233072,48.0791672,4035,1954,6,25,"US","Idaho","Bonner","W Hoodoo Mts lowlands","USA | Idaho | Bonner","PSM","M. L. Johnson","http://portal.vertnet.org/o/psm/bird?id=Mammal-04546"
812640760,"CC0_1_0","Urocitellus columbianus","PRESERVED_SPECIMEN",-121.817729,51.9164308,2985,NA,NA,NA,"CA","British Columbia","","Murphy Lake, near Canim Lake","CANADA | British Columbia","PSM","C. and I. Creso","http://portal.vertnet.org/o/psm/bird?id=Mammal-04391"
812640753,"CC0_1_0","Urocitellus columbianus","PRESERVED_SPECIMEN",-121.817729,51.9164308,2985,NA,NA,NA,"CA","British Columbia","","Murphy Lake, near Canim Lake","CANADA | British Columbia","PSM","C. and I. Creso","http://portal.vertnet.org/o/psm/bird?id=Mammal-04390"
812640463,"CC0_1_0","Urocitellus columbianus","PRESERVED_SPECIMEN",-117.06381,48.76016,6771,1952,8,7,"US","Washington","Pend Oreille","Granite Creek","USA | Washington | Pend Oreille","PSM","M. L. Johnson & P. W. Cheney","http://portal.vertnet.org/o/psm/bird?id=Mammal-03738"
812640462,"CC0_1_0","Urocitellus columbianus","PRESERVED_SPECIMEN",-116.9455159,48.6336676,1944,1952,8,3,"US","Idaho","Bonner","Nordman","USA | Idaho | Bonner","PSM","M. L. Johnson & P. W. Cheney","http://portal.vertnet.org/o/psm/bird?id=Mammal-03737"
812638851,"CC0_1_0","Urocitellus columbianus","PRESERVED_SPECIMEN",-118.3055729,48.5869755,174,1951,6,27,"US","Washington","Ferry","Sherman Lake","USA | Washington | Ferry","PSM","P. W. Cheney","http://portal.vertnet.org/o/psm/bird?id=Mammal-02787"
812638566,"CC0_1_0","Urocitellus columbianus","PRESERVED_SPECIMEN",-118.2016725,48.2180097,9908,1948,7,15,"US","Washington","Stevens","Hunters, 7 mi N","USA | Washington | Stevens","PSM","P. W. Cheney","http://portal.vertnet.org/o/psm/bird?id=Mammal-01517"
812638550,"CC0_1_0","Urocitellus columbianus","PRESERVED_SPECIMEN",-119.1261077,46.1485129,8257,1948,7,15,"US","Washington","Stevens","Fruitland, 4 mi S","USA | Washington | Stevens","PSM","P. W. Cheney","http://portal.vertnet.org/o/psm/bird?id=Mammal-01516"
812637734,"CC0_1_0","Urocitellus columbianus","PRESERVED_SPECIMEN",-117.1924568,45.0080787,13,1937,8,2,"US","Oregon","Baker","Cornucopia","USA | Oregon | Baker","PSM","S. G. Jewett","http://portal.vertnet.org/o/psm/bird?id=Mammal-01973"
812637733,"CC0_1_0","Urocitellus columbianus","PRESERVED_SPECIMEN",-117.1924568,45.0080787,13,1937,8,2,"US","Oregon","Baker","Cornucopia","USA | Oregon | Baker","PSM","S. G. Jewett","http://portal.vertnet.org/o/psm/bird?id=Mammal-01972"
812637732,"CC0_1_0","Urocitellus columbianus","PRESERVED_SPECIMEN",-117.1924568,45.0080787,13,1937,8,2,"US","Oregon","Baker","Cornucopia","USA | Oregon | Baker","PSM","S. G. Jewett.","http://portal.vertnet.org/o/psm/bird?id=Mammal-01971"
812637731,"CC0_1_0","Urocitellus columbianus","PRESERVED_SPECIMEN",-117.1924568,45.0080787,13,1937,8,2,"US","Oregon","Baker","Cornucopia","USA | Oregon | Baker","PSM","S. G. Jewett","http://portal.vertnet.org/o/psm/bird?id=Mammal-01970"
812636927,"CC0_1_0","Urocitellus columbianus","PRESERVED_SPECIMEN",NA,NA,NA,NA,NA,NA,"","","","","","PSM","O. I. Anderson and P. W. Cheney","http://portal.vertnet.org/o/psm/bird?id=Mammal-00823"
735691163,"CC0_1_0","Urocitellus columbianus","PRESERVED_SPECIMEN",-117.904444,48.546667,NA,1923,4,13,"US","Washington","Stevens","Colville","North America; United States; Washington; Stevens; ; ; ;","SBMNH","",""
735673628,"CC0_1_0","Urocitellus columbianus","PRESERVED_SPECIMEN",-117.9075,45.571389,NA,1931,8,2,"US","Oregon","Union","Elgin; NE of","North America; United States; Oregon; Union; ; ; ;","SBMNH","",""
665916355,"CC0_1_0","Urocitellus columbianus","PRESERVED_SPECIMEN",-116.4645,50.516701,NA,1964,NA,NA,"CA","British Columbia","","Invermere, 19 mi W","","FMNH","D. A. Sutton",""
665885053,"CC0_1_0","Urocitellus columbianus","PRESERVED_SPECIMEN",-115.679871,46.007603,NA,1939,NA,NA,"US","Idaho","Idaho Co","Clearwater River, S Fork, 13.5 mi N Golden","","FMNH","D. Brazil",""
665818876,"CC0_1_0","Urocitellus columbianus","PRESERVED_SPECIMEN",-118.175461,45.780457,NA,1943,NA,NA,"US","Oregon","Umatilla Co","4 mi W Tollgate","","FMNH","E. S. Booth",""
665818875,"CC0_1_0","Urocitellus columbianus","PRESERVED_SPECIMEN",-118.225365,45.982658,NA,1942,NA,NA,"US","Oregon","Umatilla Co","Cottonwood Canyon, 8 mi SE Walla Walla","","FMNH","G. McLin",""
665818874,"CC0_1_0","Urocitellus columbianus","PRESERVED_SPECIMEN",-118.225365,45.982658,NA,1942,NA,NA,"US","Oregon","Umatilla Co","Cottonwood Canyon, 8 mi SE Walla Walla","","FMNH","G. McLin",""
665818873,"CC0_1_0","Urocitellus columbianus","PRESERVED_SPECIMEN",-118.225365,45.982658,NA,1942,NA,NA,"US","Oregon","Umatilla Co","Cottonwood Canyon, 8 mi SE Walla Walla","","FMNH","E. S. Booth",""
665804091,"CC0_1_0","Urocitellus columbianus","PRESERVED_SPECIMEN",-119.349998,50.233299,NA,1930,NA,NA,"CA","British Columbia","","Okanagan Landing","","FMNH","G. R. Kiernan",""
665794301,"CC0_1_0","Urocitellus columbianus","PRESERVED_SPECIMEN",-115.564438,51.17833,NA,1925,NA,NA,"CA","Alberta","","Banff","","FMNH","A. Hine",""
665794294,"CC0_1_0","Urocitellus columbianus","PRESERVED_SPECIMEN",-115.564438,51.17833,NA,1925,NA,NA,"CA","Alberta","","Banff","","FMNH","A. Hine",""
665794293,"CC0_1_0","Urocitellus columbianus","PRESERVED_SPECIMEN",-115.564438,51.17833,NA,1925,NA,NA,"CA","Alberta","","Banff","","FMNH","A. Hine",""
665794292,"CC0_1_0","Urocitellus columbianus","PRESERVED_SPECIMEN",-115.564438,51.17833,NA,1925,NA,NA,"CA","Alberta","","Banff","","FMNH","A. Hine",""
665794291,"CC0_1_0","Urocitellus columbianus","PRESERVED_SPECIMEN",-115.564438,51.17833,NA,1925,NA,NA,"CA","Alberta","","Banff","","FMNH","A. Hine",""
665787247,"CC0_1_0","Urocitellus columbianus","PRESERVED_SPECIMEN",-118.31498,46.299564,NA,1909,NA,NA,"US","Washington","Walla Walla Co","Prescott","","FMNH","L. R. Dice",""
665787246,"CC0_1_0","Urocitellus columbianus","PRESERVED_SPECIMEN",-118.31498,46.299564,NA,1909,NA,NA,"US","Washington","Walla Walla Co","Prescott","","FMNH","L. R. Dice",""
665787245,"CC0_1_0","Urocitellus columbianus","PRESERVED_SPECIMEN",-117.179604,46.731285,NA,1909,NA,NA,"US","Washington","Whitman Co","Pullman","","FMNH","L. R. Dice",""
665787244,"CC0_1_0","Urocitellus columbianus","PRESERVED_SPECIMEN",-116.769592,46.736794,NA,1909,NA,NA,"US","Idaho","Latah Co","Troy","","FMNH","L. R. Dice",""
665777935,"CC0_1_0","Urocitellus columbianus","PRESERVED_SPECIMEN",-113.958244,48.302761,NA,1890,NA,NA,"US","Montana","Flathead Co","Kalispell","","FMNH","H. M. Spaulding",""
665777934,"CC0_1_0","Urocitellus columbianus","PRESERVED_SPECIMEN",-113.958244,48.302761,NA,1890,NA,NA,"US","Montana","Flathead Co","Kalispell","","FMNH","H. M. Spaulding",""
665776636,"CC0_1_0","Urocitellus columbianus","PRESERVED_SPECIMEN",-115.566666,51.166668,NA,1899,NA,NA,"CA","Alberta","","Banff National Park","","FMNH","G. F. Dippie",""
665776635,"CC0_1_0","Urocitellus columbianus","PRESERVED_SPECIMEN",-115.564438,51.17833,NA,1899,NA,NA,"CA","Alberta","","Banff","","FMNH","MacKay",""
665776634,"CC0_1_0","Urocitellus columbianus","PRESERVED_SPECIMEN",-115.566666,51.166668,NA,1899,NA,NA,"CA","Alberta","","Banff National Park","","FMNH","G. F. Dippie",""
665776633,"CC0_1_0","Urocitellus columbianus","PRESERVED_SPECIMEN",-115.564438,51.17833,NA,1899,NA,NA,"CA","Alberta","","Banff","","FMNH","MacKay",""
665775453,"CC0_1_0","Urocitellus columbianus","PRESERVED_SPECIMEN",-113.958244,48.302761,NA,1900,NA,NA,"US","Montana","Flathead Co","Columbia Falls","","FMNH","C. K. Worthen",""
665775452,"CC0_1_0","Urocitellus columbianus","PRESERVED_SPECIMEN",-119.283302,50.9333,NA,1897,NA,NA,"CA","British Columbia","","Head of Shuswap Lake","","FMNH","A. C. Brooks",""
665775434,"CC0_1_0","Urocitellus columbianus","PRESERVED_SPECIMEN",NA,NA,NA,1896,NA,NA,"US","Washington","","eastern part of state","","FMNH","A. B. Kibbie",""
665774498,"CC0_1_0","Urocitellus columbianus","PRESERVED_SPECIMEN",-115.597221,51.684719,NA,1898,NA,NA,"CA","Alberta","","Calgary, 75 mi NW","","FMNH","G. F. Dippie",""
665773867,"CC0_1_0","Urocitellus columbianus","PRESERVED_SPECIMEN",-115.566666,51.166668,NA,1898,NA,NA,"CA","Alberta","","Banff National Park","","FMNH","G. F. Dippie",""
665773866,"CC0_1_0","Urocitellus columbianus","PRESERVED_SPECIMEN",-115.5625,51.236111,NA,1898,NA,NA,"CA","Alberta","","Banff National Park, Cascade Mt","","FMNH","G. F. Dippie",""
665773865,"CC0_1_0","Urocitellus columbianus","PRESERVED_SPECIMEN",-115.5625,51.236111,NA,1898,NA,NA,"CA","Alberta","","Banff National Park, Cascade Mt","","FMNH","G. F. Dippie",""
665773864,"CC0_1_0","Urocitellus columbianus","PRESERVED_SPECIMEN",-115.5625,51.236111,NA,1898,NA,NA,"CA","Alberta","","Banff National Park, Cascade Mt","","FMNH","G. F. Dippie",""
665773028,"CC0_1_0","Urocitellus columbianus","PRESERVED_SPECIMEN",-117.000198,46.732388,NA,1891,NA,NA,"US","Idaho","Latah Co","Moscow","","FMNH","C. M. Narren",""
665746127,"CC0_1_0","Urocitellus columbianus","PRESERVED_SPECIMEN",-115.586266,45.863506,NA,1939,NA,NA,"US","Idaho","Idaho Co","Mud Springs","","FMNH","D. Brazil",""
665746125,"CC0_1_0","Urocitellus columbianus","PRESERVED_SPECIMEN",-115.586266,45.863506,NA,1939,NA,NA,"US","Idaho","Idaho Co","Mud Springs","","FMNH","D. Brazil",""
665746123,"CC0_1_0","Urocitellus columbianus","PRESERVED_SPECIMEN",-115.586266,45.863506,NA,1939,NA,NA,"US","Idaho","Idaho Co","Mud Springs","","FMNH","D. Brazil",""
665746120,"CC0_1_0","Urocitellus columbianus","PRESERVED_SPECIMEN",-115.586266,45.863506,NA,1939,NA,NA,"US","Idaho","Idaho Co","Mud Springs","","FMNH","D. Brazil",""
665719081,"CC0_1_0","Urocitellus columbianus","PRESERVED_SPECIMEN",-113.705704,47.622299,NA,1985,NA,NA,"US","Montana","Missoula Co","6 mi N 1 mi E Condon; Dog Creek T22N, R16W, W .5 sec 3","","FMNH","R. M. Timm",""
621072546,"CC0_1_0","Urocitellus columbianus","PRESERVED_SPECIMEN",-120.54804,51.43282,NA,1965,7,6,"CA","British Columbia","","15 mi. W of Little Fort","","ISU","",""
583534348,"CC0_1_0","Urocitellus columbianus","PRESERVED_SPECIMEN",NA,NA,NA,1936,6,26,"US","Washington","Walla Walla Co.","Walla Walla.","","CAS","J. B. Hurley",""
583534346,"CC0_1_0","Urocitellus columbianus","PRESERVED_SPECIMEN",NA,NA,NA,1963,7,22,"US","Montana","Glacier Co.","10 mi. southeast of St. Mary.","","CAS","J. G. Hall",""
583534342,"CC0_1_0","Urocitellus columbianus","PRESERVED_SPECIMEN",NA,NA,NA,1940,4,12,"CA","British Columbia","","Lumby.","","CAS","C. Littlejohn",""
583500289,"CC0_1_0","Urocitellus columbianus","PRESERVED_SPECIMEN",-117.1793863,46.7311693,4680,1894,5,25,"US","Washington","Whitman Co.","Pullman","","CAS","J. O. Snyder",""
583500286,"CC0_1_0","Urocitellus columbianus","PRESERVED_SPECIMEN",-117.1793863,46.7311693,4680,1894,5,25,"US","Washington","Whitman Co.","Pullman","","CAS","J. O. Snyder",""
583500283,"CC0_1_0","Urocitellus columbianus","PRESERVED_SPECIMEN",-117.1793863,46.7311693,4680,1894,5,28,"US","Washington","Whitman Co.","Pullman","","CAS","J. O. Snyder",""
583500279,"CC0_1_0","Urocitellus columbianus","PRESERVED_SPECIMEN",-117.1793863,46.7311693,4680,1894,5,25,"US","Washington","Whitman Co.","Pullman","","CAS","J. O. Snyder",""
583500276,"CC0_1_0","Urocitellus columbianus","PRESERVED_SPECIMEN",-117.1793863,46.7311693,4680,1894,5,25,"US","Washington","Whitman Co.","Pullman","","CAS","J. O. Snyder",""
583500273,"CC0_1_0","Urocitellus columbianus","PRESERVED_SPECIMEN",-117.1793863,46.7311693,4680,1894,5,25,"US","Washington","Whitman Co.","Pullman","","CAS","J. O. Snyder",""
583500270,"CC0_1_0","Urocitellus columbianus","PRESERVED_SPECIMEN",-117.1793863,46.7311693,4680,1894,5,28,"US","Washington","Whitman Co.","Pullman","","CAS","J. O. Snyder",""
583500266,"CC0_1_0","Urocitellus columbianus","PRESERVED_SPECIMEN",-117.1793863,46.7311693,4680,1894,5,28,"US","Washington","Whitman Co.","Pullman","","CAS","J. O. Snyder",""
583500262,"CC0_1_0","Urocitellus columbianus","PRESERVED_SPECIMEN",-117.1793863,46.7311693,4680,1894,3,31,"US","Washington","Whitman Co.","Pullman","","CAS","J. O. Snyder",""
583500259,"CC0_1_0","Urocitellus columbianus","PRESERVED_SPECIMEN",-117.1793863,46.7311693,4680,1894,3,31,"US","Washington","Whitman Co.","Pullman","","CAS","J. O. Snyder",""
583500256,"CC0_1_0","Urocitellus columbianus","PRESERVED_SPECIMEN",-117.1793863,46.7311693,4680,1894,3,31,"US","Washington","Whitman Co.","Pullman","","CAS","J. O. Snyder",""
583500252,"CC0_1_0","Urocitellus columbianus","PRESERVED_SPECIMEN",-117.1793863,46.7311693,4680,1894,3,31,"US","Washington","Whitman Co.","Pullman","","CAS","J. O. Snyder",""
583500250,"CC0_1_0","Urocitellus columbianus","PRESERVED_SPECIMEN",-117.1793863,46.7311693,4680,1894,3,24,"US","Washington","Whitman Co.","Pullman","","CAS","J. O. Snyder",""
583500246,"CC0_1_0","Urocitellus columbianus","PRESERVED_SPECIMEN",-117.1793863,46.7311693,4680,1894,4,14,"US","Washington","Whitman Co.","Pullman","","CAS","J. O. Snyder",""
583500243,"CC0_1_0","Urocitellus columbianus","PRESERVED_SPECIMEN",-117.1793863,46.7311693,4680,1893,7,24,"US","Washington","Whitman Co.","Pullman","","CAS","J. O. Snyder",""
583500240,"CC0_1_0","Urocitellus columbianus","PRESERVED_SPECIMEN",-117.1793863,46.7311693,4680,1894,3,24,"US","Washington","Whitman Co.","Pullman","","CAS","J. O. Snyder",""
583500237,"CC0_1_0","Urocitellus columbianus","PRESERVED_SPECIMEN",-117.1793863,46.7311693,4680,1894,3,24,"US","Washington","Whitman Co.","Pullman","","CAS","J. O. Snyder",""
583500234,"CC0_1_0","Urocitellus columbianus","PRESERVED_SPECIMEN",-117.1793863,46.7311693,4680,1894,3,24,"US","Washington","Whitman Co.","Pullman","","CAS","J. O. Snyder",""
583500230,"CC0_1_0","Urocitellus columbianus","PRESERVED_SPECIMEN",-117.1793863,46.7311693,4680,1894,3,24,"US","Washington","Whitman Co.","Pullman","","CAS","J. O. Snyder",""
583500227,"CC0_1_0","Urocitellus columbianus","PRESERVED_SPECIMEN",-117.1793863,46.7311693,4680,1894,3,31,"US","Washington","Whitman Co.","Pullman","","CAS","J. O. Snyder",""
583500223,"CC0_1_0","Urocitellus columbianus","PRESERVED_SPECIMEN",-117.1989129,48.1216657,1944,1894,6,14,"US","Washington","Pend Oreille Co.","Diamond Lake","","CAS","J. O. Snyder",""
583500218,"CC0_1_0","Urocitellus columbianus","PRESERVED_SPECIMEN",-117.1989129,48.1216657,1944,1894,6,15,"US","Washington","Pend Oreille Co.","Diamond Lake","","CAS","J. O. Snyder",""
583500215,"CC0_1_0","Urocitellus columbianus","PRESERVED_SPECIMEN",-117.3575128,47.8894646,1783,1894,6,10,"US","Washington","Spokane Co.","Chattaroy","","CAS","J. O. Snyder",""
583500212,"CC0_1_0","Urocitellus columbianus","PRESERVED_SPECIMEN",-116.8280056,48.2769687,415,1894,7,11,"US","Idaho","Bonner Co.","Blue Lake","","CAS","J. O. Snyder",""
583500208,"CC0_1_0","Urocitellus columbianus","PRESERVED_SPECIMEN",-116.8280056,48.2769687,415,1894,7,16,"US","Idaho","Bonner Co.","Blue Lake","","CAS","J. O. Snyder",""
583500203,"CC0_1_0","Urocitellus columbianus","PRESERVED_SPECIMEN",-116.8280056,48.2769687,415,1894,7,16,"US","Idaho","Bonner Co.","Blue Lake","","CAS","J. O. Snyder",""
583500201,"CC0_1_0","Urocitellus columbianus","PRESERVED_SPECIMEN",-117.1989129,48.1216657,1944,1894,6,15,"US","Washington","Pend Oreille Co.","Diamond Lake","","CAS","J. O. Snyder",""
583500198,"CC0_1_0","Urocitellus columbianus","PRESERVED_SPECIMEN",-117.1989129,48.1216657,1944,1894,6,14,"US","Washington","Pend Oreille Co.","Diamond Lake","","CAS","J. O. Snyder",""
583500192,"CC0_1_0","Urocitellus columbianus","PRESERVED_SPECIMEN",-117.1989129,48.1216657,1944,1894,6,15,"US","Washington","Pend Oreille Co.","Diamond Lake","","CAS","J. O. Snyder",""
583470690,"CC0_1_0","Urocitellus columbianus","PRESERVED_SPECIMEN",-114.6278132,46.554791,2615,1948,7,22,"US","Idaho","Idaho Co.","Beaver Ridge, 6 miles SSW Lolo Pass","","CAS","R. T. Orr",""
583470686,"CC0_1_0","Urocitellus columbianus","PRESERVED_SPECIMEN",-114.6278132,46.554791,2615,1948,7,19,"US","Idaho","Idaho Co.","Beaver Ridge, 6 miles SSW Lolo Pass","","CAS","R. T. Orr",""
583470682,"CC0_1_0","Urocitellus columbianus","PRESERVED_SPECIMEN",-114.6278132,46.554791,2615,1948,7,19,"US","Idaho","Idaho Co.","Beaver Ridge, 6 miles SSW Lolo Pass","","CAS","R. T. Orr",""
583470678,"CC0_1_0","Urocitellus columbianus","PRESERVED_SPECIMEN",-114.6278132,46.554791,2615,1948,7,22,"US","Idaho","Idaho Co.","Beaver Ridge, 6 miles SSW Lolo Pass","","CAS","R. T. Orr",""
583470675,"CC0_1_0","Urocitellus columbianus","PRESERVED_SPECIMEN",-114.6278132,46.554791,2615,1948,7,8,"US","Idaho","Idaho Co.","Beaver Ridge, 6 miles SSW Lolo Pass","","CAS","R. T. Orr",""
583464410,"CC0_1_0","Urocitellus columbianus","PRESERVED_SPECIMEN",-111.9090329,46.295713,2308,1938,6,20,"US","Montana","Jefferson Co.","Near Whitehall","","CAS","P. A. Burris",""
583464407,"CC0_1_0","Urocitellus columbianus","PRESERVED_SPECIMEN",-111.9090329,46.295713,2308,1938,6,20,"US","Montana","Jefferson Co.","Near Whitehall","","CAS","P. A. Burris",""
583464403,"CC0_1_0","Urocitellus columbianus","PRESERVED_SPECIMEN",-111.9090329,46.295713,2308,1938,6,20,"US","Montana","Jefferson Co.","Near Whitehall","","CAS","P. A. Burris",""
583460028,"CC0_1_0","Urocitellus columbianus","PRESERVED_SPECIMEN",-116.5008127,49.0997716,3666,1928,5,13,"CA","British Columbia","","Creston, Kootenay Valley","","CAS","J. Mailliard",""
583460026,"CC0_1_0","Urocitellus columbianus","PRESERVED_SPECIMEN",-116.5008127,49.0997716,3666,1928,5,13,"CA","British Columbia","","Creston, Kootenay Valley","","CAS","J. Mailliard",""
583460024,"CC0_1_0","Urocitellus columbianus","PRESERVED_SPECIMEN",-116.5008127,49.0997716,3666,1928,5,13,"CA","British Columbia","","Creston, Kootenay Valley","","CAS","J. Mailliard",""
583460022,"CC0_1_0","Urocitellus columbianus","PRESERVED_SPECIMEN",-116.5008127,49.0997716,3666,1928,5,13,"CA","British Columbia","","Creston, Kootenay Valley","","CAS","J. Mailliard",""
583460018,"CC0_1_0","Urocitellus columbianus","PRESERVED_SPECIMEN",-116.5008127,49.0997716,3666,1928,5,11,"CA","British Columbia","","Creston, Kootenay Valley","","CAS","J. Mailliard",""
583460016,"CC0_1_0","Urocitellus columbianus","PRESERVED_SPECIMEN",-116.5008127,49.0997716,3666,1928,5,10,"CA","British Columbia","","Creston, Kootenay Valley","","CAS","J. Mailliard",""
583460014,"CC0_1_0","Urocitellus columbianus","PRESERVED_SPECIMEN",-116.5008127,49.0997716,3666,1928,5,3,"CA","British Columbia","","Creston, Kootenay Valley","","CAS","J. Mailliard",""
583460012,"CC0_1_0","Urocitellus columbianus","PRESERVED_SPECIMEN",-116.5008127,49.0997716,3666,1928,5,25,"CA","British Columbia","","Creston, Kootenay Valley","","CAS","R. Hendrick",""
583460010,"CC0_1_0","Urocitellus columbianus","PRESERVED_SPECIMEN",-116.5008127,49.0997716,3666,1928,5,24,"CA","British Columbia","","Creston, Kootenay Valley","","CAS","R. Hendrick",""
583460008,"CC0_1_0","Urocitellus columbianus","PRESERVED_SPECIMEN",-116.5008127,49.0997716,3666,1928,5,13,"CA","British Columbia","","Creston, Kootenay Valley","","CAS","R. Hendrick",""
583460005,"CC0_1_0","Urocitellus columbianus","PRESERVED_SPECIMEN",-116.5008127,49.0997716,3666,1928,5,13,"CA","British Columbia","","Creston, Kootenay Valley","","CAS","R. Hendrick",""
583460003,"CC0_1_0","Urocitellus columbianus","PRESERVED_SPECIMEN",-116.5008127,49.0997716,3666,1928,5,13,"CA","British Columbia","","Creston, Kootenay Valley","","CAS","R. Hendrick",""
583460000,"CC0_1_0","Urocitellus columbianus","PRESERVED_SPECIMEN",-116.5008127,49.0997716,3666,1928,5,12,"CA","British Columbia","","Creston, Kootenay Valley","","CAS","R. Hendrick",""
583459998,"CC0_1_0","Urocitellus columbianus","PRESERVED_SPECIMEN",-116.5008127,49.0997716,3666,1928,5,12,"CA","British Columbia","","Creston, Kootenay Valley","","CAS","R. Hendrick",""
583459996,"CC0_1_0","Urocitellus columbianus","PRESERVED_SPECIMEN",-116.5008127,49.0997716,3666,1928,5,12,"CA","British Columbia","","Creston, Kootenay Valley","","CAS","R. Hendrick",""
583459993,"CC0_1_0","Urocitellus columbianus","PRESERVED_SPECIMEN",-116.5008127,49.0997716,3666,1928,5,11,"CA","British Columbia","","Creston, Kootenay Valley","","CAS","R. Hendrick",""
583459991,"CC0_1_0","Urocitellus columbianus","PRESERVED_SPECIMEN",-116.5008127,49.0997716,3666,1928,5,11,"CA","British Columbia","","Creston, Kootenay Valley","","CAS","R. Hendrick",""
583459987,"CC0_1_0","Urocitellus columbianus","PRESERVED_SPECIMEN",-116.5008127,49.0997716,3666,1928,5,11,"CA","British Columbia","","Creston, Kootenay Valley","","CAS","R. Hendrick",""
583459985,"CC0_1_0","Urocitellus columbianus","PRESERVED_SPECIMEN",-116.5008127,49.0997716,3666,1928,5,11,"CA","British Columbia","","Creston, Kootenay Valley","","CAS","R. Hendrick",""
583459982,"CC0_1_0","Urocitellus columbianus","PRESERVED_SPECIMEN",-116.5008127,49.0997716,3666,1928,5,19,"CA","British Columbia","","Creston, Kootenay Valley","","CAS","R. Hendrick",""
583459980,"CC0_1_0","Urocitellus columbianus","PRESERVED_SPECIMEN",-116.5008127,49.0997716,3666,1928,5,19,"CA","British Columbia","","Creston, Kootenay Valley","","CAS","R. Hendrick",""
5006598768,"CC0_1_0","Urocitellus columbianus","PRESERVED_SPECIMEN",NA,NA,NA,1981,6,20,"US","Montana","Lake","4.6 mi S, 3.4 mi E Big Fork","","UCOCV","F. Bassett","https://csvcoll.org/portal/collections/individual/index.php?occid=329520"
5006597923,"CC0_1_0","Urocitellus columbianus","PRESERVED_SPECIMEN",NA,NA,NA,NA,NA,NA,"US","","No Data","No Data","","UCOCV","No Data","https://csvcoll.org/portal/collections/individual/index.php?occid=330713"
5006596720,"CC0_1_0","Urocitellus columbianus","PRESERVED_SPECIMEN",NA,NA,NA,1978,7,28,"US","Montana","Flathead","7 mi S of Martin City (DOR)","","UCOCV","R. Pyle","https://csvcoll.org/portal/collections/individual/index.php?occid=328649"
5006594107,"CC0_1_0","Urocitellus columbianus","PRESERVED_SPECIMEN",NA,NA,NA,1981,8,10,"US","Oregon","Grant","Canyon Creek Meadows","","UCOCV","J. Purswell","https://csvcoll.org/portal/collections/individual/index.php?occid=332596"
5006594106,"CC0_1_0","Urocitellus columbianus","PRESERVED_SPECIMEN",NA,NA,NA,1979,8,18,"US","Oregon","Grant","Strawberry Meadows","","UCOCV","T.D. Wright","https://csvcoll.org/portal/collections/individual/index.php?occid=332597"
5006593376,"CC0_1_0","Urocitellus columbianus","PRESERVED_SPECIMEN",NA,NA,NA,1976,4,4,"US","Washington","Walla Walla","0.5 mi S. of Whitman National Historic Site","","UCOCV","D. Heinzman","https://csvcoll.org/portal/collections/individual/index.php?occid=327849"
4947692650,"CC_BY_NC_4_0","Urocitellus columbianus","PRESERVED_SPECIMEN",-117.179616,46.731274,5639,1978,6,13,"US","Washington","Whitman County","Pullman","Pullman, elev. 2500 ft, Whitman Co., Washington","CRCM","Collector(s): unknown","http://arctos.database.museum/guid/CRCM:Mamm:6292"
4947692604,"CC_BY_NC_4_0","Urocitellus columbianus","PRESERVED_SPECIMEN",-118.343021,46.064581,4977,1983,5,3,"US","Washington","Walla Walla County","N Fort Walla Walla City Park, Walla Walla","N Fort Walla Walla City Park, Walla Walla, Walla Walla Co., Washington","CRCM","Collector(s): unknown","http://arctos.database.museum/guid/CRCM:Mamm:24969"
4947692555,"CC_BY_NC_4_0","Urocitellus columbianus","PRESERVED_SPECIMEN",-116.055359,44.941718,6903,1949,7,24,"US","Idaho","Valley County","W Shore of Little Payette Lake, 3 mi NE of McCall","W Shore of Little Payette Lake, 3 mi NE of McCall, Valley Co., Idaho","CRCM","Collector(s): unknown","http://arctos.database.museum/guid/CRCM:Mamm:8597"
4947692394,"CC_BY_NC_4_0","Urocitellus columbianus","PRESERVED_SPECIMEN",-116.868614,46.920119,90,1985,4,3,"US","Idaho","Latah County","Gold Creek Ranch, 1 mi E of Potlach on Hwy. 6","Gold Creek Ranch, 1 mi E of Potlach on Hwy. 6, Latah Co., Idaho","CRCM","Collector(s): unknown","http://arctos.database.museum/guid/CRCM:Mamm:8594"
4947692313,"CC_BY_NC_4_0","Urocitellus columbianus","PRESERVED_SPECIMEN",-118.343021,46.064581,4977,1983,4,28,"US","Washington","Walla Walla County","N Fort Walla Walla City Park, Walla Walla","N Fort Walla Walla City Park, Walla Walla, Walla Walla Co., Washington","CRCM","Collector(s): unknown","http://arctos.database.museum/guid/CRCM:Mamm:24932"
4947692226,"CC_BY_NC_4_0","Urocitellus columbianus","PRESERVED_SPECIMEN",-117.273998,48.532318,66268,1994,6,23,"US","Washington","Pend Oreille County","No specific locality recorded.","Rub Reg 3, T35N, R42E, sec. 3, Pend Oreille Co., Washington","CRCM","Collector(s): unknown","http://arctos.database.museum/guid/CRCM:Mamm:22973"
4947692104,"CC_BY_NC_4_0","Urocitellus columbianus","PRESERVED_SPECIMEN",-117.060103,46.738423,2069,1977,5,14,"US","Washington","Whitman County","1.7 mi E, 1.3 mi N of Sunshine","1.7 mi E, 1.3 mi N of Sunshine, elev. 2540 ft, Whitman Co., Washington","CRCM","Collector(s): unknown","http://arctos.database.museum/guid/CRCM:Mamm:8470"
4947692090,"CC_BY_NC_4_0","Urocitellus columbianus","PRESERVED_SPECIMEN",-115.700964,45.620458,1807,1950,9,2,"US","Idaho","Idaho County","Just North of Buffalo Hump Saddle","Just North of Buffalo Hump Saddle, Idaho Co., Idaho","CRCM","Collector(s): unknown","http://arctos.database.museum/guid/CRCM:Mamm:6317"
4947692055,"CC_BY_NC_4_0","Urocitellus columbianus","PRESERVED_SPECIMEN",-118.343021,46.064581,4977,1983,4,21,"US","Washington","Walla Walla County","N Fort Walla Walla City Park, Walla Walla","N Fort Walla Walla City Park, Walla Walla, Walla Walla Co., Washington","CRCM","Collector(s): unknown","http://arctos.database.museum/guid/CRCM:Mamm:24870"
4947692035,"CC_BY_NC_4_0","Urocitellus columbianus","PRESERVED_SPECIMEN",-117.130235,48.810201,1807,1924,6,19,"US","Washington","Pend Oreille County","Round Top Mountain","Round Top Mt., Pend Oreille Co., Washington","CRCM","Collector(s): unknown","http://arctos.database.museum/guid/CRCM:Mamm:5589"
4947691874,"CC_BY_NC_4_0","Urocitellus columbianus","PRESERVED_SPECIMEN",-117.454566,48.275992,16413,1992,6,21,"US","Washington","Pend Oreille County","12 mi E of Chewelah","12 mi E of Chewelah, T32N R42E Sec 11, Pend Oreille Co., Washington","CRCM","Collector(s): unknown","http://arctos.database.museum/guid/CRCM:Mamm:8380"
4947691823,"CC_BY_NC_4_0","Urocitellus columbianus","PRESERVED_SPECIMEN",-118.343021,46.064581,4977,1983,5,29,"US","Washington","Walla Walla County","N Fort Walla Walla City Park, Walla Walla","N Fort Walla Walla City Park, Walla Walla, Walla Walla Co., Washington","CRCM","Collector(s): unknown","http://arctos.database.museum/guid/CRCM:Mamm:24873"
4947691807,"CC_BY_NC_4_0","Urocitellus columbianus","PRESERVED_SPECIMEN",-118.343021,46.064581,4977,1983,5,24,"US","Washington","Walla Walla County","N Fort Walla Walla City Park, Walla Walla","N Fort Walla Walla City Park, Walla Walla, Walla Walla Co., Washington","CRCM","Collector(s): unknown","http://arctos.database.museum/guid/CRCM:Mamm:25052"
4947691690,"CC_BY_NC_4_0","Urocitellus columbianus","PRESERVED_SPECIMEN",-117.126813,46.731262,7536,1949,4,1,"US","Washington","Whitman County","2.5 mi E of Pullman","2 1/2 mi E of Pullman, Washington","CRCM","Collector(s): unknown","http://arctos.database.museum/guid/CRCM:Mamm:6314"
4947691632,"CC_BY_NC_4_0","Urocitellus columbianus","PRESERVED_SPECIMEN",-118.343021,46.064581,4977,1983,5,2,"US","Washington","Walla Walla County","N Fort Walla Walla City Park, Walla Walla","N Fort Walla Walla City Park, Walla Walla, Walla Walla Co., Washington","CRCM","Collector(s): unknown","http://arctos.database.museum/guid/CRCM:Mamm:24960"
4947691542,"CC_BY_NC_4_0","Urocitellus columbianus","PRESERVED_SPECIMEN",-117.179616,46.731274,5639,1978,6,16,"US","Washington","Whitman County","Pullman","Pullman, elev. 2500 ft, Whitman Co., Washington","CRCM","Collector(s): unknown","http://arctos.database.museum/guid/CRCM:Mamm:8439"
4947691513,"CC_BY_NC_4_0","Urocitellus columbianus","PRESERVED_SPECIMEN",-116.868614,46.920119,90,1985,3,22,"US","Idaho","Latah County","Gold Creek Ranch, 1 mi E of Potlach on Hwy. 6","Gold Creek Ranch, 1 mi E of Potlach on Hwy. 6, Latah Co., Idaho","CRCM","Collector(s): unknown","http://arctos.database.museum/guid/CRCM:Mamm:8566"
4947691509,"CC_BY_NC_4_0","Urocitellus columbianus","PRESERVED_SPECIMEN",-117.148986,48.921913,301,1981,7,12,"US","Washington","Pend Oreille County","Leola Creek Basin","Leola Creek Basin, 5800 ft, Pend Oreille Co, Washington","CRCM","Collector(s): unknown","http://arctos.database.museum/guid/CRCM:Mamm:8402"
4947691432,"CC_BY_NC_4_0","Urocitellus columbianus","PRESERVED_SPECIMEN",-113.35,48.3167,301,1958,6,20,"US","Montana","Glacier County","Marias Pass","Marias Pass, Glacier Co., Montana","CRCM","Collector(s): unknown","http://arctos.database.museum/guid/CRCM:Mamm:8405"
4947691405,"CC_BY_NC_4_0","Urocitellus columbianus","PRESERVED_SPECIMEN",-118.585814,46.020281,3754,1983,3,20,"US","Washington","Walla Walla County","4 km S of Lowden","4 km S of Lowden, Walla Walla Co., Washington","CRCM","Collector(s): unknown","http://arctos.database.museum/guid/CRCM:Mamm:24848"
4947691371,"CC_BY_NC_4_0","Urocitellus columbianus","PRESERVED_SPECIMEN",-119.451762,47.205665,98242,1992,7,3,"US","Washington","Grant County","Iron Spring","Iron Spring, T9N R42E Sec 1, Garfield Co., Washington","CRCM","Collector(s): unknown","http://arctos.database.museum/guid/CRCM:Mamm:8473"
4947691275,"CC_BY_NC_4_0","Urocitellus columbianus","PRESERVED_SPECIMEN",-118.343021,46.064581,4977,1983,5,3,"US","Washington","Walla Walla County","N Fort Walla Walla City Park, Walla Walla","N Fort Walla Walla City Park, Walla Walla, Walla Walla Co., Washington","CRCM","Collector(s): unknown","http://arctos.database.museum/guid/CRCM:Mamm:24963"
4947691193,"CC_BY_NC_4_0","Urocitellus columbianus","PRESERVED_SPECIMEN",-118.343021,46.064581,4977,1983,4,28,"US","Washington","Walla Walla County","N Fort Walla Walla City Park, Walla Walla","N Fort Walla Walla City Park, Walla Walla, Walla Walla Co., Washington","CRCM","Collector(s): unknown","http://arctos.database.museum/guid/CRCM:Mamm:24935"
4947691132,"CC_BY_NC_4_0","Urocitellus columbianus","PRESERVED_SPECIMEN",-117.179616,46.731274,5639,1938,5,30,"US","Washington","Whitman County","Pullman","Pullman, Washington","CRCM","Collector(s): unknown","http://arctos.database.museum/guid/CRCM:Mamm:8386"
4947691103,"CC_BY_NC_4_0","Urocitellus columbianus","PRESERVED_SPECIMEN",-116.868614,46.920119,90,1985,4,4,"US","Idaho","Latah County","Gold Creek Ranch, 1 mi E of Potlach on Hwy. 6","Gold Creek Ranch, 1 mi E of Potlach on Hwy. 6, Latah Co., Idaho","CRCM","Collector(s): unknown","http://arctos.database.museum/guid/CRCM:Mamm:8569"
4947691073,"CC_BY_NC_4_0","Urocitellus columbianus","PRESERVED_SPECIMEN",-118.343021,46.064581,4977,1983,4,28,"US","Washington","Walla Walla County","N Fort Walla Walla City Park, Walla Walla","N Fort Walla Walla City Park, Walla Walla, Walla Walla Co., Washington","CRCM","Collector(s): unknown","http://arctos.database.museum/guid/CRCM:Mamm:24937"
4947691062,"CC_BY_NC_4_0","Urocitellus columbianus","PRESERVED_SPECIMEN",-118.343021,46.064581,4977,1983,5,14,"US","Washington","Walla Walla County","N Fort Walla Walla City Park, Walla Walla","N Fort Walla Walla City Park, Walla Walla, Walla Walla Co., Washington","CRCM","Collector(s): unknown","http://arctos.database.museum/guid/CRCM:Mamm:25018"
4947690903,"CC_BY_NC_4_0","Urocitellus columbianus","PRESERVED_SPECIMEN",-118.343021,46.064581,4977,1983,4,21,"US","Washington","Walla Walla County","N Fort Walla Walla City Park, Walla Walla","N Fort Walla Walla City Park, Walla Walla, Walla Walla Co., Washington","CRCM","Collector(s): unknown","http://arctos.database.museum/guid/CRCM:Mamm:24879"
4947690879,"CC_BY_NC_4_0","Urocitellus columbianus","PRESERVED_SPECIMEN",-118.343021,46.064581,4977,1983,5,7,"US","Washington","Walla Walla County","N Fort Walla Walla City Park, Walla Walla","N Fort Walla Walla City Park, Walla Walla, Walla Walla Co., Washington","CRCM","Collector(s): unknown","http://arctos.database.museum/guid/CRCM:Mamm:24991"
4947690826,"CC_BY_NC_4_0","Urocitellus columbianus","PRESERVED_SPECIMEN",-117.205811,45.187396,834,1981,7,21,"US","Oregon","Wallowa County","0.4 mi NW Jewett Lake, Wallowa Mtns","0.4 mi NW Jewett Lake, Wallowa Mtns., 8450 ft., Wallowa Co., Oregon","CRCM","Collector(s): unknown","http://arctos.database.museum/guid/CRCM:Mamm:8526"
4947690798,"CC_BY_NC_4_0","Urocitellus columbianus","PRESERVED_SPECIMEN",-118.343021,46.064581,4977,1983,5,14,"US","Washington","Walla Walla County","N Fort Walla Walla City Park, Walla Walla","N Fort Walla Walla City Park, Walla Walla, Walla Walla Co., Washington","CRCM","Collector(s): unknown","http://arctos.database.museum/guid/CRCM:Mamm:25021"
4947690764,"CC_BY_NC_4_0","Urocitellus columbianus","PRESERVED_SPECIMEN",-118.343021,46.064581,4977,1983,4,25,"US","Washington","Walla Walla County","N Fort Walla Walla City Park, Walla Walla","N Fort Walla Walla City Park, Walla Walla, Walla Walla Co., Washington","CRCM","Collector(s): unknown","http://arctos.database.museum/guid/CRCM:Mamm:24904"
4947690661,"CC_BY_NC_4_0","Urocitellus columbianus","PRESERVED_SPECIMEN",-116.957922,46.73238,6507,1938,7,6,"US","Idaho","Latah County","2 mi E Moscow","2 mi E Moscow, Latah Co., Idaho","CRCM","Collector(s): unknown","http://arctos.database.museum/guid/CRCM:Mamm:8349"
4947690646,"CC_BY_NC_4_0","Urocitellus columbianus","PRESERVED_SPECIMEN",-118.343021,46.064581,4977,1983,5,22,"US","Washington","Walla Walla County","N Fort Walla Walla City Park, Walla Walla","N Fort Walla Walla City Park, Walla Walla, Walla Walla Co., Washington","CRCM","Collector(s): unknown","http://arctos.database.museum/guid/CRCM:Mamm:25049"
4947690572,"CC_BY_NC_4_0","Urocitellus columbianus","PRESERVED_SPECIMEN",-117.205811,45.187396,834,1981,7,20,"US","Oregon","Wallowa County","0.4 mi NW Jewett Lake, Wallowa Mtns","0.4 mi NW Jewett Lake, Wallowa Mtns., 8450 ft., Wallowa Co., Oregon","CRCM","Collector(s): unknown","http://arctos.database.museum/guid/CRCM:Mamm:6035"
4947690413,"CC_BY_NC_4_0","Urocitellus columbianus","PRESERVED_SPECIMEN",-117.270805,46.928988,3318,1980,10,19,"US","Washington","Whitman County","1 mi upstream from Albion, S. Fork Palouse River","1 mi upstream from Albion, S. Fork Palouse River, Whitman Co., Washington","CRCM","Collector(s): unknown","http://arctos.database.museum/guid/CRCM:Mamm:8442"
4947690349,"CC_BY_NC_4_0","Urocitellus columbianus","PRESERVED_SPECIMEN",-118.343021,46.064581,4977,1983,5,4,"US","Washington","Walla Walla County","N Fort Walla Walla City Park, Walla Walla","N Fort Walla Walla City Park, Walla Walla, Walla Walla Co., Washington","CRCM","Collector(s): unknown","http://arctos.database.museum/guid/CRCM:Mamm:21068"
4947690282,"CC_BY_NC_4_0","Urocitellus columbianus","PRESERVED_SPECIMEN",-117.052889,46.731205,12170,1973,4,17,"US","Washington","Whitman County","6 mi E Pullman","6 mi E Pullman, Whitman Co., Washington","CRCM","Collector(s): unknown","http://arctos.database.museum/guid/CRCM:Mamm:6289"
4947690280,"CC_BY_NC_4_0","Urocitellus columbianus","PRESERVED_SPECIMEN",-116.868614,46.920119,90,1985,3,21,"US","Idaho","Latah County","Gold Creek Ranch, 1 mi E of Potlach on Hwy. 6","Gold Creek Ranch, 1 mi E of Potlach on Hwy. 6, Latah Co., Idaho","CRCM","Collector(s): unknown","http://arctos.database.museum/guid/CRCM:Mamm:8557"
4947690209,"CC_BY_NC_4_0","Urocitellus columbianus","PRESERVED_SPECIMEN",-118.343021,46.064581,4977,1983,4,28,"US","Washington","Walla Walla County","N Fort Walla Walla City Park, Walla Walla","N Fort Walla Walla City Park, Walla Walla, Walla Walla Co., Washington","CRCM","Collector(s): unknown","http://arctos.database.museum/guid/CRCM:Mamm:24929"
4947690066,"CC_BY_NC_4_0","Urocitellus columbianus","PRESERVED_SPECIMEN",-118.343021,46.064581,4977,1983,5,12,"US","Washington","Walla Walla County","N Fort Walla Walla City Park, Walla Walla","N Fort Walla Walla City Park, Walla Walla, Walla Walla Co., Washington","CRCM","Collector(s): unknown","http://arctos.database.museum/guid/CRCM:Mamm:25012"
4947690042,"CC_BY_NC_4_0","Urocitellus columbianus","PRESERVED_SPECIMEN",-117.179616,46.731274,5639,1978,6,13,"US","Washington","Whitman County","Pullman","Pullman, elev. 2500 ft, Whitman Co., Washington","CRCM","Collector(s): unknown","http://arctos.database.museum/guid/CRCM:Mamm:8355"
4947689861,"CC_BY_NC_4_0","Urocitellus columbianus","PRESERVED_SPECIMEN",-118.585814,46.020281,3754,1983,3,22,"US","Washington","Walla Walla County","4 km S of Lowden","4 km S of Lowden, Walla Walla Co., Washington","CRCM","Collector(s): unknown","http://arctos.database.museum/guid/CRCM:Mamm:24839"
4947689833,"CC_BY_NC_4_0","Urocitellus columbianus","PRESERVED_SPECIMEN",-116.0333,47.0167,301,1973,7,14,"US","Idaho","Shoshone County","Head of Freezeout Creek","Head of Freezeout Creek, Shoshone Co., Idaho","CRCM","Collector(s): unknown","http://arctos.database.museum/guid/CRCM:Mamm:8479"
4947689617,"CC_BY_NC_4_0","Urocitellus columbianus","PRESERVED_SPECIMEN",-116.868614,46.920119,90,1985,3,21,"US","Idaho","Latah County","Gold Creek Ranch, 1 mi E of Potlach on Hwy. 6","Gold Creek Ranch, 1 mi E of Potlach on Hwy. 6, Latah Co., Idaho","CRCM","Collector(s): unknown","http://arctos.database.museum/guid/CRCM:Mamm:8560"
4947689380,"CC_BY_NC_4_0","Urocitellus columbianus","PRESERVED_SPECIMEN",-117.16684,46.862389,1807,1931,5,23,"US","Washington","Whitman County","S of Kamiak Butte","S of Kamiak Butte, Whitman Co., Washington","CRCM","Collector(s): unknown","http://arctos.database.museum/guid/CRCM:Mamm:6125"
4947689356,"CC_BY_NC_4_0","Urocitellus columbianus","PRESERVED_SPECIMEN",-116.868614,46.920119,90,1985,4,5,"US","Idaho","Latah County","Gold Creek Ranch, 1 mi E of Potlach on Hwy. 6","Gold Creek Ranch, 1 mi E of Potlach on Hwy. 6, Latah Co., Idaho","CRCM","Collector(s): unknown","http://arctos.database.museum/guid/CRCM:Mamm:5831"
4947689321,"CC_BY_NC_4_0","Urocitellus columbianus","PRESERVED_SPECIMEN",-117.436448,46.135537,90,1946,6,25,"US","Washington","Grant County","Wickiup Spring","Wickiup Spring, Garfield Co., Washington","CRCM","Collector(s): unknown","http://arctos.database.museum/guid/CRCM:Mamm:6438"
4947689314,"CC_BY_NC_4_0","Urocitellus columbianus","PRESERVED_SPECIMEN",-117.190176,46.731274,6063,1973,3,16,"US","Washington","Whitman County","0.5 mi W Pullman","0.5 mi W Pullman, Whitman Co., Washington","CRCM","Collector(s): unknown","http://arctos.database.museum/guid/CRCM:Mamm:5488"
4947689308,"CC_BY_NC_4_0","Urocitellus columbianus","PRESERVED_SPECIMEN",-117.179616,46.731274,5639,1978,6,12,"US","Washington","Whitman County","Pullman","Pullman, elev. 2500 ft, Whitman Co., Washington","CRCM","Collector(s): unknown","http://arctos.database.museum/guid/CRCM:Mamm:8352"
4947689284,"CC_BY_NC_4_0","Urocitellus columbianus","PRESERVED_SPECIMEN",-117.89185,48.959384,6659,1981,6,13,"US","Washington","Stevens County","3 mi N, 5 mi W Northport","3 mi N, 5 mi W Northport, Stevens Co., Washington","CRCM","Collector(s): unknown","http://arctos.database.museum/guid/CRCM:Mamm:8389"
4947689280,"CC_BY_NC_4_0","Urocitellus columbianus","PRESERVED_SPECIMEN",-117.270805,46.928988,3318,1980,7,NA,"US","Washington","Whitman County","1 mi upstream from Albion, S. Fork Palouse River","1 mi upstream from Albion, S. Fork Palouse River, Whitman Co., Washington","CRCM","Collector(s): unknown","http://arctos.database.museum/guid/CRCM:Mamm:8433"
4947689240,"CC_BY_NC_4_0","Urocitellus columbianus","PRESERVED_SPECIMEN",-118.343021,46.064581,4977,1983,5,3,"US","Washington","Walla Walla County","N Fort Walla Walla City Park, Walla Walla","N Fort Walla Walla City Park, Walla Walla, Walla Walla Co., Washington","CRCM","Collector(s): unknown","http://arctos.database.museum/guid/CRCM:Mamm:24972"
4947689152,"CC_BY_NC_4_0","Urocitellus columbianus","PRESERVED_SPECIMEN",-118.343021,46.064581,4977,1983,4,26,"US","Washington","Walla Walla County","N Fort Walla Walla City Park, Walla Walla","N Fort Walla Walla City Park, Walla Walla, Walla Walla Co., Washington","CRCM","Collector(s): unknown","http://arctos.database.museum/guid/CRCM:Mamm:24907"
4947689040,"CC_BY_NC_4_0","Urocitellus columbianus","PRESERVED_SPECIMEN",-118.585814,46.020281,3754,1983,3,22,"US","Washington","Walla Walla County","4 km S of Lowden","4 km S of Lowden, Walla Walla Co., Washington","CRCM","Collector(s): unknown","http://arctos.database.museum/guid/CRCM:Mamm:24842"
4947688985,"CC_BY_NC_4_0","Urocitellus columbianus","PRESERVED_SPECIMEN",-117.907842,46.297498,49219,1992,7,9,"US","Washington","Columbia County","4.5 mi SW of Camp Wooten","4.5 mi SW of Camp Wooten, T8N R40E Sec 2, Columbia Co., Washington","CRCM","Collector(s): unknown","http://arctos.database.museum/guid/CRCM:Mamm:8495"
4947688960,"CC_BY_NC_4_0","Urocitellus columbianus","PRESERVED_SPECIMEN",-115.700964,45.620458,1807,1954,8,20,"US","Idaho","Idaho County","Buffalo Hump","Buffalo Hump, Idaho Co., Idaho","CRCM","Collector(s): unknown","http://arctos.database.museum/guid/CRCM:Mamm:8504"
4947688936,"CC_BY_NC_4_0","Urocitellus columbianus","PRESERVED_SPECIMEN",-117.137374,46.731267,8501,1990,3,26,"US","Washington","Whitman County","2 mi E of Pullman","2 mi E of Pullman, Whitman Co., Washington","CRCM","Collector(s): unknown","http://arctos.database.museum/guid/CRCM:Mamm:8417"
4947688882,"CC_BY_NC_4_0","Urocitellus columbianus","PRESERVED_SPECIMEN",-119.451762,47.205665,98242,1992,7,3,"US","Washington","Grant County","Iron Spring","Iron Spring, T9N R42E Sec 1, Garfield Co., Washington","CRCM","Collector(s): unknown","http://arctos.database.museum/guid/CRCM:Mamm:8476"
4947688854,"CC_BY_NC_4_0","Urocitellus columbianus","PRESERVED_SPECIMEN",-118.440121,46.049291,5313,1982,6,8,"US","Washington","Walla Walla County","Walla Walla College Farm, 4 km W of College Place, Walla Walla","Walla Walla College Farm, 4 km W of College Place, Walla Walla, Walla Walla Co., Washington","CRCM","Collector(s): unknown","http://arctos.database.museum/guid/CRCM:Mamm:24845"
4947688828,"CC_BY_NC_4_0","Urocitellus columbianus","PRESERVED_SPECIMEN",-116.69492,46.685628,5111,1939,3,26,"US","Idaho","Latah County","5 mi SE Troy","5 mi SE Troy, Latah Co., Idaho","CRCM","Collector(s): unknown","http://arctos.database.museum/guid/CRCM:Mamm:5726"
4947688807,"CC_BY_NC_4_0","Urocitellus columbianus","PRESERVED_SPECIMEN",-117.021284,46.732213,5739,1938,6,15,"US","Idaho","Latah County","Paradise Creek, 1 mi W Moscow","Paradise Creek, 1 mi W Moscow, Latah Co., Idaho","CRCM","Collector(s): unknown","http://arctos.database.museum/guid/CRCM:Mamm:8523"
4947688748,"CC_BY_NC_4_0","Urocitellus columbianus","PRESERVED_SPECIMEN",-118.343021,46.064581,4977,1983,5,13,"US","Washington","Walla Walla County","N Fort Walla Walla City Park, Walla Walla","N Fort Walla Walla City Park, Walla Walla, Walla Walla Co., Washington","CRCM","Collector(s): unknown","http://arctos.database.museum/guid/CRCM:Mamm:25015"
4947688665,"CC_BY_NC_4_0","Urocitellus columbianus","PRESERVED_SPECIMEN",-117.478236,46.135529,3486,1992,7,3,"US","Washington","Grant County","2 mi W of Wickiup Spring","2 mi W of Wickiup Spring, T8N R43E Sec 31, Garfield Co., Washington","CRCM","Collector(s): unknown","http://arctos.database.museum/guid/CRCM:Mamm:8501"
4947688567,"CC_BY_NC_4_0","Urocitellus columbianus","PRESERVED_SPECIMEN",-118.343021,46.064581,4977,1983,5,3,"US","Washington","Walla Walla County","N Fort Walla Walla City Park, Walla Walla","N Fort Walla Walla City Park, Walla Walla, Walla Walla Co., Washington","CRCM","Collector(s): unknown","http://arctos.database.museum/guid/CRCM:Mamm:24966"
4947688434,"CC_BY_NC_4_0","Urocitellus columbianus","PRESERVED_SPECIMEN",-117.273998,48.532318,66268,1992,6,15,"US","Washington","Pend Oreille County","1 mi SE Salmo Mt","1 mi SE Salmo Mt, T40N R45E Sec 22, Pend Oreille Co, Washington","CRCM","Collector(s): unknown","http://arctos.database.museum/guid/CRCM:Mamm:8371"
4947688383,"CC_BY_NC_4_0","Urocitellus columbianus","PRESERVED_SPECIMEN",-118.343021,46.064581,4977,1983,4,28,"US","Washington","Walla Walla County","N Fort Walla Walla City Park, Walla Walla","N Fort Walla Walla City Park, Walla Walla, Walla Walla Co., Washington","CRCM","Collector(s): unknown","http://arctos.database.museum/guid/CRCM:Mamm:24926"
4947688325,"CC_BY_NC_4_0","Urocitellus columbianus","PRESERVED_SPECIMEN",-116.350509,47.67688,28775,1939,7,5,"US","Idaho","Kootenai County","20 mi E Coeur d'Alene","20 mi. E Coeur d'Alene, Kootenai Co., Idaho","CRCM","Collector(s): unknown","http://arctos.database.museum/guid/CRCM:Mamm:21129"
4947688320,"CC_BY_NC_4_0","Urocitellus columbianus","PRESERVED_SPECIMEN",-118.343021,46.064581,4977,1983,4,21,"US","Washington","Walla Walla County","N Fort Walla Walla City Park, Walla Walla","N Fort Walla Walla City Park, Walla Walla, Walla Walla Co., Washington","CRCM","Collector(s): unknown","http://arctos.database.museum/guid/CRCM:Mamm:24885"
4947688219,"CC_BY_NC_4_0","Urocitellus columbianus","PRESERVED_SPECIMEN",-117.179616,46.731274,5639,1978,6,10,"US","Washington","Whitman County","Pullman","Pullman, elev. 2500 ft, Whitman Co., Washington","CRCM","Collector(s): unknown","http://arctos.database.museum/guid/CRCM:Mamm:8436"
4947688082,"CC_BY_NC_4_0","Urocitellus columbianus","PRESERVED_SPECIMEN",-118.585814,46.020281,3754,1983,4,13,"US","Washington","Walla Walla County","4 km S of Lowden","4 km S of Lowden, Walla Walla Co., Washington","CRCM","Collector(s): unknown","http://arctos.database.museum/guid/CRCM:Mamm:24861"
4947687917,"CC_BY_NC_4_0","Urocitellus columbianus","PRESERVED_SPECIMEN",-118.343021,46.064581,4977,1983,4,29,"US","Washington","Walla Walla County","N Fort Walla Walla City Park, Walla Walla","N Fort Walla Walla City Park, Walla Walla, Walla Walla Co., Washington","CRCM","Collector(s): unknown","http://arctos.database.museum/guid/CRCM:Mamm:24944"
4947687880,"CC_BY_NC_4_0","Urocitellus columbianus","PRESERVED_SPECIMEN",-116.5,45.3167,301,1979,7,20,"US","Idaho","Idaho County","Cannon Creek, Seven Devils Mtns","Cannon Creek, Seven Devils Mtns., 7800 ft., Idaho Co., Idaho","CRCM","Collector(s): unknown","http://arctos.database.museum/guid/CRCM:Mamm:8517"
4947687833,"CC_BY_NC_4_0","Urocitellus columbianus","PRESERVED_SPECIMEN",-117.179616,46.731274,5639,1931,3,27,"US","Washington","Whitman County","Pullman","Pullman, Whitman Co., Washington","CRCM","Collector(s): unknown","http://arctos.database.museum/guid/CRCM:Mamm:8237"
4947687667,"CC_BY_NC_4_0","Urocitellus columbianus","PRESERVED_SPECIMEN",-118.343021,46.064581,4977,1983,5,12,"US","Washington","Walla Walla County","N Fort Walla Walla City Park, Walla Walla","N Fort Walla Walla City Park, Walla Walla, Walla Walla Co., Washington","CRCM","Collector(s): unknown","http://arctos.database.museum/guid/CRCM:Mamm:25009"
4947687651,"CC_BY_NC_4_0","Urocitellus columbianus","PRESERVED_SPECIMEN",-117.502458,48.43685,1807,1995,7,4,"US","Washington","Stevens County","Calispell Peak, Selkirk Mtns","Calispell Peak at 6700 ft, Selkirk Mtns, T34N R42E Sec 21, Stevens Co., Washington","CRCM","Collector(s): unknown","http://arctos.database.museum/guid/CRCM:Mamm:8392"
4947687522,"CC_BY_NC_4_0","Urocitellus columbianus","PRESERVED_SPECIMEN",-117.166862,46.55362,969,1992,3,10,"US","Washington","Whitman County","4.2 mi S of Colton in Steptoe Canyon, NE 1/4 Sec 16, T37N R45E","4.2 mi S of Colton in Steptoe Canyon, NE 1/4 Sec 16, T37N R45E, Whitman Co., Washington","CRCM","Collector(s): unknown","http://arctos.database.museum/guid/CRCM:Mamm:8485"
4947687391,"CC_BY_NC_4_0","Urocitellus columbianus","PRESERVED_SPECIMEN",-117.021287,46.732386,5739,1938,8,25,"US","Idaho","Latah County","1 mi W Moscow","1 mi W Moscow, Latah Co., Idaho","CRCM","Collector(s): unknown","http://arctos.database.museum/guid/CRCM:Mamm:5713"
4947687337,"CC_BY_NC_4_0","Urocitellus columbianus","PRESERVED_SPECIMEN",-118.343021,46.064581,4977,1983,4,25,"US","Washington","Walla Walla County","N Fort Walla Walla City Park, Walla Walla","N Fort Walla Walla City Park, Walla Walla, Walla Walla Co., Washington","CRCM","Collector(s): unknown","http://arctos.database.museum/guid/CRCM:Mamm:24892"
4947687264,"CC_BY_NC_4_0","Urocitellus columbianus","PRESERVED_SPECIMEN",-117.179616,46.731274,5639,1978,6,8,"US","Washington","Whitman County","Pullman","Pullman, elev. 2500 ft, Whitman Co., Washington","CRCM","Collector(s): unknown","http://arctos.database.museum/guid/CRCM:Mamm:8427"
4947687136,"CC_BY_NC_4_0","Urocitellus columbianus","PRESERVED_SPECIMEN",-118.585814,46.020281,3754,1983,3,22,"US","Washington","Walla Walla County","4 km S of Lowden","4 km S of Lowden, Walla Walla Co., Washington","CRCM","Collector(s): unknown","http://arctos.database.museum/guid/CRCM:Mamm:24854"
4947687066,"CC_BY_NC_4_0","Urocitellus columbianus","PRESERVED_SPECIMEN",-118.585814,46.020281,3754,1983,4,14,"US","Washington","Walla Walla County","4 km S of Lowden","4 km S of Lowden, Walla Walla Co., Washington","CRCM","Collector(s): unknown","http://arctos.database.museum/guid/CRCM:Mamm:24864"
4947687058,"CC_BY_NC_4_0","Urocitellus columbianus","PRESERVED_SPECIMEN",-118.343021,46.064581,4977,1983,5,1,"US","Washington","Walla Walla County","N Fort Walla Walla City Park, Walla Walla","N Fort Walla Walla City Park, Walla Walla, Walla Walla Co., Washington","CRCM","Collector(s): unknown","http://arctos.database.museum/guid/CRCM:Mamm:24954"
4947687007,"CC_BY_NC_4_0","Urocitellus columbianus","PRESERVED_SPECIMEN",-118.343021,46.064581,4977,1983,5,4,"US","Washington","Walla Walla County","N Fort Walla Walla City Park, Walla Walla","N Fort Walla Walla City Park, Walla Walla, Walla Walla Co., Washington","CRCM","Collector(s): unknown","http://arctos.database.museum/guid/CRCM:Mamm:24982"
4947686999,"CC_BY_NC_4_0","Urocitellus columbianus","PRESERVED_SPECIMEN",-118.343021,46.064581,4977,1983,4,25,"US","Washington","Walla Walla County","N Fort Walla Walla City Park, Walla Walla","N Fort Walla Walla City Park, Walla Walla, Walla Walla Co., Washington","CRCM","Collector(s): unknown","http://arctos.database.museum/guid/CRCM:Mamm:24898"
4947686889,"CC_BY_NC_4_0","Urocitellus columbianus","PRESERVED_SPECIMEN",-116.245407,43.979811,3649,1954,7,13,"US","Idaho","Washington County","2 mi S of Brownlee Ranger Station","2 mi S of Brownlee Ranger Station, Washington Co., Idaho","CRCM","Collector(s): unknown","http://arctos.database.museum/guid/CRCM:Mamm:8492"
4947686690,"CC_BY_NC_4_0","Urocitellus columbianus","PRESERVED_SPECIMEN",-118.343021,46.064581,4977,1983,4,27,"US","Washington","Walla Walla County","N Fort Walla Walla City Park, Walla Walla","N Fort Walla Walla City Park, Walla Walla, Walla Walla Co., Washington","CRCM","Collector(s): unknown","http://arctos.database.museum/guid/CRCM:Mamm:24916"
4947686617,"CC_BY_NC_4_0","Urocitellus columbianus","PRESERVED_SPECIMEN",-118.343021,46.064581,4977,1983,4,27,"US","Washington","Walla Walla County","N Fort Walla Walla City Park, Walla Walla","N Fort Walla Walla City Park, Walla Walla, Walla Walla Co., Washington","CRCM","Collector(s): unknown","http://arctos.database.museum/guid/CRCM:Mamm:24923"
4947686611,"CC_BY_NC_4_0","Urocitellus columbianus","PRESERVED_SPECIMEN",-118.343021,46.064581,4977,1983,5,3,"US","Washington","Walla Walla County","N Fort Walla Walla City Park, Walla Walla","N Fort Walla Walla City Park, Walla Walla, Walla Walla Co., Washington","CRCM","Collector(s): unknown","http://arctos.database.museum/guid/CRCM:Mamm:24975"
4947686357,"CC_BY_NC_4_0","Urocitellus columbianus","PRESERVED_SPECIMEN",-117.209486,46.751744,7594,1931,3,23,"US","Washington","Whitman County","2 mi NW Pullman","2 mi NW Pullman, Whitman Co., Washington","CRCM","Collector(s): unknown","http://arctos.database.museum/guid/CRCM:Mamm:8354"
4947686330,"CC_BY_NC_4_0","Urocitellus columbianus","PRESERVED_SPECIMEN",-117.273998,48.532318,66268,1994,6,23,"US","Washington","Pend Oreille County","No specific locality recorded.","RUB Bar 18, T35N, R43E, S 1/2, SW 1/4 of sec. 7, T35N, R43E, N 1/2, NW 1/4, sec. 8, Pend Oreille Co., Washington","CRCM","Collector(s): unknown","http://arctos.database.museum/guid/CRCM:Mamm:22982"
4947686247,"CC_BY_NC_4_0","Urocitellus columbianus","PRESERVED_SPECIMEN",-118.530821,48.954612,1354,1995,7,5,"US","Washington","Ferry County","0.9 mi N, 1.0 mi E of summit of Copper Butte, Kettle River Range","0.9 mi N, 1.0 mi E of summit of Copper Butte at 5300 ft, T37N R34E S12, Kettle River Range, Ferry Co., Washington","CRCM","Collector(s): unknown","http://arctos.database.museum/guid/CRCM:Mamm:8374"
4947686227,"CC_BY_NC_4_0","Urocitellus columbianus","PRESERVED_SPECIMEN",-118.343021,46.064581,4977,1983,5,13,"US","Washington","Walla Walla County","N Fort Walla Walla City Park, Walla Walla","N Fort Walla Walla City Park, Walla Walla, Walla Walla Co., Washington","CRCM","Collector(s): unknown","http://arctos.database.museum/guid/CRCM:Mamm:24882"
4947686207,"CC_BY_NC_4_0","Urocitellus columbianus","PRESERVED_SPECIMEN",-117.23045,48.776888,1204,1992,6,15,"US","Washington","Pend Oreille County","Gypsy Meadows, Colville National Forest","Gypsy Meadow, T39N R45E Sec 10, Pend Oreille Co., Washington","CRCM","Collector(s): unknown","http://arctos.database.museum/guid/CRCM:Mamm:8358"
4947686069,"CC_BY_NC_4_0","Urocitellus columbianus","PRESERVED_SPECIMEN",-117.179616,46.731274,5639,1978,6,16,"US","Washington","Whitman County","Pullman","Pullman, elev. 2500 ft, Whitman Co., Washington","CRCM","Collector(s): unknown","http://arctos.database.museum/guid/CRCM:Mamm:8454"
4947685886,"CC_BY_NC_4_0","Urocitellus columbianus","PRESERVED_SPECIMEN",-117.179616,46.731274,5639,1978,7,5,"US","Washington","Whitman County","Pullman","Pullman, elev. 2500 ft, Whitman Co., Washington","CRCM","Collector(s): unknown","http://arctos.database.museum/guid/CRCM:Mamm:8458"
4947685881,"CC_BY_NC_4_0","Urocitellus columbianus","PRESERVED_SPECIMEN",-117.179616,46.731274,5639,1925,3,19,"US","Washington","Whitman County","Pullman","Pullman, Whitman Co., Washington","CRCM","Collector(s): unknown","http://arctos.database.museum/guid/CRCM:Mamm:9874"
4947685864,"CC_BY_NC_4_0","Urocitellus columbianus","PRESERVED_SPECIMEN",-115.796,46.386,NA,NA,NA,NA,"US","Idaho","Clearwater County","Jim Brown Creek, 6 mi S Pierce","Jim Brown Creek, 6 mi S Pierce, + 46.386, - 115.796, Clearwater Co., Idaho","CRCM","Collector(s): unknown","http://arctos.database.museum/guid/CRCM:Mamm:8610"
4947685775,"CC_BY_NC_4_0","Urocitellus columbianus","PRESERVED_SPECIMEN",-118.343021,46.064581,4977,1983,5,16,"US","Washington","Walla Walla County","N Fort Walla Walla City Park, Walla Walla","N Fort Walla Walla City Park, Walla Walla, Walla Walla Co., Washington","CRCM","Collector(s): unknown","http://arctos.database.museum/guid/CRCM:Mamm:25024"
4947685770,"CC_BY_NC_4_0","Urocitellus columbianus","PRESERVED_SPECIMEN",-118.343021,46.064581,4977,1983,4,27,"US","Washington","Walla Walla County","N Fort Walla Walla City Park, Walla Walla","N Fort Walla Walla City Park, Walla Walla, Walla Walla Co., Washington","CRCM","Collector(s): unknown","http://arctos.database.museum/guid/CRCM:Mamm:20164"
4947685715,"CC_BY_NC_4_0","Urocitellus columbianus","PRESERVED_SPECIMEN",-118.343021,46.064581,4977,1983,5,4,"US","Washington","Walla Walla County","N Fort Walla Walla City Park, Walla Walla","N Fort Walla Walla City Park, Walla Walla, Walla Walla Co., Washington","CRCM","Collector(s): unknown","http://arctos.database.museum/guid/CRCM:Mamm:24981"
4947685706,"CC_BY_NC_4_0","Urocitellus columbianus","PRESERVED_SPECIMEN",-117.345958,46.082045,301,1995,6,27,"US","Washington","Asotin County","Cougar Creek Drainage, Blue Mountains","Cougar Creek Drainage, elev 3150 ft, T7N R44E Sec 19, Blue Mtns., Asotin Co., Washington","CRCM","Collector(s): unknown","http://arctos.database.museum/guid/CRCM:Mamm:8516"
4947685511,"CC_BY_NC_4_0","Urocitellus columbianus","PRESERVED_SPECIMEN",-117.130235,48.810201,1807,1992,6,16,"US","Washington","Pend Oreille County","Round Top Mountain","Roundtop Mt, T38N R45E Sec 8, 6400 ft, Pend Oreille Co, Washington","CRCM","Collector(s): unknown","http://arctos.database.museum/guid/CRCM:Mamm:8426"
4947685496,"CC_BY_NC_4_0","Urocitellus columbianus","PRESERVED_SPECIMEN",-118.343021,46.064581,4977,1983,5,14,"US","Washington","Walla Walla County","N Fort Walla Walla City Park, Walla Walla","N Fort Walla Walla City Park, Walla Walla, Walla Walla Co., Washington","CRCM","Collector(s): unknown","http://arctos.database.museum/guid/CRCM:Mamm:20642"
4947685390,"CC_BY_NC_4_0","Urocitellus columbianus","PRESERVED_SPECIMEN",-117.523058,46.901202,70074,1973,5,24,"US","Washington","Whitman County","No specific locality recorded.","Whitman Co., Washington","CRCM","Collector(s): unknown","http://arctos.database.museum/guid/CRCM:Mamm:8486"
4947685366,"CC_BY_NC_4_0","Urocitellus columbianus","PRESERVED_SPECIMEN",-118.343021,46.064581,4977,1983,5,10,"US","Washington","Walla Walla County","N Fort Walla Walla City Park, Walla Walla","N Fort Walla Walla City Park, Walla Walla, Walla Walla Co., Washington","CRCM","Collector(s): unknown","http://arctos.database.museum/guid/CRCM:Mamm:25008"
4947685268,"CC_BY_NC_4_0","Urocitellus columbianus","PRESERVED_SPECIMEN",-116.868614,46.920119,90,1985,3,21,"US","Idaho","Latah County","Gold Creek Ranch, 1 mi E of Potlach on Hwy. 6","Gold Creek Ranch, 1 mi E of Potlach on Hwy. 6, Latah Co., Idaho","CRCM","Collector(s): unknown","http://arctos.database.museum/guid/CRCM:Mamm:8554"
4947685241,"CC_BY_NC_4_0","Urocitellus columbianus","PRESERVED_SPECIMEN",-117.273998,48.532318,66268,1992,6,15,"US","Washington","Pend Oreille County","Salmo Mt","Salmo Mt, T40N R45E Sec 6, 6800 ft, Pend Oreille Co, Washington","CRCM","Collector(s): unknown","http://arctos.database.museum/guid/CRCM:Mamm:8421"
4947685160,"CC_BY_NC_4_0","Urocitellus columbianus","PRESERVED_SPECIMEN",-118.343021,46.064581,4977,1983,4,27,"US","Washington","Walla Walla County","N Fort Walla Walla City Park, Walla Walla","N Fort Walla Walla City Park, Walla Walla, Walla Walla Co., Washington","CRCM","Collector(s): unknown","http://arctos.database.museum/guid/CRCM:Mamm:24917"
4947685066,"CC_BY_NC_4_0","Urocitellus columbianus","PRESERVED_SPECIMEN",-117.119876,46.690312,8121,1940,3,16,"US","Washington","Whitman County","3 to 4 mi SE Pullman","3 to 4 mi SE Pullman, Whitman Co., Washington","CRCM","Collector(s): unknown","http://arctos.database.museum/guid/CRCM:Mamm:8411"
4947685064,"CC_BY_NC_4_0","Urocitellus columbianus","PRESERVED_SPECIMEN",-117.023399,46.735281,4106,1974,3,9,"US","Idaho","Latah County","1.1 mi W, 0.2 mi N Moscow","1.1 mi W, 0.2 mi N Moscow, 2540 ft., Latah Co., Idaho","CRCM","Collector(s): unknown","http://arctos.database.museum/guid/CRCM:Mamm:5174"
4947684663,"CC_BY_NC_4_0","Urocitellus columbianus","PRESERVED_SPECIMEN",-118.343021,46.064581,4977,1983,5,26,"US","Washington","Walla Walla County","N Fort Walla Walla City Park, Walla Walla","N Fort Walla Walla City Park, Walla Walla, Walla Walla Co., Washington","CRCM","Collector(s): unknown","http://arctos.database.museum/guid/CRCM:Mamm:25046"
4947684643,"CC_BY_NC_4_0","Urocitellus columbianus","PRESERVED_SPECIMEN",-117.345958,46.082045,301,1995,6,27,"US","Washington","Asotin County","Cougar Creek Drainage, Blue Mountains","Cougar Creek Drainage, elev 3150 ft, T7N R44E Sec 19, Blue Mtns., Asotin Co., Washington","CRCM","Collector(s): unknown","http://arctos.database.museum/guid/CRCM:Mamm:8511"
4947684620,"CC_BY_NC_4_0","Urocitellus columbianus","PRESERVED_SPECIMEN",-118.343021,46.064581,4977,1983,4,29,"US","Washington","Walla Walla County","N Fort Walla Walla City Park, Walla Walla","N Fort Walla Walla City Park, Walla Walla, Walla Walla Co., Washington","CRCM","Collector(s): unknown","http://arctos.database.museum/guid/CRCM:Mamm:24938"
4947684589,"CC_BY_NC_4_0","Urocitellus columbianus","PRESERVED_SPECIMEN",-118.343021,46.064581,4977,1983,4,26,"US","Washington","Walla Walla County","N Fort Walla Walla City Park, Walla Walla","N Fort Walla Walla City Park, Walla Walla, Walla Walla Co., Washington","CRCM","Collector(s): unknown","http://arctos.database.museum/guid/CRCM:Mamm:24911"
4947684490,"CC_BY_NC_4_0","Urocitellus columbianus","PRESERVED_SPECIMEN",-118.209042,48.596162,7003,1981,6,11,"US","Washington","Ferry County","7 mi W, 1 mi S Kettle Falls","7 mi W, 1 mi S Kettle Falls, T36N R36E S30, Ferry Co., Washington","CRCM","Collector(s): unknown","http://arctos.database.museum/guid/CRCM:Mamm:8364"
4947684406,"CC_BY_NC_4_0","Urocitellus columbianus","PRESERVED_SPECIMEN",-118.343021,46.064581,4977,1983,4,30,"US","Washington","Walla Walla County","N Fort Walla Walla City Park, Walla Walla","N Fort Walla Walla City Park, Walla Walla, Walla Walla Co., Washington","CRCM","Collector(s): unknown","http://arctos.database.museum/guid/CRCM:Mamm:25030"
4947684395,"CC_BY_NC_4_0","Urocitellus columbianus","PRESERVED_SPECIMEN",-117.960218,46.489034,301,1946,7,18,"US","Washington","Columbia County","Tucannon Ranger Station","Tucannon Ranger Station, Columbia Co., Washington","CRCM","Collector(s): unknown","http://arctos.database.museum/guid/CRCM:Mamm:6174"
4947684190,"CC_BY_NC_4_0","Urocitellus columbianus","PRESERVED_SPECIMEN",-117.060103,46.738423,2069,1977,5,14,"US","Washington","Whitman County","1.7 mi E, 1.3 mi N of Sunshine","1.7 mi E, 1.3 mi N of Sunshine, elev. 2540 ft, Whitman Co., Washington","CRCM","Collector(s): unknown","http://arctos.database.museum/guid/CRCM:Mamm:8480"
4947684174,"CC_BY_NC_4_0","Urocitellus columbianus","PRESERVED_SPECIMEN",-117.179616,46.731274,5639,1897,7,16,"US","Washington","Whitman County","Pullman","Pullman, Washington","CRCM","Collector(s): unknown","http://arctos.database.museum/guid/CRCM:Mamm:6447"
4947684055,"CC_BY_NC_4_0","Urocitellus columbianus","PRESERVED_SPECIMEN",-118.343021,46.064581,4977,1983,5,9,"US","Washington","Walla Walla County","N Fort Walla Walla City Park, Walla Walla","N Fort Walla Walla City Park, Walla Walla, Walla Walla Co., Washington","CRCM","Collector(s): unknown","http://arctos.database.museum/guid/CRCM:Mamm:25003"
4947683897,"CC_BY_NC_4_0","Urocitellus columbianus","PRESERVED_SPECIMEN",-117.436448,46.135537,90,1954,7,9,"US","Washington","Grant County","Wickiup Spring","Wickiup Spring, elev. 5900 ft, Garfield Co., Washington","CRCM","Collector(s): unknown","http://arctos.database.museum/guid/CRCM:Mamm:8359"
4947683846,"CC_BY_NC_4_0","Urocitellus columbianus","PRESERVED_SPECIMEN",-117.502458,48.43685,1807,1995,7,4,"US","Washington","Stevens County","Calispell Peak, Selkirk Mtns","Calispell Peak at 6700 ft, Selkirk Mtns, T34N R42E Sec 21, Stevens Co., Washington","CRCM","Collector(s): unknown","http://arctos.database.museum/guid/CRCM:Mamm:8396"
4947683791,"CC_BY_NC_4_0","Urocitellus columbianus","PRESERVED_SPECIMEN",-116.868614,46.920119,90,1985,4,3,"US","Idaho","Latah County","Gold Creek Ranch, 1 mi E of Potlach on Hwy. 6","Gold Creek Ranch, 1 mi E of Potlach on Hwy. 6, Latah Co., Idaho","CRCM","Collector(s): unknown","http://arctos.database.museum/guid/CRCM:Mamm:8591"
4947683688,"CC_BY_NC_4_0","Urocitellus columbianus","PRESERVED_SPECIMEN",-116.868614,46.920119,90,1985,4,3,"US","Idaho","Latah County","Gold Creek Ranch, 1 mi E of Potlach on Hwy. 6","Gold Creek Ranch, 1 mi E of Potlach on Hwy. 6, Latah Co., Idaho","CRCM","Collector(s): unknown","http://arctos.database.museum/guid/CRCM:Mamm:8600"
4947683582,"CC_BY_NC_4_0","Urocitellus columbianus","PRESERVED_SPECIMEN",-117.478236,46.135529,3486,1992,7,3,"US","Washington","Grant County","2 mi W of Wickiup Spring","2 mi W of Wickiup Spring, T8N R43E Sec 31, Garfield Co., Washington","CRCM","Collector(s): unknown","http://arctos.database.museum/guid/CRCM:Mamm:6336"
4947683571,"CC_BY_NC_4_0","Urocitellus columbianus","PRESERVED_SPECIMEN",-117.179616,46.731274,5639,1978,7,11,"US","Washington","Whitman County","Pullman","Pullman, elev. 2500 ft, Whitman Co., Washington","CRCM","Collector(s): unknown","http://arctos.database.museum/guid/CRCM:Mamm:8464"
4947683507,"CC_BY_NC_4_0","Urocitellus columbianus","PRESERVED_SPECIMEN",-118.343021,46.064581,4977,1983,4,27,"US","Washington","Walla Walla County","N Fort Walla Walla City Park, Walla Walla","N Fort Walla Walla City Park, Walla Walla, Walla Walla Co., Washington","CRCM","Collector(s): unknown","http://arctos.database.museum/guid/CRCM:Mamm:24897"
4947683498,"CC_BY_NC_4_0","Urocitellus columbianus","PRESERVED_SPECIMEN",-118.343021,46.064581,4977,1983,5,9,"US","Washington","Walla Walla County","N Fort Walla Walla City Park, Walla Walla","N Fort Walla Walla City Park, Walla Walla, Walla Walla Co., Washington","CRCM","Collector(s): unknown","http://arctos.database.museum/guid/CRCM:Mamm:24997"
4947683472,"CC_BY_NC_4_0","Urocitellus columbianus","PRESERVED_SPECIMEN",-119.020099,44.246872,1957,1979,6,19,"US","Oregon","Grant County","1.5 mi S of Windfall Spring","1.5 mi S of Windfall Spring, 5000 ft., Grant Co., Oregon","CRCM","Collector(s): unknown","http://arctos.database.museum/guid/CRCM:Mamm:8532"
4947683358,"CC_BY_NC_4_0","Urocitellus columbianus","PRESERVED_SPECIMEN",-117.000165,46.732388,3545,1985,6,17,"US","Idaho","Latah County","Moscow","Moscow, Latah Co., Idaho","CRCM","Collector(s): unknown","http://arctos.database.museum/guid/CRCM:Mamm:6465"
4947683264,"CC_BY_NC_4_0","Urocitellus columbianus","PRESERVED_SPECIMEN",-118.343021,46.064581,4977,1983,5,2,"US","Washington","Walla Walla County","N Fort Walla Walla City Park, Walla Walla","N Fort Walla Walla City Park, Walla Walla, Walla Walla Co., Washington","CRCM","Collector(s): unknown","http://arctos.database.museum/guid/CRCM:Mamm:24959"
4947683248,"CC_BY_NC_4_0","Urocitellus columbianus","PRESERVED_SPECIMEN",-116.284018,45.043687,7565,1955,6,5,"US","Idaho","Valley County","5 mi N New Meadows","5 mi N New Meadows, Valley Co., Idaho","CRCM","Collector(s): unknown","http://arctos.database.museum/guid/CRCM:Mamm:8491"
4947683178,"CC_BY_NC_4_0","Urocitellus columbianus","PRESERVED_SPECIMEN",-118.343021,46.064581,4977,1983,4,28,"US","Washington","Walla Walla County","N Fort Walla Walla City Park, Walla Walla","N Fort Walla Walla City Park, Walla Walla, Walla Walla Co., Washington","CRCM","Collector(s): unknown","http://arctos.database.museum/guid/CRCM:Mamm:24925"
4947683176,"CC_BY_NC_4_0","Urocitellus columbianus","PRESERVED_SPECIMEN",-118.343021,46.064581,4977,1983,4,21,"US","Washington","Walla Walla County","N Fort Walla Walla City Park, Walla Walla","N Fort Walla Walla City Park, Walla Walla, Walla Walla Co., Washington","CRCM","Collector(s): unknown","http://arctos.database.museum/guid/CRCM:Mamm:24869"
4947683122,"CC_BY_NC_4_0","Urocitellus columbianus","PRESERVED_SPECIMEN",-117.011371,46.725942,84,1949,4,9,"US","Idaho","Latah County","University of Idaho Campus, Moscow","University of Idaho Campus, Moscow, Latah Co., Idaho","CRCM","Collector(s): unknown","http://arctos.database.museum/guid/CRCM:Mamm:8502"
4947683087,"CC_BY_NC_4_0","Urocitellus columbianus","PRESERVED_SPECIMEN",-117.436448,46.135537,90,1992,7,7,"US","Washington","Grant County","Wickiup Spring","Wickiup Spring, T8N R43E Sec 33, Garfield Co., Washington","CRCM","Collector(s): unknown","http://arctos.database.museum/guid/CRCM:Mamm:8497"
4947683048,"CC_BY_NC_4_0","Urocitellus columbianus","PRESERVED_SPECIMEN",-117.148986,48.921913,301,1981,7,12,"US","Washington","Pend Oreille County","Leola Creek Basin","Leola Creek Basin, 5800 ft, Pend Oreille Co, Washington","CRCM","Collector(s): unknown","http://arctos.database.museum/guid/CRCM:Mamm:8415"
4947682951,"CC_BY_NC_4_0","Urocitellus columbianus","PRESERVED_SPECIMEN",-117.273998,48.532318,66268,1924,6,25,"US","Washington","Pend Oreille County","1.25 mi W Z-Canyon","1.25 mi W Z-Canyon, Pend Oreille Co., Washington","CRCM","Collector(s): unknown","http://arctos.database.museum/guid/CRCM:Mamm:7174"
4947682923,"CC_BY_NC_4_0","Urocitellus columbianus","PRESERVED_SPECIMEN",-117.190176,46.731274,6063,1973,3,16,"US","Washington","Whitman County","0.5 mi W Pullman","0.5 mi W Pullman, Whitman Co., Washington","CRCM","Collector(s): unknown","http://arctos.database.museum/guid/CRCM:Mamm:5748"
4947682854,"CC_BY_NC_4_0","Urocitellus columbianus","PRESERVED_SPECIMEN",-118.343021,46.064581,4977,1983,5,4,"US","Washington","Walla Walla County","N Fort Walla Walla City Park, Walla Walla","N Fort Walla Walla City Park, Walla Walla, Walla Walla Co., Washington","CRCM","Collector(s): unknown","http://arctos.database.museum/guid/CRCM:Mamm:24976"
4947682829,"CC_BY_NC_4_0","Urocitellus columbianus","PRESERVED_SPECIMEN",-118.343021,46.064581,4977,1983,5,1,"US","Washington","Walla Walla County","N Fort Walla Walla City Park, Walla Walla","N Fort Walla Walla City Park, Walla Walla, Walla Walla Co., Washington","CRCM","Collector(s): unknown","http://arctos.database.museum/guid/CRCM:Mamm:24956"
4947682765,"CC_BY_NC_4_0","Urocitellus columbianus","PRESERVED_SPECIMEN",-118.343021,46.064581,4977,1983,5,3,"US","Washington","Walla Walla County","N Fort Walla Walla City Park, Walla Walla","N Fort Walla Walla City Park, Walla Walla, Walla Walla Co., Washington","CRCM","Collector(s): unknown","http://arctos.database.museum/guid/CRCM:Mamm:24970"
4947682699,"CC_BY_NC_4_0","Urocitellus columbianus","PRESERVED_SPECIMEN",-118.585814,46.020281,3754,1983,4,14,"US","Washington","Walla Walla County","4 km S of Lowden","4 km S of Lowden, Walla Walla Co., Washington","CRCM","Collector(s): unknown","http://arctos.database.museum/guid/CRCM:Mamm:24866"
4947682489,"CC_BY_NC_4_0","Urocitellus columbianus","PRESERVED_SPECIMEN",-118.343021,46.064581,4977,1983,5,24,"US","Washington","Walla Walla County","N Fort Walla Walla City Park, Walla Walla","N Fort Walla Walla City Park, Walla Walla, Walla Walla Co., Washington","CRCM","Collector(s): unknown","http://arctos.database.museum/guid/CRCM:Mamm:25042"
4947682418,"CC_BY_NC_4_0","Urocitellus columbianus","PRESERVED_SPECIMEN",-118.343021,46.064581,4977,1983,5,15,"US","Washington","Walla Walla County","N Fort Walla Walla City Park, Walla Walla","N Fort Walla Walla City Park, Walla Walla, Walla Walla Co., Washington","CRCM","Collector(s): unknown","http://arctos.database.museum/guid/CRCM:Mamm:25022"
4947682376,"CC_BY_NC_4_0","Urocitellus columbianus","PRESERVED_SPECIMEN",-117.134811,46.700556,7837,1940,3,13,"US","Washington","Whitman County","3 mi SE Pullman","3 mi SE Pullman, Whitman Co., Washington","CRCM","Collector(s): unknown","http://arctos.database.museum/guid/CRCM:Mamm:8469"
4947682355,"CC_BY_NC_4_0","Urocitellus columbianus","PRESERVED_SPECIMEN",-118.603228,48.881317,3062,1995,7,5,"US","Washington","Ferry County","3.5 mi W, 1.3 mi N of Sherman Pass, Kettle River Range","3.5 mi W, 1.3 mi N of Sherman Pass, 4100ft, T36N R34E S9, Kettle River Range, Ferry Co, Washington","CRCM","Collector(s): unknown","http://arctos.database.museum/guid/CRCM:Mamm:8379"
4947682294,"CC_BY_NC_4_0","Urocitellus columbianus","PRESERVED_SPECIMEN",-118.343021,46.064581,4977,1983,5,7,"US","Washington","Walla Walla County","N Fort Walla Walla City Park, Walla Walla","N Fort Walla Walla City Park, Walla Walla, Walla Walla Co., Washington","CRCM","Collector(s): unknown","http://arctos.database.museum/guid/CRCM:Mamm:24990"
4947682266,"CC_BY_NC_4_0","Urocitellus columbianus","PRESERVED_SPECIMEN",-117.514625,46.122927,1807,1948,9,5,"US","Washington","Grant County","Mt. Misery","Mt. Misery, Garfield Co., Washington","CRCM","Collector(s): unknown","http://arctos.database.museum/guid/CRCM:Mamm:5570"
4947682048,"CC_BY_NC_4_0","Urocitellus columbianus","PRESERVED_SPECIMEN",-118.343021,46.064581,4977,1983,5,4,"US","Washington","Walla Walla County","N Fort Walla Walla City Park, Walla Walla","N Fort Walla Walla City Park, Walla Walla, Walla Walla Co., Washington","CRCM","Collector(s): unknown","http://arctos.database.museum/guid/CRCM:Mamm:24979"
4947681893,"CC_BY_NC_4_0","Urocitellus columbianus","PRESERVED_SPECIMEN",-115.700964,45.620458,1807,1954,8,20,"US","Idaho","Idaho County","Buffalo Hump","Buffalo Hump, Idaho Co., Idaho","CRCM","Collector(s): unknown","http://arctos.database.museum/guid/CRCM:Mamm:6034"
4947681833,"CC_BY_NC_4_0","Urocitellus columbianus","PRESERVED_SPECIMEN",-119.451762,47.205665,98242,1992,7,3,"US","Washington","Grant County","Iron Spring","Iron Spring, T9N R42E Sec 1, Garfield Co., Washington","CRCM","Collector(s): unknown","http://arctos.database.museum/guid/CRCM:Mamm:8477"
4947681748,"CC_BY_NC_4_0","Urocitellus columbianus","PRESERVED_SPECIMEN",-94.4667,41.5167,301,1986,4,1,"US","Iowa","Adams County","2 mi N Council","2 mi N Council, Adams Co., Idaho","CRCM","Collector(s): unknown","http://arctos.database.museum/guid/CRCM:Mamm:8533"
4947681650,"CC_BY_NC_4_0","Urocitellus columbianus","PRESERVED_SPECIMEN",-118.343021,46.064581,4977,1983,5,5,"US","Washington","Walla Walla County","N Fort Walla Walla City Park, Walla Walla","N Fort Walla Walla City Park, Walla Walla, Walla Walla Co., Washington","CRCM","Collector(s): unknown","http://arctos.database.museum/guid/CRCM:Mamm:24987"
4947681641,"CC_BY_NC_4_0","Urocitellus columbianus","PRESERVED_SPECIMEN",-117.060103,46.738423,2069,1977,5,14,"US","Washington","Whitman County","1.7 mi E, 1.3 mi N of Sunshine","1.7 mi E, 1.3 mi N of Sunshine, elev. 2540 ft, Whitman Co., Washington","CRCM","Collector(s): unknown","http://arctos.database.museum/guid/CRCM:Mamm:5173"
4947681638,"CC_BY_NC_4_0","Urocitellus columbianus","PRESERVED_SPECIMEN",-118.343021,46.064581,4977,1983,5,26,"US","Washington","Walla Walla County","N Fort Walla Walla City Park, Walla Walla","N Fort Walla Walla City Park, Walla Walla, Walla Walla Co., Washington","CRCM","Collector(s): unknown","http://arctos.database.museum/guid/CRCM:Mamm:25045"
4947681543,"CC_BY_NC_4_0","Urocitellus columbianus","PRESERVED_SPECIMEN",-117.021287,46.732386,5739,1941,3,29,"US","Idaho","Latah County","1 mi W Moscow","1 mi W Moscow, Latah Co., Idaho","CRCM","Collector(s): unknown","http://arctos.database.museum/guid/CRCM:Mamm:5559"
4947681461,"CC_BY_NC_4_0","Urocitellus columbianus","PRESERVED_SPECIMEN",-118.585814,46.020281,3754,1983,3,28,"US","Washington","Walla Walla County","4 km S of Lowden","4 km S of Lowden, Walla Walla Co., Washington","CRCM","Collector(s): unknown","http://arctos.database.museum/guid/CRCM:Mamm:24855"
4947681357,"CC_BY_NC_4_0","Urocitellus columbianus","PRESERVED_SPECIMEN",-117.137374,46.731267,8501,1990,3,26,"US","Washington","Whitman County","2 mi E Pullman","2 mi E Pullman, Whitman Co., Washington","CRCM","Collector(s): unknown","http://arctos.database.museum/guid/CRCM:Mamm:8466"
4947681275,"CC_BY_NC_4_0","Urocitellus columbianus","PRESERVED_SPECIMEN",-117.179616,46.731274,5639,1938,5,30,"US","Washington","Whitman County","Pullman","Pullman, Washington","CRCM","Collector(s): unknown","http://arctos.database.museum/guid/CRCM:Mamm:5869"
4947681258,"CC_BY_NC_4_0","Urocitellus columbianus","PRESERVED_SPECIMEN",-118.343021,46.064581,4977,1983,5,4,"US","Washington","Walla Walla County","N Fort Walla Walla City Park, Walla Walla","N Fort Walla Walla City Park, Walla Walla, Walla Walla Co., Washington","CRCM","Collector(s): unknown","http://arctos.database.museum/guid/CRCM:Mamm:24984"
4947681202,"CC_BY_NC_4_0","Urocitellus columbianus","PRESERVED_SPECIMEN",-117.179616,46.731274,5639,1978,6,10,"US","Washington","Whitman County","Pullman","Pullman, elev. 2500 ft, Whitman Co., Washington","CRCM","Collector(s): unknown","http://arctos.database.museum/guid/CRCM:Mamm:8446"
4947681188,"CC_BY_NC_4_0","Urocitellus columbianus","PRESERVED_SPECIMEN",-118.343021,46.064581,4977,1983,5,9,"US","Washington","Walla Walla County","N Fort Walla Walla City Park, Walla Walla","N Fort Walla Walla City Park, Walla Walla, Walla Walla Co., Washington","CRCM","Collector(s): unknown","http://arctos.database.museum/guid/CRCM:Mamm:24999"
4947681156,"CC_BY_NC_4_0","Urocitellus columbianus","PRESERVED_SPECIMEN",-117.016667,45.133333,NA,2000,7,15,"US","Oregon","Wallowa County","FR 3925 off Route 39, 22 km E Sentinel Peak","FR 3925 off Route 39, 22 km E Sentinel Peak, 45""8' N, 117""1' W, 1771 m., Wallowa Co., Oregon","CRCM","Collector(s): unknown","http://arctos.database.museum/guid/CRCM:Mamm:9838"
4947681137,"CC_BY_NC_4_0","Urocitellus columbianus","PRESERVED_SPECIMEN",-117.345958,46.082045,301,1995,6,27,"US","Washington","Asotin County","Cougar Creek Drainage, Blue Mountains","Cougar Creek Drainage, elev 3150 ft, T7N R44E Sec 19, Blue Mtns., Asotin Co., Washington","CRCM","Collector(s): unknown","http://arctos.database.museum/guid/CRCM:Mamm:8522"
4947681109,"CC_BY_NC_4_0","Urocitellus columbianus","PRESERVED_SPECIMEN",-116.868614,46.920119,90,1985,4,2,"US","Idaho","Latah County","Gold Creek Ranch, 1 mi E of Potlach on Hwy. 6","Gold Creek Ranch, 1 mi E of Potlach on Hwy. 6, Latah Co., Idaho","CRCM","Collector(s): unknown","http://arctos.database.museum/guid/CRCM:Mamm:8590"
4947681078,"CC_BY_NC_4_0","Urocitellus columbianus","PRESERVED_SPECIMEN",-118.343021,46.064581,4977,1983,4,25,"US","Washington","Walla Walla County","N Fort Walla Walla City Park, Walla Walla","N Fort Walla Walla City Park, Walla Walla, Walla Walla Co., Washington","CRCM","Collector(s): unknown","http://arctos.database.museum/guid/CRCM:Mamm:24891"
4947681062,"CC_BY_NC_4_0","Urocitellus columbianus","PRESERVED_SPECIMEN",-118.585814,46.020281,3754,1983,4,11,"US","Washington","Walla Walla County","4 km S of Lowden","4 km S of Lowden, Walla Walla Co., Washington","CRCM","Collector(s): unknown","http://arctos.database.museum/guid/CRCM:Mamm:24858"
4947681003,"CC_BY_NC_4_0","Urocitellus columbianus","PRESERVED_SPECIMEN",-118.343021,46.064581,4977,1983,5,13,"US","Washington","Walla Walla County","N Fort Walla Walla City Park, Walla Walla","N Fort Walla Walla City Park, Walla Walla, Walla Walla Co., Washington","CRCM","Collector(s): unknown","http://arctos.database.museum/guid/CRCM:Mamm:21139"
4947680975,"CC_BY_NC_4_0","Urocitellus columbianus","PRESERVED_SPECIMEN",-112.366667,45.916667,NA,2000,7,4,"US","Montana","Jefferson County","10 mi SE of Butte","10 mi SE Butte, 45""55' N, 112""22' W, 6180 ft., Jefferson Co., Montana","CRCM","Collector(s): unknown","http://arctos.database.museum/guid/CRCM:Mamm:9849"
4947680919,"CC_BY_NC_4_0","Urocitellus columbianus","PRESERVED_SPECIMEN",-118.343021,46.064581,4977,1983,5,24,"US","Washington","Walla Walla County","N Fort Walla Walla City Park, Walla Walla","N Fort Walla Walla City Park, Walla Walla, Walla Walla Co., Washington","CRCM","Collector(s): unknown","http://arctos.database.museum/guid/CRCM:Mamm:25053"
4947680899,"CC_BY_NC_4_0","Urocitellus columbianus","PRESERVED_SPECIMEN",-118.343021,46.064581,4977,1983,4,30,"US","Washington","Walla Walla County","N Fort Walla Walla City Park, Walla Walla","N Fort Walla Walla City Park, Walla Walla, Walla Walla Co., Washington","CRCM","Collector(s): unknown","http://arctos.database.museum/guid/CRCM:Mamm:24948"
4947680882,"CC_BY_NC_4_0","Urocitellus columbianus","PRESERVED_SPECIMEN",-115.493725,44.961286,519,1954,8,1,"US","Idaho","Valley County","0.25 mi S Yellow Pine","0.25 mi S Yellow Pine, Valley Co., Idaho","CRCM","Collector(s): unknown","http://arctos.database.museum/guid/CRCM:Mamm:5052"
4947680826,"CC_BY_NC_4_0","Urocitellus columbianus","PRESERVED_SPECIMEN",-118.343021,46.064581,4977,1983,4,26,"US","Washington","Walla Walla County","N Fort Walla Walla City Park, Walla Walla","N Fort Walla Walla City Park, Walla Walla, Walla Walla Co., Washington","CRCM","Collector(s): unknown","http://arctos.database.museum/guid/CRCM:Mamm:24905"
4947680747,"CC_BY_NC_4_0","Urocitellus columbianus","PRESERVED_SPECIMEN",-118.343021,46.064581,4977,1983,5,9,"US","Washington","Walla Walla County","N Fort Walla Walla City Park, Walla Walla","N Fort Walla Walla City Park, Walla Walla, Walla Walla Co., Washington","CRCM","Collector(s): unknown","http://arctos.database.museum/guid/CRCM:Mamm:25002"
4947680682,"CC_BY_NC_4_0","Urocitellus columbianus","PRESERVED_SPECIMEN",-117.154109,48.922747,1204,1980,8,24,"US","Washington","Pend Oreille County","Head of Leola Creek Basin, Colville National Forest","Head of Leola Creek Basin, 6200 ft, Colville National Forest, Pend Oreille Co., Washington","CRCM","Collector(s): unknown","http://arctos.database.museum/guid/CRCM:Mamm:8404"
4947680673,"CC_BY_NC_4_0","Urocitellus columbianus","PRESERVED_SPECIMEN",-116.868614,46.920119,90,1985,4,1,"US","Idaho","Latah County","Gold Creek Ranch, 1 mi E of Potlach on Hwy. 6","Gold Creek Ranch, 1 mi E of Potlach on Hwy. 6, Latah Co., Idaho","CRCM","Collector(s): unknown","http://arctos.database.museum/guid/CRCM:Mamm:8579"
4947680566,"CC_BY_NC_4_0","Urocitellus columbianus","PRESERVED_SPECIMEN",-118.153286,46.444154,16208,1990,4,15,"US","Washington","Columbia County","12 mi N of Waitsburg","12 mi N of Waitsburg, Columbia Co., Washington","CRCM","Collector(s): unknown","http://arctos.database.museum/guid/CRCM:Mamm:8489"
4947680332,"CC_BY_NC_4_0","Urocitellus columbianus","PRESERVED_SPECIMEN",-117.023399,46.735281,4106,1974,3,9,"US","Idaho","Latah County","1.1 mi W, 0.2 mi N Moscow","1.1 mi W, 0.2 mi N Moscow, 2540 ft., Latah Co., Idaho","CRCM","Collector(s): unknown","http://arctos.database.museum/guid/CRCM:Mamm:8547"
4947680218,"CC_BY_NC_4_0","Urocitellus columbianus","PRESERVED_SPECIMEN",-117.310778,48.940491,5425,1982,7,12,"US","Washington","Pend Oreille County","5.3 mi N, 2.8 mi E of Metaline Falls, Lower Slate Crk Rd","T40N R43E S25, 5.3 mi N, 2.8 mi E of Metaline Falls, Lower Slate Crk Rd, Pend Oreille Co, Washington","CRCM","Collector(s): unknown","http://arctos.database.museum/guid/CRCM:Mamm:8423"
4947680087,"CC_BY_NC_4_0","Urocitellus columbianus","PRESERVED_SPECIMEN",-118.958756,48.772013,3711,1995,7,6,"US","Washington","Okanogan County","3.2 mi N, 2.5 mi E of Wauconda","3.2 mi N, 2.5 mi E of Wauconda, 3550 ft, T38N R30E S24, Okanogan Co., Washington","CRCM","Collector(s): unknown","http://arctos.database.museum/guid/CRCM:Mamm:8365"
4947680059,"CC_BY_NC_4_0","Urocitellus columbianus","PRESERVED_SPECIMEN",-117.179616,46.731274,5639,1978,7,6,"US","Washington","Whitman County","Pullman","Pullman, elev. 2500 ft, Whitman Co., Washington","CRCM","Collector(s): unknown","http://arctos.database.museum/guid/CRCM:Mamm:8457"
4947680049,"CC_BY_NC_4_0","Urocitellus columbianus","PRESERVED_SPECIMEN",-117.016667,45.133333,NA,2000,7,15,"US","Oregon","Wallowa County","FR 3925, 22 km E Sentinel Peak","FR 3925, 22 km E Sentinel Peak, 45""8' N, 117""1' W, 5810 ft., Wallowa Co., Oregon","CRCM","Collector(s): unknown","http://arctos.database.museum/guid/CRCM:Mamm:9847"
4947680038,"CC_BY_NC_4_0","Urocitellus columbianus","PRESERVED_SPECIMEN",-118.960097,45.286183,13207,1979,6,20,"US","Oregon","Umatilla County","Battle Mountain State Park, 6.3 mi W, 13.6 mi S of Pilot Rock","Battle Mountain State Park, 6.3 mi W, 13.6 mi S of Pilot Rock, 4000 ft., Umatilla Co., Oregon","CRCM","Collector(s): unknown","http://arctos.database.museum/guid/CRCM:Mamm:8525"
4947679997,"CC_BY_NC_4_0","Urocitellus columbianus","PRESERVED_SPECIMEN",-117.179616,46.731274,5639,1978,6,21,"US","Washington","Whitman County","Pullman","Pullman, elev. 2500 ft, Whitman Co., Washington","CRCM","Collector(s): unknown","http://arctos.database.museum/guid/CRCM:Mamm:8455"
4947679986,"CC_BY_NC_4_0","Urocitellus columbianus","PRESERVED_SPECIMEN",-117.179616,46.731274,5639,1978,6,23,"US","Washington","Whitman County","Pullman","Pullman, elev. 2500 ft, Whitman Co., Washington","CRCM","Collector(s): unknown","http://arctos.database.museum/guid/CRCM:Mamm:5982"
4947679985,"CC_BY_NC_4_0","Urocitellus columbianus","PRESERVED_SPECIMEN",-118.343021,46.064581,4977,1983,5,17,"US","Washington","Walla Walla County","N Fort Walla Walla City Park, Walla Walla","N Fort Walla Walla City Park, Walla Walla, Walla Walla Co., Washington","CRCM","Collector(s): unknown","http://arctos.database.museum/guid/CRCM:Mamm:25034"
4947679721,"CC_BY_NC_4_0","Urocitellus columbianus","PRESERVED_SPECIMEN",-116.519495,45.328383,866,1978,7,31,"US","Idaho","Idaho County","0.5 mi NW of Lower Cannon Lake, Seven Devils Wilderness Area","0.5 mi NW of Lower Cannon Lake, Seven Devils Wilderness Area, 7500 ft., Idaho Co., Idaho","CRCM","Collector(s): unknown","http://arctos.database.museum/guid/CRCM:Mamm:8612"
4947679650,"CC_BY_NC_4_0","Urocitellus columbianus","PRESERVED_SPECIMEN",-118.343021,46.064581,4977,1983,4,25,"US","Washington","Walla Walla County","N Fort Walla Walla City Park, Walla Walla","N Fort Walla Walla City Park, Walla Walla, Walla Walla Co., Washington","CRCM","Collector(s): unknown","http://arctos.database.museum/guid/CRCM:Mamm:24902"
4947679613,"CC_BY_NC_4_0","Urocitellus columbianus","PRESERVED_SPECIMEN",-118.343021,46.064581,4977,1983,4,28,"US","Washington","Walla Walla County","N Fort Walla Walla City Park, Walla Walla","N Fort Walla Walla City Park, Walla Walla, Walla Walla Co., Washington","CRCM","Collector(s): unknown","http://arctos.database.museum/guid/CRCM:Mamm:24934"
4947679574,"CC_BY_NC_4_0","Urocitellus columbianus","PRESERVED_SPECIMEN",-117.200518,48.891314,301,1992,6,17,"US","Washington","Pend Oreille County","Crowell Ridge Trail","Crowell Ridge Trail, T39N R44E Sec 1, Pend Oreille Co, Washington","CRCM","Collector(s): unknown","http://arctos.database.museum/guid/CRCM:Mamm:8387"
4947679538,"CC_BY_NC_4_0","Urocitellus columbianus","PRESERVED_SPECIMEN",-117.209486,46.751744,7594,1931,3,23,"US","Washington","Whitman County","2 mi NW Pullman","2 mi NW Pullman, Whitman Co., Washington","CRCM","Collector(s): unknown","http://arctos.database.museum/guid/CRCM:Mamm:5979"
4947679536,"CC_BY_NC_4_0","Urocitellus columbianus","PRESERVED_SPECIMEN",-117.179616,46.731274,5639,1978,6,6,"US","Washington","Whitman County","Pullman","Pullman, elev. 2500 ft, Whitman Co., Washington","CRCM","Collector(s): unknown","http://arctos.database.museum/guid/CRCM:Mamm:5771"
4947679481,"CC_BY_NC_4_0","Urocitellus columbianus","PRESERVED_SPECIMEN",-117.454566,48.275992,16413,1992,6,21,"US","Washington","Pend Oreille County","12 mi E of Chewelah","12 mi E of Chewelah, T32N R42E Sec 11, Pend Oreille Co., Washington","CRCM","Collector(s): unknown","http://arctos.database.museum/guid/CRCM:Mamm:8412"
4947679326,"CC_BY_NC_4_0","Urocitellus columbianus","PRESERVED_SPECIMEN",-117.179616,46.731274,5639,1978,6,13,"US","Washington","Whitman County","Pullman","Pullman, elev. 2500 ft, Whitman Co., Washington","CRCM","Collector(s): unknown","http://arctos.database.museum/guid/CRCM:Mamm:5393"
4947679304,"CC_BY_NC_4_0","Urocitellus columbianus","PRESERVED_SPECIMEN",-116.868614,46.920119,90,1985,3,28,"US","Idaho","Latah County","Gold Creek Ranch, 1 mi E of Potlach on Hwy. 6","Gold Creek Ranch, 1 mi E of Potlach on Hwy. 6, Latah Co., Idaho","CRCM","Collector(s): unknown","http://arctos.database.museum/guid/CRCM:Mamm:8576"
4947679276,"CC_BY_NC_4_0","Urocitellus columbianus","PRESERVED_SPECIMEN",-116.055359,44.941718,6903,1949,7,25,"US","Idaho","Valley County","W Shore of Little Payette Lake, 3 mi NE of McCall","W Shore of Little Payette Lake, 3 mi NE of McCall, Valley Co., Idaho","CRCM","Collector(s): unknown","http://arctos.database.museum/guid/CRCM:Mamm:8587"
4947679251,"CC_BY_NC_4_0","Urocitellus columbianus","PRESERVED_SPECIMEN",-117.523058,46.901202,70074,1977,NA,NA,"US","Washington","Whitman County","No specific locality recorded.","Whitman Co., Washington","CRCM","Collector(s): unknown","http://arctos.database.museum/guid/CRCM:Mamm:21541"
4947679114,"CC_BY_NC_4_0","Urocitellus columbianus","PRESERVED_SPECIMEN",-118.343021,46.064581,4977,1983,4,29,"US","Washington","Walla Walla County","N Fort Walla Walla City Park, Walla Walla","N Fort Walla Walla City Park, Walla Walla, Walla Walla Co., Washington","CRCM","Collector(s): unknown","http://arctos.database.museum/guid/CRCM:Mamm:24945"
4947678950,"CC_BY_NC_4_0","Urocitellus columbianus","PRESERVED_SPECIMEN",-118.001328,45.500137,301,1979,6,20,"US","Washington","Walla Walla County","West slope of Mount Lewis, Blue Mountains","West slope of Mount Lewis, 4800 ft elev, Blue Mountains, Walla Walla Co., Washington","CRCM","Collector(s): unknown","http://arctos.database.museum/guid/CRCM:Mamm:8376"
4947678939,"CC_BY_NC_4_0","Urocitellus columbianus","PRESERVED_SPECIMEN",-118.343021,46.064581,4977,1983,5,17,"US","Washington","Walla Walla County","N Fort Walla Walla City Park, Walla Walla","N Fort Walla Walla City Park, Walla Walla, Walla Walla Co., Washington","CRCM","Collector(s): unknown","http://arctos.database.museum/guid/CRCM:Mamm:25031"
4947678928,"CC_BY_NC_4_0","Urocitellus columbianus","PRESERVED_SPECIMEN",-119.020099,44.246872,1957,1979,6,19,"US","Oregon","Grant County","1.5 mi S of Windfall Spring","1.5 mi S of Windfall Spring, 5000 ft., Grant Co., Oregon","CRCM","Collector(s): unknown","http://arctos.database.museum/guid/CRCM:Mamm:6214"
4947678906,"CC_BY_NC_4_0","Urocitellus columbianus","PRESERVED_SPECIMEN",-119.013675,44.256662,11865,1979,6,19,"US","Oregon","Grant County","Stark Spring, 11 mi S, 3 mi W of John Day","Stark Spring, 11 mi S, 3 mi W of John Day, 5100 ft., Grant Co., Oregon","CRCM","Collector(s): unknown","http://arctos.database.museum/guid/CRCM:Mamm:8536"
4947678814,"CC_BY_NC_4_0","Urocitellus columbianus","PRESERVED_SPECIMEN",-119.30802,44.315149,301,1979,6,19,"US","Oregon","Grant County","meadow SW of junction of U.S. forest service roads 1542 and 1409c, Aldrich Mountains","meadow SW of junction of U.S. forest service roads 1542 and 1409c, Aldrich Mountains, 4850 ft., Grant Co., Oregon","CRCM","Collector(s): unknown","http://arctos.database.museum/guid/CRCM:Mamm:8544"
4947678810,"CC_BY_NC_4_0","Urocitellus columbianus","PRESERVED_SPECIMEN",-120.795143,48.756888,210,1995,7,8,"US","Washington","Whatcom County","Deer Park at 5800 ft near head of Slate Creek, about 1.0 miles S of Slate Peak","Deer Park at 5800 ft near head of Slate Creek, about 1.0 miles S of Slate Peak, T37N R17E S1, Whatcom Co., Washington","CRCM","Collector(s): unknown","http://arctos.database.museum/guid/CRCM:Mamm:8368"
4947678747,"CC_BY_NC_4_0","Urocitellus columbianus","PRESERVED_SPECIMEN",-118.440121,46.049291,5313,1982,6,8,"US","Washington","Walla Walla County","Walla Walla College Farm, 4 km W of College Place, Walla Walla","Walla Walla College Farm, 4 km W of College Place, Walla Walla, Walla Walla Co., Washington","CRCM","Collector(s): unknown","http://arctos.database.museum/guid/CRCM:Mamm:24847"
4947678742,"CC_BY_NC_4_0","Urocitellus columbianus","PRESERVED_SPECIMEN",-118.343021,46.064581,4977,1983,5,5,"US","Washington","Walla Walla County","N Fort Walla Walla City Park, Walla Walla","N Fort Walla Walla City Park, Walla Walla, Walla Walla Co., Washington","CRCM","Collector(s): unknown","http://arctos.database.museum/guid/CRCM:Mamm:24988"
4947678739,"CC_BY_NC_4_0","Urocitellus columbianus","PRESERVED_SPECIMEN",-117.060103,46.738423,2069,1977,5,14,"US","Washington","Whitman County","1.7 mi E, 1.3 mi N of Sunshine","1.7 mi E, 1.3 mi N of Sunshine, elev. 2540 ft, Whitman Co., Washington","CRCM","Collector(s): unknown","http://arctos.database.museum/guid/CRCM:Mamm:8478"
4947678725,"CC_BY_NC_4_0","Urocitellus columbianus","PRESERVED_SPECIMEN",-115.493725,44.961286,519,1954,7,28,"US","Idaho","Valley County","0.25 mi S Yellow Pine","0.25 mi S Yellow Pine, Valley Co., Idaho","CRCM","Collector(s): unknown","http://arctos.database.museum/guid/CRCM:Mamm:6177"
4947678647,"CC_BY_NC_4_0","Urocitellus columbianus","PRESERVED_SPECIMEN",-117.179616,46.731274,5639,1938,5,30,"US","Washington","Whitman County","Pullman","Pullman, Washington","CRCM","Collector(s): unknown","http://arctos.database.museum/guid/CRCM:Mamm:5616"
4947678626,"CC_BY_NC_4_0","Urocitellus columbianus","PRESERVED_SPECIMEN",-116.868614,46.920119,90,1985,3,22,"US","Idaho","Latah County","Gold Creek Ranch, 1 mi E of Potlach on Hwy. 6","Gold Creek Ranch, 1 mi E of Potlach on Hwy. 6, Latah Co., Idaho","CRCM","Collector(s): unknown","http://arctos.database.museum/guid/CRCM:Mamm:8568"
4947678538,"CC_BY_NC_4_0","Urocitellus columbianus","PRESERVED_SPECIMEN",-117.16684,46.862389,1807,1931,5,30,"US","Washington","Whitman County","S of Kamiak Butte","S of Kamiak Butte, Whitman Co., Washington","CRCM","Collector(s): unknown","http://arctos.database.museum/guid/CRCM:Mamm:5571"
4947678513,"CC_BY_NC_4_0","Urocitellus columbianus","PRESERVED_SPECIMEN",-118.343021,46.064581,4977,1983,5,10,"US","Washington","Walla Walla County","N Fort Walla Walla City Park, Walla Walla","N Fort Walla Walla City Park, Walla Walla, Walla Walla Co., Washington","CRCM","Collector(s): unknown","http://arctos.database.museum/guid/CRCM:Mamm:25007"
4947678366,"CC_BY_NC_4_0","Urocitellus columbianus","PRESERVED_SPECIMEN",-118.343021,46.064581,4977,1983,4,26,"US","Washington","Walla Walla County","N Fort Walla Walla City Park, Walla Walla","N Fort Walla Walla City Park, Walla Walla, Walla Walla Co., Washington","CRCM","Collector(s): unknown","http://arctos.database.museum/guid/CRCM:Mamm:24913"
4947678361,"CC_BY_NC_4_0","Urocitellus columbianus","PRESERVED_SPECIMEN",-117.436448,46.135537,90,1946,6,28,"US","Washington","Grant County","Wickiup Spring","Wickiup Spring, Garfield Co., Washington","CRCM","Collector(s): unknown","http://arctos.database.museum/guid/CRCM:Mamm:8268"
4947678360,"CC_BY_NC_4_0","Urocitellus columbianus","PRESERVED_SPECIMEN",-117.011371,46.725942,84,1974,7,7,"US","Idaho","Latah County","University of Idaho Campus, Moscow","University of Idaho Campus, Moscow, Latah Co., Idaho","CRCM","Collector(s): unknown","http://arctos.database.museum/guid/CRCM:Mamm:5906"
4947678297,"CC_BY_NC_4_0","Urocitellus columbianus","PRESERVED_SPECIMEN",-118.343021,46.064581,4977,1983,5,21,"US","Washington","Walla Walla County","N Fort Walla Walla City Park, Walla Walla","N Fort Walla Walla City Park, Walla Walla, Walla Walla Co., Washington","CRCM","Collector(s): unknown","http://arctos.database.museum/guid/CRCM:Mamm:20014"
4947678177,"CC_BY_NC_4_0","Urocitellus columbianus","PRESERVED_SPECIMEN",-117.273998,48.532318,66268,1994,6,25,"US","Washington","Pend Oreille County","No specific locality recorded.","RUB Bar 18, T35N, R43E, S 1/2, SW 1/4 of sec. 7, T35N, R43E, N 1/2, NW 1/4, sec. 8, Pend Oreille Co., Washington","CRCM","Collector(s): unknown","http://arctos.database.museum/guid/CRCM:Mamm:22985"
4947678071,"CC_BY_NC_4_0","Urocitellus columbianus","PRESERVED_SPECIMEN",-118.343021,46.064581,4977,1983,4,24,"US","Washington","Walla Walla County","N Fort Walla Walla City Park, Walla Walla","N Fort Walla Walla City Park, Walla Walla, Walla Walla Co., Washington","CRCM","Collector(s): unknown","http://arctos.database.museum/guid/CRCM:Mamm:24888"
4947677997,"CC_BY_NC_4_0","Urocitellus columbianus","PRESERVED_SPECIMEN",-118.343021,46.064581,4977,1983,5,12,"US","Washington","Walla Walla County","N Fort Walla Walla City Park, Walla Walla","N Fort Walla Walla City Park, Walla Walla, Walla Walla Co., Washington","CRCM","Collector(s): unknown","http://arctos.database.museum/guid/CRCM:Mamm:25010"
4947677993,"CC_BY_NC_4_0","Urocitellus columbianus","PRESERVED_SPECIMEN",-118.343021,46.064581,4977,1983,5,4,"US","Washington","Walla Walla County","N Fort Walla Walla City Park, Walla Walla","N Fort Walla Walla City Park, Walla Walla, Walla Walla Co., Washington","CRCM","Collector(s): unknown","http://arctos.database.museum/guid/CRCM:Mamm:24978"
4947677970,"CC_BY_NC_4_0","Urocitellus columbianus","PRESERVED_SPECIMEN",-118.343021,46.064581,4977,1983,5,29,"US","Washington","Walla Walla County","N Fort Walla Walla City Park, Walla Walla","N Fort Walla Walla City Park, Walla Walla, Walla Walla Co., Washington","CRCM","Collector(s): unknown","http://arctos.database.museum/guid/CRCM:Mamm:25054"
4947677831,"CC_BY_NC_4_0","Urocitellus columbianus","PRESERVED_SPECIMEN",-120.795143,48.756888,210,1995,7,8,"US","Washington","Whatcom County","Deer Park at 5800 ft near head of Slate Creek, about 1.0 miles S of Slate Peak","Deer Park at 5800 ft near head of Slate Creek, about 1.0 miles S of Slate Peak, T37N R17E S1, Whatcom Co., Washington","CRCM","Collector(s): unknown","http://arctos.database.museum/guid/CRCM:Mamm:8357"
4947677829,"CC_BY_NC_4_0","Urocitellus columbianus","PRESERVED_SPECIMEN",-118.343021,46.064581,4977,1983,4,26,"US","Washington","Walla Walla County","N Fort Walla Walla City Park, Walla Walla","N Fort Walla Walla City Park, Walla Walla, Walla Walla Co., Washington","CRCM","Collector(s): unknown","http://arctos.database.museum/guid/CRCM:Mamm:24903"
4947677750,"CC_BY_NC_4_0","Urocitellus columbianus","PRESERVED_SPECIMEN",-117.454566,48.275992,16413,1992,6,22,"US","Washington","Pend Oreille County","12 mi E of Chewelah","12 mi E of Chewelah, T32N R42E Sec 14, Pend Oreille Co., Washington","CRCM","Collector(s): unknown","http://arctos.database.museum/guid/CRCM:Mamm:8403"
4947677591,"CC_BY_NC_4_0","Urocitellus columbianus","PRESERVED_SPECIMEN",-117.60269,46.474874,2996,1921,5,4,"US","Washington","Grant County","Pomeroy","Pomeroy, Washington","CRCM","Collector(s): unknown","http://arctos.database.museum/guid/CRCM:Mamm:6402"
4947677555,"CC_BY_NC_4_0","Urocitellus columbianus","PRESERVED_SPECIMEN",-118.343021,46.064581,4977,1983,5,3,"US","Washington","Walla Walla County","N Fort Walla Walla City Park, Walla Walla","N Fort Walla Walla City Park, Walla Walla, Walla Walla Co., Washington","CRCM","Collector(s): unknown","http://arctos.database.museum/guid/CRCM:Mamm:24967"
4947677428,"CC_BY_NC_4_0","Urocitellus columbianus","PRESERVED_SPECIMEN",-118.343021,46.064581,4977,1983,5,24,"US","Washington","Walla Walla County","N Fort Walla Walla City Park, Walla Walla","N Fort Walla Walla City Park, Walla Walla, Walla Walla Co., Washington","CRCM","Collector(s): unknown","http://arctos.database.museum/guid/CRCM:Mamm:25044"
4947677328,"CC_BY_NC_4_0","Urocitellus columbianus","PRESERVED_SPECIMEN",-118.585814,46.020281,3754,1983,4,15,"US","Washington","Walla Walla County","4 km S of Lowden","4 km S of Lowden, Walla Walla Co., Washington","CRCM","Collector(s): unknown","http://arctos.database.museum/guid/CRCM:Mamm:24867"
4947677084,"CC_BY_NC_4_0","Urocitellus columbianus","PRESERVED_SPECIMEN",-117.85,46.1,NA,2000,7,12,"US","Washington","Columbia County","FS Rd. 6437, Chase Mtn., 24 km SE Dayton","FS Rd. 6437, Chase Mtn., 24 km SE Dayton, 46 deg 06 min N, 117 deg 51 min W, elev. 1692 m, Columbia Co., Washington","CRCM","Collector(s): unknown","http://arctos.database.museum/guid/CRCM:Mamm:8498"
4947676992,"CC_BY_NC_4_0","Urocitellus columbianus","PRESERVED_SPECIMEN",-116.057814,45.037378,21926,1981,8,1,"US","Idaho","Valley County","Fisher Creek, 25 km S McCall","Fisher Creek, 25 km S McCall, Valley Co., Idaho","CRCM","Collector(s): unknown","http://arctos.database.museum/guid/CRCM:Mamm:6067"
4947676816,"CC_BY_NC_4_0","Urocitellus columbianus","PRESERVED_SPECIMEN",-116.868614,46.920119,90,1985,4,2,"US","Idaho","Latah County","Gold Creek Ranch, 1 mi E of Potlach on Hwy. 6","Gold Creek Ranch, 1 mi E of Potlach on Hwy. 6, Latah Co., Idaho","CRCM","Collector(s): unknown","http://arctos.database.museum/guid/CRCM:Mamm:8514"
4947676771,"CC_BY_NC_4_0","Urocitellus columbianus","PRESERVED_SPECIMEN",-118.343021,46.064581,4977,1983,5,3,"US","Washington","Walla Walla County","N Fort Walla Walla City Park, Walla Walla","N Fort Walla Walla City Park, Walla Walla, Walla Walla Co., Washington","CRCM","Collector(s): unknown","http://arctos.database.museum/guid/CRCM:Mamm:24968"
4947676738,"CC_BY_NC_4_0","Urocitellus columbianus","PRESERVED_SPECIMEN",-118.343021,46.064581,4977,1983,4,27,"US","Washington","Walla Walla County","N Fort Walla Walla City Park, Walla Walla","N Fort Walla Walla City Park, Walla Walla, Walla Walla Co., Washington","CRCM","Collector(s): unknown","http://arctos.database.museum/guid/CRCM:Mamm:24924"
4947676727,"CC_BY_NC_4_0","Urocitellus columbianus","PRESERVED_SPECIMEN",-118.343021,46.064581,4977,1983,4,30,"US","Washington","Walla Walla County","N Fort Walla Walla City Park, Walla Walla","N Fort Walla Walla City Park, Walla Walla, Walla Walla Co., Washington","CRCM","Collector(s): unknown","http://arctos.database.museum/guid/CRCM:Mamm:24947"
4947676690,"CC_BY_NC_4_0","Urocitellus columbianus","PRESERVED_SPECIMEN",-117.270805,46.928988,3318,1980,7,NA,"US","Washington","Whitman County","1 mi upstream from Albion, S. Fork Palouse River","1 mi upstream from Albion, S. Fork Palouse River, Whitman Co., Washington","CRCM","Collector(s): unknown","http://arctos.database.museum/guid/CRCM:Mamm:8434"
4947676499,"CC_BY_NC_4_0","Urocitellus columbianus","PRESERVED_SPECIMEN",-118.343021,46.064581,4977,1983,5,17,"US","Washington","Walla Walla County","N Fort Walla Walla City Park, Walla Walla","N Fort Walla Walla City Park, Walla Walla, Walla Walla Co., Washington","CRCM","Collector(s): unknown","http://arctos.database.museum/guid/CRCM:Mamm:25033"
4947676462,"CC_BY_NC_4_0","Urocitellus columbianus","PRESERVED_SPECIMEN",-118.603228,48.881317,2149,1995,7,5,"US","Washington","Ferry County","About 2.8 mi W, 0.5 mi N of Sherman Pass, North Fork O'Brien Creek, Kettle River Range","About 2.8 mi W, 0.5 mi N of Sherman Pass, North Fork O'Brien Creek at 4250 ft, T36N R34E S15, Kettle River Range, Ferry Co., Washington.","CRCM","Collector(s): unknown","http://arctos.database.museum/guid/CRCM:Mamm:8378"
4947676284,"CC_BY_NC_4_0","Urocitellus columbianus","PRESERVED_SPECIMEN",-117.179616,46.724036,6063,1950,4,19,"US","Washington","Whitman County","0.5 mi S Pullman","1/2 mi S Pullman, Whitman Co., Washington","CRCM","Collector(s): unknown","http://arctos.database.museum/guid/CRCM:Mamm:8467"
4947676250,"CC_BY_NC_4_0","Urocitellus columbianus","PRESERVED_SPECIMEN",-118.343021,46.064581,4977,1983,4,28,"US","Washington","Walla Walla County","N Fort Walla Walla City Park, Walla Walla","N Fort Walla Walla City Park, Walla Walla, Walla Walla Co., Washington","CRCM","Collector(s): unknown","http://arctos.database.museum/guid/CRCM:Mamm:24936"
4947676136,"CC_BY_NC_4_0","Urocitellus columbianus","PRESERVED_SPECIMEN",-118.343021,46.064581,4977,1983,4,26,"US","Washington","Walla Walla County","N Fort Walla Walla City Park, Walla Walla","N Fort Walla Walla City Park, Walla Walla, Walla Walla Co., Washington","CRCM","Collector(s): unknown","http://arctos.database.museum/guid/CRCM:Mamm:24914"
4947675967,"CC_BY_NC_4_0","Urocitellus columbianus","PRESERVED_SPECIMEN",-117.273998,48.532318,66268,1994,6,21,"US","Washington","Pend Oreille County","No specific locality recorded.","RUB Bar 18, T35N, R43E, S 1/2, SW 1/4 of sec. 7, T35N, R43E, N 1/2, NW 1/4, sec. 8, Pend Oreille Co., Washington","CRCM","Collector(s): unknown","http://arctos.database.museum/guid/CRCM:Mamm:22984"
4947675956,"CC_BY_NC_4_0","Urocitellus columbianus","PRESERVED_SPECIMEN",-117.164681,46.721037,7396,1940,3,12,"US","Washington","Whitman County","1 mi SE Pullman","1 mi SE Pullman, Whitman Co., Washington","CRCM","Collector(s): unknown","http://arctos.database.museum/guid/CRCM:Mamm:8399"
4947675953,"CC_BY_NC_4_0","Urocitellus columbianus","PRESERVED_SPECIMEN",-117.179616,46.731274,5639,1978,6,15,"US","Washington","Whitman County","Pullman","Pullman, elev. 2500 ft, Whitman Co., Washington","CRCM","Collector(s): unknown","http://arctos.database.museum/guid/CRCM:Mamm:5870"
4947675856,"CC_BY_NC_4_0","Urocitellus columbianus","PRESERVED_SPECIMEN",-116.868614,46.920119,90,1985,3,21,"US","Idaho","Latah County","Gold Creek Ranch, 1 mi E of Potlach on Hwy. 6","Gold Creek Ranch, 1 mi E of Potlach on Hwy. 6, Latah Co., Idaho","CRCM","Collector(s): unknown","http://arctos.database.museum/guid/CRCM:Mamm:6098"
4947675808,"CC_BY_NC_4_0","Urocitellus columbianus","PRESERVED_SPECIMEN",-118.585814,46.020281,3754,1983,4,15,"US","Washington","Walla Walla County","4 km S of Lowden","4 km S of Lowden, Walla Walla Co., Washington","CRCM","Collector(s): unknown","http://arctos.database.museum/guid/CRCM:Mamm:24868"
4947675797,"CC_BY_NC_4_0","Urocitellus columbianus","PRESERVED_SPECIMEN",-116.868614,46.920119,90,1985,4,1,"US","Idaho","Latah County","Gold Creek Ranch, 1 mi E of Potlach on Hwy. 6","Gold Creek Ranch, 1 mi E of Potlach on Hwy. 6, Latah Co., Idaho","CRCM","Collector(s): unknown","http://arctos.database.museum/guid/CRCM:Mamm:8567"
4947675702,"CC_BY_NC_4_0","Urocitellus columbianus","PRESERVED_SPECIMEN",-119.020099,44.264251,520,1979,6,19,"US","Oregon","Grant County","0.3 mi S of Windfall Spring","0.3 mi S of Windfall Spring, 5200 ft., Grant Co., Oregon","CRCM","Collector(s): unknown","http://arctos.database.museum/guid/CRCM:Mamm:8545"
4947675687,"CC_BY_NC_4_0","Urocitellus columbianus","PRESERVED_SPECIMEN",-117.220449,45.189043,1807,1981,7,22,"US","Oregon","Wallowa County","NNE face Petes Point","NNE face Petes Point, 8450 ft., Wallowa Co., Oregon","CRCM","Collector(s): unknown; Preparator(s): G. W. Reed","http://arctos.database.museum/guid/CRCM:Mamm:8535"
4947675600,"CC_BY_NC_4_0","Urocitellus columbianus","PRESERVED_SPECIMEN",-116.868614,46.920119,90,1985,4,4,"US","Idaho","Latah County","Gold Creek Ranch, 1 mi E of Potlach on Hwy. 6","Gold Creek Ranch, 1 mi E of Potlach on Hwy. 6, Latah Co., Idaho","CRCM","Collector(s): unknown","http://arctos.database.museum/guid/CRCM:Mamm:8603"
4947675574,"CC_BY_NC_4_0","Urocitellus columbianus","PRESERVED_SPECIMEN",-118.343021,46.064581,4977,1983,5,13,"US","Washington","Walla Walla County","N Fort Walla Walla City Park, Walla Walla","N Fort Walla Walla City Park, Walla Walla, Walla Walla Co., Washington","CRCM","Collector(s): unknown","http://arctos.database.museum/guid/CRCM:Mamm:20013"
4947675527,"CC_BY_NC_4_0","Urocitellus columbianus","PRESERVED_SPECIMEN",-117.179616,46.731274,5639,1978,6,3,"US","Washington","Whitman County","Pullman","Pullman, elev. 2500 ft, Whitman Co., Washington","CRCM","Collector(s): unknown","http://arctos.database.museum/guid/CRCM:Mamm:5617"
4947675495,"CC_BY_NC_4_0","Urocitellus columbianus","PRESERVED_SPECIMEN",-117.179616,46.731274,5639,1978,6,8,"US","Washington","Whitman County","Pullman","Pullman, elev. 2500 ft, Whitman Co., Washington","CRCM","Collector(s): unknown","http://arctos.database.museum/guid/CRCM:Mamm:8445"
4947675475,"CC_BY_NC_4_0","Urocitellus columbianus","PRESERVED_SPECIMEN",-117.270805,46.928988,3318,1980,7,NA,"US","Washington","Whitman County","1 mi upstream from Albion, S. Fork Palouse River","1 mi upstream from Albion, S. Fork Snake River, elev. 2100 ft, Whitman Co., Washington","CRCM","Collector(s): unknown","http://arctos.database.museum/guid/CRCM:Mamm:8435"
4947675472,"CC_BY_NC_4_0","Urocitellus columbianus","PRESERVED_SPECIMEN",-117.7167,45.4,301,1938,7,12,"US","Oregon","Union County","Clarks Creek Guard Station, Elgin","Clarks Creek Guard Station, Elgin, Oregon","CRCM","Collector(s): unknown","http://arctos.database.museum/guid/CRCM:Mamm:8513"
4947675442,"CC_BY_NC_4_0","Urocitellus columbianus","PRESERVED_SPECIMEN",-118.603228,48.881317,2149,1995,7,5,"US","Washington","Ferry County","About 2.8 mi W, 0.5 mi N of Sherman Pass, North Fork O'Brien Creek, Kettle River Range","About 2.8 mi W, 0.5 mi N of Sherman Pass, North Fork O'Brien Creek at 4250 ft, T36N R34E S15, Kettle River Range, Ferry Co., Washington.","CRCM","Collector(s): unknown","http://arctos.database.museum/guid/CRCM:Mamm:8377"
4947675293,"CC_BY_NC_4_0","Urocitellus columbianus","PRESERVED_SPECIMEN",-94.699185,41.028984,28875,1950,8,20,"US","Iowa","Adams County","N side Smith Mt., Seven Devils Mts","Seven Devils Mountains, north side Smith Mtn., Adams Co., Idaho","CRCM","Collector(s): unknown","http://arctos.database.museum/guid/CRCM:Mamm:8613"
4947675280,"CC_BY_NC_4_0","Urocitellus columbianus","PRESERVED_SPECIMEN",-115.227952,46.255622,587,1974,8,11,"US","Idaho","Idaho County","Seven Lakes, lower camp","Seven Lakes, lower camp, Idaho Co., Idaho","CRCM","Collector(s): unknown","http://arctos.database.museum/guid/CRCM:Mamm:8488"
4947675219,"CC_BY_NC_4_0","Urocitellus columbianus","PRESERVED_SPECIMEN",-117.016667,45.133333,NA,2000,7,15,"US","Oregon","Wallowa County","FR 3925 off Route 39, 22 km E Sentinel Peak","FR 3925 off Route 39, 22 km E Sentinel Peak, 45""8' N, 117""1' W, 1771 m., Wallowa Co., Oregon","CRCM","Collector(s): unknown","http://arctos.database.museum/guid/CRCM:Mamm:9827"
4947675194,"CC_BY_NC_4_0","Urocitellus columbianus","PRESERVED_SPECIMEN",-113.895901,45.682583,44873,1977,5,22,"US","Idaho","Lemhi County","35 mi N of Salmon","35 mi N of Salmon, 5400 ft., Lemhi Co., Idaho","CRCM","Collector(s): unknown","http://arctos.database.museum/guid/CRCM:Mamm:8588"
4947675174,"CC_BY_NC_4_0","Urocitellus columbianus","PRESERVED_SPECIMEN",-118.343021,46.064581,4977,1983,5,1,"US","Washington","Walla Walla County","N Fort Walla Walla City Park, Walla Walla","N Fort Walla Walla City Park, Walla Walla, Walla Walla Co., Washington","CRCM","Collector(s): unknown","http://arctos.database.museum/guid/CRCM:Mamm:24957"
4947675083,"CC_BY_NC_4_0","Urocitellus columbianus","PRESERVED_SPECIMEN",-118.343021,46.064581,4977,1983,4,24,"US","Washington","Walla Walla County","N Fort Walla Walla City Park, Walla Walla","N Fort Walla Walla City Park, Walla Walla, Walla Walla Co., Washington","CRCM","Collector(s): unknown","http://arctos.database.museum/guid/CRCM:Mamm:24889"
4947674922,"CC_BY_NC_4_0","Urocitellus columbianus","PRESERVED_SPECIMEN",-118.343021,46.064581,4977,1983,4,29,"US","Washington","Walla Walla County","N Fort Walla Walla City Park, Walla Walla","N Fort Walla Walla City Park, Walla Walla, Walla Walla Co., Washington","CRCM","Collector(s): unknown","http://arctos.database.museum/guid/CRCM:Mamm:24946"
4947674920,"CC_BY_NC_4_0","Urocitellus columbianus","PRESERVED_SPECIMEN",-113.35,48.3167,301,1958,6,20,"US","Montana","Glacier County","Marias Pass","Marias Pass, Glacier Co., Montana","CRCM","Collector(s): unknown","http://arctos.database.museum/guid/CRCM:Mamm:5749"
4947674900,"CC_BY_NC_4_0","Urocitellus columbianus","PRESERVED_SPECIMEN",-115.467475,45.844189,143960,1954,8,16,"US","Idaho","Idaho County","Elk Mtn","Elk Mtn., Idaho Co., Idaho","CRCM","Collector(s): unknown","http://arctos.database.museum/guid/CRCM:Mamm:6056"
4947674838,"CC_BY_NC_4_0","Urocitellus columbianus","PRESERVED_SPECIMEN",-117.273998,48.532318,66268,1992,6,15,"US","Washington","Pend Oreille County","Salmo Mt","Salmo Mt, T40N R45E Sec 6, 6800 ft, Pend Oreille Co, Washington","CRCM","Collector(s): unknown","http://arctos.database.museum/guid/CRCM:Mamm:8413"
4947674831,"CC_BY_NC_4_0","Urocitellus columbianus","PRESERVED_SPECIMEN",-118.343021,46.064581,4977,1983,5,12,"US","Washington","Walla Walla County","N Fort Walla Walla City Park, Walla Walla","N Fort Walla Walla City Park, Walla Walla, Walla Walla Co., Washington","CRCM","Collector(s): unknown","http://arctos.database.museum/guid/CRCM:Mamm:25011"
4947674788,"CC_BY_NC_4_0","Urocitellus columbianus","PRESERVED_SPECIMEN",-118.343021,46.064581,4977,1983,5,9,"US","Washington","Walla Walla County","N Fort Walla Walla City Park, Walla Walla","N Fort Walla Walla City Park, Walla Walla, Walla Walla Co., Washington","CRCM","Collector(s): unknown","http://arctos.database.museum/guid/CRCM:Mamm:25000"
4947674691,"CC_BY_NC_4_0","Urocitellus columbianus","PRESERVED_SPECIMEN",-116.868614,46.920119,90,1985,4,5,"US","Idaho","Latah County","Gold Creek Ranch, 1 mi E of Potlach on Hwy. 6","Gold Creek Ranch, 1 mi E of Potlach on Hwy. 6, Latah Co., Idaho","CRCM","Collector(s): unknown","http://arctos.database.museum/guid/CRCM:Mamm:8556"
4947674500,"CC_BY_NC_4_0","Urocitellus columbianus","PRESERVED_SPECIMEN",-118.343021,46.064581,4977,1983,5,7,"US","Washington","Walla Walla County","N Fort Walla Walla City Park, Walla Walla","N Fort Walla Walla City Park, Walla Walla, Walla Walla Co., Washington","CRCM","Collector(s): unknown","http://arctos.database.museum/guid/CRCM:Mamm:24989"
4947674343,"CC_BY_NC_4_0","Urocitellus columbianus","PRESERVED_SPECIMEN",-118.585814,46.020281,3754,1983,4,11,"US","Washington","Walla Walla County","4 km S of Lowden","4 km S of Lowden, Walla Walla Co., Washington","CRCM","Collector(s): unknown","http://arctos.database.museum/guid/CRCM:Mamm:24857"
4947674296,"CC_BY_NC_4_0","Urocitellus columbianus","PRESERVED_SPECIMEN",-118.000722,48.961956,1099,1982,7,14,"US","Washington","Stevens County","0.7 mi W, 0.8 mi N of Elbow Lake Campground","0.7 mi W, 0.8 mi N Elbow Lake Campground, Stevens Co., Washington","CRCM","Collector(s): unknown","http://arctos.database.museum/guid/CRCM:Mamm:8388"
4947674267,"CC_BY_NC_4_0","Urocitellus columbianus","PRESERVED_SPECIMEN",-118.960097,45.286183,13207,1979,6,20,"US","Oregon","Umatilla County","Battle Mountain State Park, 6.3 mi W, 13.6 mi S of Pilot Rock","Battle Mountain State Park, 6.3 mi W, 13.6 mi S of Pilot Rock, 4000 ft., Umatilla Co., Oregon","CRCM","Collector(s): unknown","http://arctos.database.museum/guid/CRCM:Mamm:8524"
4947674256,"CC_BY_NC_4_0","Urocitellus columbianus","PRESERVED_SPECIMEN",-115.700964,45.620458,1807,1954,8,20,"US","Idaho","Idaho County","Buffalo Hump","Buffalo Hump, Idaho Co., Idaho","CRCM","Collector(s): unknown","http://arctos.database.museum/guid/CRCM:Mamm:6145"
4947674248,"CC_BY_NC_4_0","Urocitellus columbianus","PRESERVED_SPECIMEN",-117.310778,48.940491,5425,1982,7,12,"US","Washington","Pend Oreille County","5.3 mi N, 2.8 mi E of Metaline Falls, Lower Slate Crk Rd","T40N R43E S25, 5.3 mi N, 2.8 mi E of Metaline Falls, Lower Slate Crk Rd, Pend Oreille Co, Washington","CRCM","Collector(s): unknown","http://arctos.database.museum/guid/CRCM:Mamm:8424"
4947674196,"CC_BY_NC_4_0","Urocitellus columbianus","PRESERVED_SPECIMEN",-117.454566,48.275992,16413,1992,6,22,"US","Washington","Pend Oreille County","12 mi E of Chewelah","12 mi E of Chewelah, T32N R42E Sec 14, Pend Oreille Co., Washington","CRCM","Collector(s): unknown","http://arctos.database.museum/guid/CRCM:Mamm:5827"
4947674158,"CC_BY_NC_4_0","Urocitellus columbianus","PRESERVED_SPECIMEN",-118.343021,46.064581,4977,1983,5,21,"US","Washington","Walla Walla County","N Fort Walla Walla City Park, Walla Walla","N Fort Walla Walla City Park, Walla Walla, Walla Walla Co., Washington","CRCM","Collector(s): unknown","http://arctos.database.museum/guid/CRCM:Mamm:25043"
4947674125,"CC_BY_NC_4_0","Urocitellus columbianus","PRESERVED_SPECIMEN",-112.366667,45.916667,NA,2000,7,4,"US","Montana","Jefferson County","10 mi SE of Butte","10 mi SE Butte, 45""55' N, 112""22' W, 6180 ft., Jefferson Co., Montana","CRCM","Collector(s): unknown","http://arctos.database.museum/guid/CRCM:Mamm:9848"
4947674035,"CC_BY_NC_4_0","Urocitellus columbianus","PRESERVED_SPECIMEN",-117.179616,46.731274,5639,1978,7,4,"US","Washington","Whitman County","Pullman","Pullman, elev. 2500 ft, Whitman Co., Washington","CRCM","Collector(s): unknown","http://arctos.database.museum/guid/CRCM:Mamm:8456"
4947673999,"CC_BY_NC_4_0","Urocitellus columbianus","PRESERVED_SPECIMEN",-117.179616,46.731274,5639,1978,7,5,"US","Washington","Whitman County","Pullman","Pullman, elev. 2500 ft, Whitman Co., Washington","CRCM","Collector(s): unknown","http://arctos.database.museum/guid/CRCM:Mamm:8459"
4947673888,"CC_BY_NC_4_0","Urocitellus columbianus","PRESERVED_SPECIMEN",-118.343021,46.064581,4977,1983,4,27,"US","Washington","Walla Walla County","N Fort Walla Walla City Park, Walla Walla","N Fort Walla Walla City Park, Walla Walla, Walla Walla Co., Washington","CRCM","Collector(s): unknown","http://arctos.database.museum/guid/CRCM:Mamm:24918"
4947673749,"CC_BY_NC_4_0","Urocitellus columbianus","PRESERVED_SPECIMEN",-117.209486,46.751744,7594,1931,3,23,"US","Washington","Whitman County","2 mi NW Pullman","2 mi NW Pullman, Whitman Co., Washington","CRCM","Collector(s): unknown","http://arctos.database.museum/guid/CRCM:Mamm:8366"
4947673724,"CC_BY_NC_4_0","Urocitellus columbianus","PRESERVED_SPECIMEN",-117.310778,48.940491,5425,1982,7,12,"US","Washington","Pend Oreille County","5.3 mi N, 2.8 mi E of Metaline Falls, Lower Slate Crk Rd","T40N R43E S25, 5.3 mi N, 2.8 mi E of Metaline Falls, Lower Slate Crk Rd, Pend Oreille Co, Washington","CRCM","Collector(s): unknown","http://arctos.database.museum/guid/CRCM:Mamm:8425"
4947673670,"CC_BY_NC_4_0","Urocitellus columbianus","PRESERVED_SPECIMEN",-118.343021,46.064581,4977,1983,5,9,"US","Washington","Walla Walla County","N Fort Walla Walla City Park, Walla Walla","N Fort Walla Walla City Park, Walla Walla, Walla Walla Co., Washington","CRCM","Collector(s): unknown","http://arctos.database.museum/guid/CRCM:Mamm:25001"
4947673542,"CC_BY_NC_4_0","Urocitellus columbianus","PRESERVED_SPECIMEN",-117.200518,48.891314,301,1992,6,17,"US","Washington","Pend Oreille County","Crowell Ridge Trail","Crowell Ridge Trail, T40N R45E Sec 31, Pend Oreille Co., Washington","CRCM","Collector(s): unknown","http://arctos.database.museum/guid/CRCM:Mamm:8422"
4947673393,"CC_BY_NC_4_0","Urocitellus columbianus","PRESERVED_SPECIMEN",-117.179616,46.731274,5639,1978,6,15,"US","Washington","Whitman County","Pullman","Pullman, elev. 2500 ft, Whitman Co., Washington","CRCM","Collector(s): unknown","http://arctos.database.museum/guid/CRCM:Mamm:8453"
4947673364,"CC_BY_NC_4_0","Urocitellus columbianus","PRESERVED_SPECIMEN",-118.343021,46.064581,4977,1983,5,4,"US","Washington","Walla Walla County","N Fort Walla Walla City Park, Walla Walla","N Fort Walla Walla City Park, Walla Walla, Walla Walla Co., Washington","CRCM","Collector(s): unknown","http://arctos.database.museum/guid/CRCM:Mamm:24980"
4947673312,"CC_BY_NC_4_0","Urocitellus columbianus","PRESERVED_SPECIMEN",-118.272782,48.819945,2950,1981,6,13,"US","Washington","Ferry County","4.5 mi SW Orient","4.5 mi SW Orient, 4300 ft, Ferry Co., Washington","CRCM","Collector(s): unknown","http://arctos.database.museum/guid/CRCM:Mamm:8363"
4947673300,"CC_BY_NC_4_0","Urocitellus columbianus","PRESERVED_SPECIMEN",-118.343021,46.064581,4977,1983,4,26,"US","Washington","Walla Walla County","N Fort Walla Walla City Park, Walla Walla","N Fort Walla Walla City Park, Walla Walla, Walla Walla Co., Washington","CRCM","Collector(s): unknown","http://arctos.database.museum/guid/CRCM:Mamm:24915"
4947673299,"CC_BY_NC_4_0","Urocitellus columbianus","PRESERVED_SPECIMEN",-117.179616,46.731274,5639,1898,5,25,"US","Washington","Whitman County","Pullman","Pullman, Whitman Co., Washington","CRCM","Collector(s): unknown","http://arctos.database.museum/guid/CRCM:Mamm:5842"
4947673262,"CC_BY_NC_4_0","Urocitellus columbianus","PRESERVED_SPECIMEN",-118.343021,46.064581,4977,1983,4,25,"US","Washington","Walla Walla County","N Fort Walla Walla City Park, Walla Walla","N Fort Walla Walla City Park, Walla Walla, Walla Walla Co., Washington","CRCM","Collector(s): unknown","http://arctos.database.museum/guid/CRCM:Mamm:24890"
4947672973,"CC_BY_NC_4_0","Urocitellus columbianus","PRESERVED_SPECIMEN",-118.343021,46.064581,4977,1983,5,17,"US","Washington","Walla Walla County","N Fort Walla Walla City Park, Walla Walla","N Fort Walla Walla City Park, Walla Walla, Walla Walla Co., Washington","CRCM","Collector(s): unknown","http://arctos.database.museum/guid/CRCM:Mamm:25032"
4947672959,"CC_BY_NC_4_0","Urocitellus columbianus","PRESERVED_SPECIMEN",-118.958756,48.772013,3711,1995,7,6,"US","Washington","Okanogan County","3.2 mi N, 2.5 mi E of Wauconda","3.2 mi N, 2.5 mi E of Wauconda, 3550 ft, T38N R30E S24, Okanogan Co., Washington","CRCM","Collector(s): unknown","http://arctos.database.museum/guid/CRCM:Mamm:8369"
4947672878,"CC_BY_NC_4_0","Urocitellus columbianus","PRESERVED_SPECIMEN",-116.868614,46.920119,90,1985,4,1,"US","Idaho","Latah County","Gold Creek Ranch, 1 mi E of Potlach on Hwy. 6","Gold Creek Ranch, 1 mi E of Potlach on Hwy. 6, Latah Co., Idaho","CRCM","Collector(s): unknown","http://arctos.database.museum/guid/CRCM:Mamm:8577"
4947672721,"CC_BY_NC_4_0","Urocitellus columbianus","PRESERVED_SPECIMEN",-117.345958,46.082045,301,1995,6,27,"US","Washington","Asotin County","Cougar Creek Drainage, Blue Mountains","Cougar Creek Drainage, elev 3150 ft, T7N R44E Sec 19, Blue Mtns., Asotin Co., Washington","CRCM","Collector(s): unknown","http://arctos.database.museum/guid/CRCM:Mamm:8518"
4947672680,"CC_BY_NC_4_0","Urocitellus columbianus","PRESERVED_SPECIMEN",-119.451762,47.205665,98242,1992,7,3,"US","Washington","Grant County","Iron Spring","Iron Spring, T9N R42E Sec 1, Garfield Co., Washington","CRCM","Collector(s): unknown","http://arctos.database.museum/guid/CRCM:Mamm:8499"
4947672625,"CC_BY_NC_4_0","Urocitellus columbianus","PRESERVED_SPECIMEN",-118.585814,46.020281,3754,1983,4,9,"US","Washington","Walla Walla County","4 km S of Lowden","4 km S of Lowden, Walla Walla Co., Washington","CRCM","Collector(s): unknown","http://arctos.database.museum/guid/CRCM:Mamm:24856"
4947672553,"CC_BY_NC_4_0","Urocitellus columbianus","PRESERVED_SPECIMEN",-117.000165,46.709225,4817,1977,5,14,"US","Idaho","Latah County","5.3 mi W, 1.6 mi S of summit of Moscow Mtn","5.3 mi W, 1.6 mi S of summit of Moscow Mtn., 2680 ft., Latah Co., Idaho","CRCM","Collector(s): unknown","http://arctos.database.museum/guid/CRCM:Mamm:8515"
4947672539,"CC_BY_NC_4_0","Urocitellus columbianus","PRESERVED_SPECIMEN",-117.273998,48.532318,66268,1994,6,29,"US","Washington","Pend Oreille County","No specific locality recorded.","RUB Bar 18, T35N, R43E, S 1/2, SW 1/4 of sec. 7, T35N, R43E, N 1/2, NW 1/4, sec. 8, Pend Oreille Co., Washington","CRCM","Collector(s): unknown","http://arctos.database.museum/guid/CRCM:Mamm:22987"
4947672458,"CC_BY_NC_4_0","Urocitellus columbianus","PRESERVED_SPECIMEN",-116.055359,44.941718,6903,1949,7,25,"US","Idaho","Valley County","W Shore of Little Payette Lake, 3 mi NE of McCall","W Shore of Little Payette Lake, 3 mi NE of McCall, Valley Co., Idaho","CRCM","Collector(s): Malcolm T. Jollie; Preparator(s): Malcolm T. Jollie","http://arctos.database.museum/guid/CRCM:Mamm:5197"
4947672391,"CC_BY_NC_4_0","Urocitellus columbianus","PRESERVED_SPECIMEN",-116.868614,46.920119,90,1985,3,27,"US","Idaho","Latah County","Gold Creek Ranch, 1 mi E of Potlach on Hwy. 6","Gold Creek Ranch, 1 mi E of Potlach on Hwy. 6, Latah Co., Idaho","CRCM","Collector(s): unknown","http://arctos.database.museum/guid/CRCM:Mamm:8574"
4947672289,"CC_BY_NC_4_0","Urocitellus columbianus","PRESERVED_SPECIMEN",-117.502458,48.43685,1807,1995,7,4,"US","Washington","Stevens County","Calispell Peak, Selkirk Mtns","Calispell Peak at 6700 ft, Selkirk Mtns, T34N R42E Sec 21, Stevens Co., Washington","CRCM","Collector(s): unknown","http://arctos.database.museum/guid/CRCM:Mamm:8394"
4947672265,"CC_BY_NC_4_0","Urocitellus columbianus","PRESERVED_SPECIMEN",-118.343021,46.064581,4977,1983,4,25,"US","Washington","Walla Walla County","N Fort Walla Walla City Park, Walla Walla","N Fort Walla Walla City Park, Walla Walla, Walla Walla Co., Washington","CRCM","Collector(s): unknown","http://arctos.database.museum/guid/CRCM:Mamm:24899"
4947672233,"CC_BY_NC_4_0","Urocitellus columbianus","PRESERVED_SPECIMEN",-117.138235,46.734078,3144,1977,5,8,"US","Washington","Whitman County","2 mi W, 1 mi N of Sunshine, elev. 2580 ft","2 mi W, 1 mi N of Sunshine, elev. 2580 ft, Whitman Co., Washington","CRCM","Collector(s): unknown","http://arctos.database.museum/guid/CRCM:Mamm:8481"
4947672205,"CC_BY_NC_4_0","Urocitellus columbianus","PRESERVED_SPECIMEN",-117.179616,46.731274,5639,1978,6,13,"US","Washington","Whitman County","Pullman","Pullman, elev. 2500 ft, Whitman Co., Washington","CRCM","Collector(s): unknown","http://arctos.database.museum/guid/CRCM:Mamm:8450"
4947672112,"CC_BY_NC_4_0","Urocitellus columbianus","PRESERVED_SPECIMEN",-118.585814,46.020281,3754,1983,4,11,"US","Washington","Walla Walla County","4 km S of Lowden","4 km S of Lowden, Walla Walla Co., Washington","CRCM","Collector(s): unknown","http://arctos.database.museum/guid/CRCM:Mamm:24859"
4947671950,"CC_BY_NC_4_0","Urocitellus columbianus","PRESERVED_SPECIMEN",-117.379346,46.636548,301,1935,5,5,"US","Washington","Whitman County","Wawawai","Wawawai, Whitman Co., Washington","CRCM","Collector(s): unknown","http://arctos.database.museum/guid/CRCM:Mamm:8397"
4947671938,"CC_BY_NC_4_0","Urocitellus columbianus","PRESERVED_SPECIMEN",-118.343021,46.064581,4977,1983,5,4,"US","Washington","Walla Walla County","N Fort Walla Walla City Park, Walla Walla","N Fort Walla Walla City Park, Walla Walla, Walla Walla Co., Washington","CRCM","Collector(s): unknown","http://arctos.database.museum/guid/CRCM:Mamm:24983"
4947671918,"CC_BY_NC_4_0","Urocitellus columbianus","PRESERVED_SPECIMEN",-118.343021,46.064581,4977,1983,4,29,"US","Washington","Walla Walla County","N Fort Walla Walla City Park, Walla Walla","N Fort Walla Walla City Park, Walla Walla, Walla Walla Co., Washington","CRCM","Collector(s): unknown","http://arctos.database.museum/guid/CRCM:Mamm:24943"
4947671871,"CC_BY_NC_4_0","Urocitellus columbianus","PRESERVED_SPECIMEN",-118.343021,46.064581,4977,1983,4,26,"US","Washington","Walla Walla County","N Fort Walla Walla City Park, Walla Walla","N Fort Walla Walla City Park, Walla Walla, Walla Walla Co., Washington","CRCM","Collector(s): unknown","http://arctos.database.museum/guid/CRCM:Mamm:24896"
4947671852,"CC_BY_NC_4_0","Urocitellus columbianus","PRESERVED_SPECIMEN",-119.020099,44.246872,1957,1979,6,19,"US","Oregon","Grant County","1.5 mi S of Windfall Spring","1.5 mi S of Windfall Spring, 5000 ft., Grant Co., Oregon","CRCM","Collector(s): unknown","http://arctos.database.museum/guid/CRCM:Mamm:8546"
4947671845,"CC_BY_NC_4_0","Urocitellus columbianus","PRESERVED_SPECIMEN",-118.343021,46.064581,4977,1983,4,24,"US","Washington","Walla Walla County","N Fort Walla Walla City Park, Walla Walla","N Fort Walla Walla City Park, Walla Walla, Walla Walla Co., Washington","CRCM","Collector(s): unknown","http://arctos.database.museum/guid/CRCM:Mamm:24887"
4947671686,"CC_BY_NC_4_0","Urocitellus columbianus","PRESERVED_SPECIMEN",-118.343021,46.064581,4977,1983,4,29,"US","Washington","Walla Walla County","N Fort Walla Walla City Park, Walla Walla","N Fort Walla Walla City Park, Walla Walla, Walla Walla Co., Washington","CRCM","Collector(s): unknown","http://arctos.database.museum/guid/CRCM:Mamm:24940"
4947671670,"CC_BY_NC_4_0","Urocitellus columbianus","PRESERVED_SPECIMEN",-118.343021,46.064581,4977,1983,5,4,"US","Washington","Walla Walla County","N Fort Walla Walla City Park, Walla Walla","N Fort Walla Walla City Park, Walla Walla, Walla Walla Co., Washington","CRCM","Collector(s): unknown","http://arctos.database.museum/guid/CRCM:Mamm:24977"
4947671596,"CC_BY_NC_4_0","Urocitellus columbianus","PRESERVED_SPECIMEN",-120.1333,44.35,301,1979,6,19,"US","Oregon","Grant County","meadow below U.S. Forest Service Road 1409c, Aldrich Mtns","meadow below U.S. Forest Service Road 1409c, Aldrich Mtns., 4900 ft., Grant Co., Oregon","CRCM","Collector(s): unknown","http://arctos.database.museum/guid/CRCM:Mamm:5014"
4947671506,"CC_BY_NC_4_0","Urocitellus columbianus","PRESERVED_SPECIMEN",-118.343021,46.064581,4977,1983,5,1,"US","Washington","Walla Walla County","N Fort Walla Walla City Park, Walla Walla","N Fort Walla Walla City Park, Walla Walla, Walla Walla Co., Washington","CRCM","Collector(s): unknown","http://arctos.database.museum/guid/CRCM:Mamm:24955"
4947671489,"CC_BY_NC_4_0","Urocitellus columbianus","PRESERVED_SPECIMEN",-117.508358,46.124375,2077,1977,6,25,"US","Washington","Grant County","0.3 mi E, 0.1 mi N of Mt. Misery","0.3 mi E, 0.1 mi N Mt. Misery, elev. 6200 ft, Garfield Co., Washington","CRCM","Collector(s): unknown","http://arctos.database.museum/guid/CRCM:Mamm:8509"
4947671277,"CC_BY_NC_4_0","Urocitellus columbianus","PRESERVED_SPECIMEN",-116.868614,46.920119,90,1985,3,22,"US","Idaho","Latah County","Gold Creek Ranch, 1 mi E of Potlach on Hwy. 6","Gold Creek Ranch, 1 mi E of Potlach on Hwy. 6, Latah Co., Idaho","CRCM","Collector(s): unknown","http://arctos.database.museum/guid/CRCM:Mamm:8571"
4947671228,"CC_BY_NC_4_0","Urocitellus columbianus","PRESERVED_SPECIMEN",-118.585814,46.020281,3754,1983,3,20,"US","Washington","Walla Walla County","4 km S of Lowden","4 km S of Lowden, Walla Walla Co., Washington","CRCM","Collector(s): unknown","http://arctos.database.museum/guid/CRCM:Mamm:24850"
4947671081,"CC_BY_NC_4_0","Urocitellus columbianus","PRESERVED_SPECIMEN",-107.1833,45.8333,301,1993,6,29,"US","Montana","Lake County","Point Pleasant Creek","T24N, R17W, sec 19, elev 3210 ft, Point Pleasant Creek, Lake Co., Montana","CRCM","Collector(s): unknown","http://arctos.database.museum/guid/CRCM:Mamm:24490"
4947670995,"CC_BY_NC_4_0","Urocitellus columbianus","PRESERVED_SPECIMEN",-118.343021,46.064581,4977,1983,4,26,"US","Washington","Walla Walla County","N Fort Walla Walla City Park, Walla Walla","N Fort Walla Walla City Park, Walla Walla, Walla Walla Co., Washington","CRCM","Collector(s): unknown","http://arctos.database.museum/guid/CRCM:Mamm:24912"
4947670958,"CC_BY_NC_4_0","Urocitellus columbianus","PRESERVED_SPECIMEN",-124.294636,47.577581,301,1957,6,9,"US","Washington","Grant County","Clearwater Guard Station","Clearwater Gd. St. [Guard Station], Garfield Co., Washington","CRCM","Collector(s): unknown","http://arctos.database.museum/guid/CRCM:Mamm:8490"
4947670951,"CC_BY_NC_4_0","Urocitellus columbianus","PRESERVED_SPECIMEN",-118.343021,46.064581,4977,1983,4,27,"US","Washington","Walla Walla County","N Fort Walla Walla City Park, Walla Walla","N Fort Walla Walla City Park, Walla Walla, Walla Walla Co., Washington","CRCM","Collector(s): unknown","http://arctos.database.museum/guid/CRCM:Mamm:24921"
4947670853,"CC_BY_NC_4_0","Urocitellus columbianus","PRESERVED_SPECIMEN",-117.478236,46.135529,3486,1992,7,3,"US","Washington","Grant County","2 mi W of Wickiup Spring","2 mi W of Wickiup Spring, T8N R43E Sec 31, Garfield Co., Washington","CRCM","Collector(s): unknown","http://arctos.database.museum/guid/CRCM:Mamm:8484"
4947670830,"CC_BY_NC_4_0","Urocitellus columbianus","PRESERVED_SPECIMEN",-118.343021,46.064581,4977,1983,5,1,"US","Washington","Walla Walla County","N Fort Walla Walla City Park, Walla Walla","N Fort Walla Walla City Park, Walla Walla, Walla Walla Co., Washington","CRCM","Collector(s): unknown","http://arctos.database.museum/guid/CRCM:Mamm:24958"
4947670709,"CC_BY_NC_4_0","Urocitellus columbianus","PRESERVED_SPECIMEN",-117.179616,46.731274,5639,1978,7,12,"US","Washington","Whitman County","Pullman","Pullman, elev. 2500 ft, Whitman Co., Washington","CRCM","Collector(s): unknown","http://arctos.database.museum/guid/CRCM:Mamm:8465"
4947670606,"CC_BY_NC_4_0","Urocitellus columbianus","PRESERVED_SPECIMEN",-117.190176,46.731274,6063,1973,3,16,"US","Washington","Whitman County","0.5 mi W Pullman","0.5 mi W Pullman, Whitman Co., Washington","CRCM","Collector(s): unknown","http://arctos.database.museum/guid/CRCM:Mamm:5488"
4947670573,"CC_BY_NC_4_0","Urocitellus columbianus","PRESERVED_SPECIMEN",-118.343021,46.064581,4977,1983,5,4,"US","Washington","Walla Walla County","N Fort Walla Walla City Park, Walla Walla","N Fort Walla Walla City Park, Walla Walla, Walla Walla Co., Washington","CRCM","Collector(s): unknown","http://arctos.database.museum/guid/CRCM:Mamm:24893"
4947670539,"CC_BY_NC_4_0","Urocitellus columbianus","PRESERVED_SPECIMEN",-115.5833,44.7167,301,1950,7,25,"US","Idaho","Blaine County","Park Creek Campground","Park Creek Campground, Blaine Co., Idaho","CRCM","Collector(s): unknown","http://arctos.database.museum/guid/CRCM:Mamm:8589"
4947670466,"CC_BY_NC_4_0","Urocitellus columbianus","PRESERVED_SPECIMEN",-117.087663,46.561045,2810,1964,6,22,"US","Washington","Whitman County","1 1/2 mi N Uniontown","1 1/2 mi N Uniontown, Whitman Co., Washington","CRCM","Collector(s): unknown","http://arctos.database.museum/guid/CRCM:Mamm:5526"
4947670427,"CC_BY_NC_4_0","Urocitellus columbianus","PRESERVED_SPECIMEN",-117.130235,48.810201,1807,1992,6,16,"US","Washington","Pend Oreille County","Round Top Mountain","Roundtop Mt, T38N R45E Sec 8, 6400 ft, Pend Oreille Co, Washington","CRCM","Collector(s): unknown","http://arctos.database.museum/guid/CRCM:Mamm:8428"
4947670249,"CC_BY_NC_4_0","Urocitellus columbianus","PRESERVED_SPECIMEN",-118.97474,48.85236,587,1995,7,7,"US","Washington","Okanogan County","Northeast shore of Lower Beaver Lake","Northeast shore of Lower Beaver Lake at 2700 ft, T39N R31E S30, Okanogan Co., Washington","CRCM","Collector(s): unknown","http://arctos.database.museum/guid/CRCM:Mamm:8360"
4947670126,"CC_BY_NC_4_0","Urocitellus columbianus","PRESERVED_SPECIMEN",-118.343021,46.064581,4977,1983,5,3,"US","Washington","Walla Walla County","N Fort Walla Walla City Park, Walla Walla","N Fort Walla Walla City Park, Walla Walla, Walla Walla Co., Washington","CRCM","Collector(s): unknown","http://arctos.database.museum/guid/CRCM:Mamm:24974"
4947670061,"CC_BY_NC_4_0","Urocitellus columbianus","PRESERVED_SPECIMEN",-117.179616,46.731274,5639,1978,6,8,"US","Washington","Whitman County","Pullman","Pullman, elev. 2500 ft, Whitman Co., Washington","CRCM","Collector(s): unknown","http://arctos.database.museum/guid/CRCM:Mamm:8444"
4947669990,"CC_BY_NC_4_0","Urocitellus columbianus","PRESERVED_SPECIMEN",-116.868614,46.920119,90,1985,3,25,"US","Idaho","Latah County","Gold Creek Ranch, 1 mi E of Potlach on Hwy. 6","Gold Creek Ranch, 1 mi E of Potlach on Hwy. 6, Latah Co., Idaho","CRCM","Collector(s): unknown","http://arctos.database.museum/guid/CRCM:Mamm:8555"
4947669972,"CC_BY_NC_4_0","Urocitellus columbianus","PRESERVED_SPECIMEN",-118.153286,46.444154,16208,1990,4,15,"US","Washington","Columbia County","12 mi N of Waitsburg","12 mi N of Waitsburg, Columbia Co., Washington","CRCM","Collector(s): unknown","http://arctos.database.museum/guid/CRCM:Mamm:8487"
4947669926,"CC_BY_NC_4_0","Urocitellus columbianus","PRESERVED_SPECIMEN",-118.343021,46.064581,4977,1983,5,9,"US","Washington","Walla Walla County","N Fort Walla Walla City Park, Walla Walla","N Fort Walla Walla City Park, Walla Walla, Walla Walla Co., Washington","CRCM","Collector(s): unknown","http://arctos.database.museum/guid/CRCM:Mamm:25004"
4947669907,"CC_BY_NC_4_0","Urocitellus columbianus","PRESERVED_SPECIMEN",-118.585814,46.020281,3754,1983,3,28,"US","Washington","Walla Walla County","4 km S of Lowden","4 km S of Lowden, Walla Walla Co., Washington","CRCM","Collector(s): unknown","http://arctos.database.museum/guid/CRCM:Mamm:24837"
4947669739,"CC_BY_NC_4_0","Urocitellus columbianus","PRESERVED_SPECIMEN",-115.700964,45.620458,1807,1954,8,20,"US","Idaho","Idaho County","Buffalo Hump","Buffalo Hump, Idaho Co., Idaho","CRCM","Collector(s): unknown","http://arctos.database.museum/guid/CRCM:Mamm:5572"
4947669738,"CC_BY_NC_4_0","Urocitellus columbianus","PRESERVED_SPECIMEN",-117.436448,46.135537,90,1946,6,27,"US","Washington","Grant County","Wickiup Spring","Wickiup Spring, Garfield Co., Washington","CRCM","Collector(s): unknown","http://arctos.database.museum/guid/CRCM:Mamm:5200"
4947669658,"CC_BY_NC_4_0","Urocitellus columbianus","PRESERVED_SPECIMEN",-117.209486,46.751744,7594,1931,3,23,"US","Washington","Whitman County","2 mi NW Pullman","2 mi NW Pullman, Whitman Co., Washington","CRCM","Collector(s): unknown","http://arctos.database.museum/guid/CRCM:Mamm:6194"
4947669600,"CC_BY_NC_4_0","Urocitellus columbianus","PRESERVED_SPECIMEN",-117.250453,46.790997,1036,1902,5,24,"US","Washington","Whitman County","Guy [=Albion]","Guy [now Albion], Washington","CRCM","Collector(s): unknown","http://arctos.database.museum/guid/CRCM:Mamm:5051"
4947669579,"CC_BY_NC_4_0","Urocitellus columbianus","PRESERVED_SPECIMEN",-118.585814,46.020281,3754,1983,3,22,"US","Washington","Walla Walla County","4 km S of Lowden","4 km S of Lowden, Walla Walla Co., Washington","CRCM","Collector(s): unknown","http://arctos.database.museum/guid/CRCM:Mamm:24853"
4947669477,"CC_BY_NC_4_0","Urocitellus columbianus","PRESERVED_SPECIMEN",-117.179616,46.731274,5639,1898,5,25,"US","Washington","Whitman County","Pullman","Pullman, Whitman Co., Washington","CRCM","Collector(s): unknown","http://arctos.database.museum/guid/CRCM:Mamm:9860"
4947669450,"CC_BY_NC_4_0","Urocitellus columbianus","PRESERVED_SPECIMEN",-117.345958,46.082045,301,1995,6,27,"US","Washington","Asotin County","Cougar Creek Drainage, Blue Mountains","Cougar Creek Drainage, elev 3150 ft, T7N R44E Sec 19, Blue Mtns., Asotin Co., Washington","CRCM","Collector(s): unknown","http://arctos.database.museum/guid/CRCM:Mamm:8512"
4947669366,"CC_BY_NC_4_0","Urocitellus columbianus","PRESERVED_SPECIMEN",-114.923025,47.30743,6139,1958,6,12,"US","Montana","Sanders County","8 mi SW Paradise","8 mi SW Paradise, Sanders Co., Montana","CRCM","Collector(s): unknown","http://arctos.database.museum/guid/CRCM:Mamm:6157"
4947669353,"CC_BY_NC_4_0","Urocitellus columbianus","PRESERVED_SPECIMEN",-118.343021,46.064581,4977,1983,5,22,"US","Washington","Walla Walla County","N Fort Walla Walla City Park, Walla Walla","N Fort Walla Walla City Park, Walla Walla, Walla Walla Co., Washington","CRCM","Collector(s): unknown","http://arctos.database.museum/guid/CRCM:Mamm:25047"
4947669348,"CC_BY_NC_4_0","Urocitellus columbianus","PRESERVED_SPECIMEN",-117.299095,46.649319,9590,1950,4,15,"US","Washington","Whitman County","8 mi SW Pullman","8 mi SW Pullman, Whitman Co., Washington","CRCM","Collector(s): unknown","http://arctos.database.museum/guid/CRCM:Mamm:8468"
4947669345,"CC_BY_NC_4_0","Urocitellus columbianus","PRESERVED_SPECIMEN",-118.343021,46.064581,4977,1983,5,15,"US","Washington","Walla Walla County","N Fort Walla Walla City Park, Walla Walla","N Fort Walla Walla City Park, Walla Walla, Walla Walla Co., Washington","CRCM","Collector(s): unknown","http://arctos.database.museum/guid/CRCM:Mamm:25023"
4947669168,"CC_BY_NC_4_0","Urocitellus columbianus","PRESERVED_SPECIMEN",-118.343021,46.064581,4977,1983,5,7,"US","Washington","Walla Walla County","N Fort Walla Walla City Park, Walla Walla","N Fort Walla Walla City Park, Walla Walla, Walla Walla Co., Washington","CRCM","Collector(s): unknown","http://arctos.database.museum/guid/CRCM:Mamm:24992"
4947669158,"CC_BY_NC_4_0","Urocitellus columbianus","PRESERVED_SPECIMEN",-118.343021,46.064581,4977,1983,4,26,"US","Washington","Walla Walla County","N Fort Walla Walla City Park, Walla Walla","N Fort Walla Walla City Park, Walla Walla, Walla Walla Co., Washington","CRCM","Collector(s): unknown","http://arctos.database.museum/guid/CRCM:Mamm:24900"
4947669140,"CC_BY_NC_4_0","Urocitellus columbianus","PRESERVED_SPECIMEN",-118.343021,46.064581,4977,1983,5,14,"US","Washington","Walla Walla County","N Fort Walla Walla City Park, Walla Walla","N Fort Walla Walla City Park, Walla Walla, Walla Walla Co., Washington","CRCM","Collector(s): unknown","http://arctos.database.museum/guid/CRCM:Mamm:25020"
4947669135,"CC_BY_NC_4_0","Urocitellus columbianus","PRESERVED_SPECIMEN",-117.205811,45.187396,834,1981,7,21,"US","Oregon","Wallowa County","0.4 mi NW Jewett Lake, Wallowa Mtns","0.4 mi NW Jewett Lake, Wallowa Mtns., 8400 ft., Wallowa Co., Oregon","CRCM","Collector(s): unknown","http://arctos.database.museum/guid/CRCM:Mamm:8527"
4947669036,"CC_BY_NC_4_0","Urocitellus columbianus","PRESERVED_SPECIMEN",-117.337032,46.624881,1506,1923,5,30,"US","Washington","Whitman County","Wawawai Canyon","Wawawai Canyon, Whitman Co., Washington","CRCM","Collector(s): unknown","http://arctos.database.museum/guid/CRCM:Mamm:5157"
4947669017,"CC_BY_NC_4_0","Urocitellus columbianus","PRESERVED_SPECIMEN",-117.130235,48.810201,1807,1992,6,16,"US","Washington","Pend Oreille County","Round Top Mountain","Roundtop Mt, T38N R45E Sec 8, 6400 ft, Pend Oreille Co, Washington","CRCM","Collector(s): unknown","http://arctos.database.museum/guid/CRCM:Mamm:5367"
4947668943,"CC_BY_NC_4_0","Urocitellus columbianus","PRESERVED_SPECIMEN",-119.451762,47.205665,98242,1992,7,3,"US","Washington","Grant County","Iron Spring","Iron Spring, T9N R42E Sec 1, Garfield Co., Washington","CRCM","Collector(s): unknown","http://arctos.database.museum/guid/CRCM:Mamm:8475"
4947668941,"CC_BY_NC_4_0","Urocitellus columbianus","PRESERVED_SPECIMEN",-118.343021,46.064581,4977,1983,5,13,"US","Washington","Walla Walla County","N Fort Walla Walla City Park, Walla Walla","N Fort Walla Walla City Park, Walla Walla, Walla Walla Co., Washington","CRCM","Collector(s): unknown","http://arctos.database.museum/guid/CRCM:Mamm:25013"
4947668840,"CC_BY_NC_4_0","Urocitellus columbianus","PRESERVED_SPECIMEN",-117.379346,46.636548,301,1923,5,30,"US","Washington","Whitman County","Wawawai","Wawawai, Whitman Co., Washington","CRCM","Collector(s): unknown","http://arctos.database.museum/guid/CRCM:Mamm:6505"
4947668809,"CC_BY_NC_4_0","Urocitellus columbianus","PRESERVED_SPECIMEN",-116.868614,46.920119,90,1985,3,22,"US","Idaho","Latah County","Gold Creek Ranch, 1 mi E of Potlach on Hwy. 6","Gold Creek Ranch, 1 mi E of Potlach on Hwy. 6, Latah Co., Idaho","CRCM","Collector(s): unknown","http://arctos.database.museum/guid/CRCM:Mamm:8565"
4947668795,"CC_BY_NC_4_0","Urocitellus columbianus","PRESERVED_SPECIMEN",-117.454566,48.275992,16413,1992,6,22,"US","Washington","Pend Oreille County","12 mi E of Chewelah","12 mi E of Chewelah, T32N R42E Sec 14, Pend Oreille Co., Washington","CRCM","Collector(s): unknown","http://arctos.database.museum/guid/CRCM:Mamm:8400"
4947668733,"CC_BY_NC_4_0","Urocitellus columbianus","PRESERVED_SPECIMEN",-117.575762,47.48739,3829,1978,4,29,"US","Washington","Spokane County","5 mi from freeway entrance on Plaza-Cheney Rd","5 mi from freeway entrance on Plaza-Cheney Rd., Spokane Co., Washington","CRCM","Collector(s): unknown","http://arctos.database.museum/guid/CRCM:Mamm:8431"
4947668728,"CC_BY_NC_4_0","Urocitellus columbianus","PRESERVED_SPECIMEN",-118.343021,46.064581,4977,1983,5,9,"US","Washington","Walla Walla County","N Fort Walla Walla City Park, Walla Walla","N Fort Walla Walla City Park, Walla Walla, Walla Walla Co., Washington","CRCM","Collector(s): unknown","http://arctos.database.museum/guid/CRCM:Mamm:24998"
4947668701,"CC_BY_NC_4_0","Urocitellus columbianus","PRESERVED_SPECIMEN",-117.478236,46.135529,3486,1992,7,3,"US","Washington","Grant County","2 mi W of Wickiup Spring","2 mi W of Wickiup Spring, T8N R43E Sec 31, Garfield Co., Washington","CRCM","Collector(s): unknown","http://arctos.database.museum/guid/CRCM:Mamm:8500"
4947668692,"CC_BY_NC_4_0","Urocitellus columbianus","PRESERVED_SPECIMEN",-118.585814,46.020281,3754,1983,4,9,"US","Washington","Walla Walla County","4 km S of Lowden","4 km S of Lowden, Walla Walla Co., Washington","CRCM","Collector(s): unknown","http://arctos.database.museum/guid/CRCM:Mamm:20101"
4947668593,"CC_BY_NC_4_0","Urocitellus columbianus","PRESERVED_SPECIMEN",-118.343021,46.064581,4977,1983,4,26,"US","Washington","Walla Walla County","N Fort Walla Walla City Park, Walla Walla","N Fort Walla Walla City Park, Walla Walla, Walla Walla Co., Washington","CRCM","Collector(s): unknown","http://arctos.database.museum/guid/CRCM:Mamm:24906"
4947668512,"CC_BY_NC_4_0","Urocitellus columbianus","PRESERVED_SPECIMEN",-118.001328,45.500137,301,1979,6,20,"US","Washington","Walla Walla County","West slope of Mount Lewis, Blue Mountains","West slope of Mount Lewis, 4800 ft elev, Blue Mountains, Walla Walla Co., Washington","CRCM","Collector(s): unknown","http://arctos.database.museum/guid/CRCM:Mamm:8385"
4947668438,"CC_BY_NC_4_0","Urocitellus columbianus","PRESERVED_SPECIMEN",-117.179616,46.731274,5639,1978,6,12,"US","Washington","Whitman County","Pullman","Pullman, elev. 2500 ft, Whitman Co., Washington","CRCM","Collector(s): unknown","http://arctos.database.museum/guid/CRCM:Mamm:8437"
4947668432,"CC_BY_NC_4_0","Urocitellus columbianus","PRESERVED_SPECIMEN",-117.289974,48.814811,873,1924,6,20,"US","Washington","Pend Oreille County","Sullivan Lake","Sullivan Lake, Pend Oreille Co., Wash.","CRCM","Collector(s): unknown","http://arctos.database.museum/guid/CRCM:Mamm:8347"
4947668405,"CC_BY_NC_4_0","Urocitellus columbianus","PRESERVED_SPECIMEN",-117.179616,46.731274,5639,1978,6,7,"US","Washington","Whitman County","Pullman","Pullman, elev. 2500 ft, Whitman Co., Washington","CRCM","Collector(s): unknown","http://arctos.database.museum/guid/CRCM:Mamm:5147"
4947668287,"CC_BY_NC_4_0","Urocitellus columbianus","PRESERVED_SPECIMEN",-117.415246,45.217724,762,1979,7,11,"US","Oregon","Wallowa County","0.1 mi NE of Swamp Lake, Wallowa Mtns","0.1 mi NE of Swamp Lake, Wallowa Mtns., 7800 ft., Wallowa Co., Oregon","CRCM","Collector(s): unknown","http://arctos.database.museum/guid/CRCM:Mamm:8531"
4947668286,"CC_BY_NC_4_0","Urocitellus columbianus","PRESERVED_SPECIMEN",-117.179616,46.731274,5639,1978,6,12,"US","Washington","Whitman County","Pullman","Pullman, elev. 2500 ft, Whitman Co., Washington","CRCM","Collector(s): unknown","http://arctos.database.museum/guid/CRCM:Mamm:8447"
4947668238,"CC_BY_NC_4_0","Urocitellus columbianus","PRESERVED_SPECIMEN",-117.198496,45.197825,789,1981,7,20,"US","Oregon","Wallowa County","0.6 mi ENE Jewett Lake","0.6 mi ENE Jewett Lake, 7850 ft., Wallowa Co., Oregon","CRCM","Collector(s): unknown; Preparator(s): G. W. Reed","http://arctos.database.museum/guid/CRCM:Mamm:8521"
4947668151,"CC_BY_NC_4_0","Urocitellus columbianus","PRESERVED_SPECIMEN",-118.343021,46.064581,4977,1983,4,28,"US","Washington","Walla Walla County","N Fort Walla Walla City Park, Walla Walla","N Fort Walla Walla City Park, Walla Walla, Walla Walla Co., Washington","CRCM","Collector(s): unknown","http://arctos.database.museum/guid/CRCM:Mamm:24927"
4947668085,"CC_BY_NC_4_0","Urocitellus columbianus","PRESERVED_SPECIMEN",-118.343021,46.064581,4977,1983,4,24,"US","Washington","Walla Walla County","N Fort Walla Walla City Park, Walla Walla","N Fort Walla Walla City Park, Walla Walla, Walla Walla Co., Washington","CRCM","Collector(s): unknown","http://arctos.database.museum/guid/CRCM:Mamm:24871"
4947667886,"CC_BY_NC_4_0","Urocitellus columbianus","PRESERVED_SPECIMEN",-115.867368,47.51502,4378,1938,7,16,"US","Idaho","Shoshone County","Nine Mile Creek, 4 mi NE Wallace","Nine Mile Creek, 4 mi NE Wallace, Shoshone Co., Idaho","CRCM","Collector(s): unknown","http://arctos.database.museum/guid/CRCM:Mamm:8537"
4947667806,"CC_BY_NC_4_0","Urocitellus columbianus","PRESERVED_SPECIMEN",-118.343021,46.064581,4977,1983,5,3,"US","Washington","Walla Walla County","N Fort Walla Walla City Park, Walla Walla","N Fort Walla Walla City Park, Walla Walla, Walla Walla Co., Washington","CRCM","Collector(s): unknown","http://arctos.database.museum/guid/CRCM:Mamm:24964"
4947667702,"CC_BY_NC_4_0","Urocitellus columbianus","PRESERVED_SPECIMEN",-118.343021,46.064581,4977,1983,5,3,"US","Washington","Walla Walla County","N Fort Walla Walla City Park, Walla Walla","N Fort Walla Walla City Park, Walla Walla, Walla Walla Co., Washington","CRCM","Collector(s): unknown","http://arctos.database.museum/guid/CRCM:Mamm:24971"
4947667684,"CC_BY_NC_4_0","Urocitellus columbianus","PRESERVED_SPECIMEN",-117.137993,48.4263,1807,1981,6,27,"US","Washington","Pend Oreille County","South Baldy Mt","South Baldy Mt, 5900 ft, Pend Oreille Co, Washington","CRCM","Collector(s): unknown","http://arctos.database.museum/guid/CRCM:Mamm:8410"
4947667600,"CC_BY_NC_4_0","Urocitellus columbianus","PRESERVED_SPECIMEN",-117.209486,46.751744,7594,1931,3,23,"US","Washington","Whitman County","2 mi NW Pullman","2 mi NW Pullman, Whitman Co., Washington","CRCM","Collector(s): unknown","http://arctos.database.museum/guid/CRCM:Mamm:8354"
4947667257,"CC_BY_NC_4_0","Urocitellus columbianus","PRESERVED_SPECIMEN",-118.343021,46.064581,4977,1983,5,22,"US","Washington","Walla Walla County","N Fort Walla Walla City Park, Walla Walla","N Fort Walla Walla City Park, Walla Walla, Walla Walla Co., Washington","CRCM","Collector(s): unknown","http://arctos.database.museum/guid/CRCM:Mamm:25041"
4947667211,"CC_BY_NC_4_0","Urocitellus columbianus","PRESERVED_SPECIMEN",-118.343021,46.064581,4977,1983,5,17,"US","Washington","Walla Walla County","N Fort Walla Walla City Park, Walla Walla","N Fort Walla Walla City Park, Walla Walla, Walla Walla Co., Washington","CRCM","Collector(s): unknown","http://arctos.database.museum/guid/CRCM:Mamm:25029"
4947666980,"CC_BY_NC_4_0","Urocitellus columbianus","PRESERVED_SPECIMEN",-117.179616,46.731274,5639,1978,6,12,"US","Washington","Whitman County","Pullman","Pullman, elev. 2500 ft, Whitman Co., Washington","CRCM","Collector(s): unknown","http://arctos.database.museum/guid/CRCM:Mamm:6290"
4947666968,"CC_BY_NC_4_0","Urocitellus columbianus","PRESERVED_SPECIMEN",-117.309888,45.900148,301,1983,6,4,"US","Oregon","Wallowa County","Flora","Flora, Oregon","CRCM","Collector(s): unknown","http://arctos.database.museum/guid/CRCM:Mamm:5646"
4947666946,"CC_BY_NC_4_0","Urocitellus columbianus","PRESERVED_SPECIMEN",-118.343021,46.064581,4977,1983,5,16,"US","Washington","Walla Walla County","N Fort Walla Walla City Park, Walla Walla","N Fort Walla Walla City Park, Walla Walla, Walla Walla Co., Washington","CRCM","Collector(s): unknown","http://arctos.database.museum/guid/CRCM:Mamm:25025"
4947666887,"CC_BY_NC_4_0","Urocitellus columbianus","PRESERVED_SPECIMEN",-116.868614,46.920119,90,1985,4,2,"US","Idaho","Latah County","Gold Creek Ranch, 1 mi E of Potlach on Hwy. 6","Gold Creek Ranch, 1 mi E of Potlach on Hwy. 6, Latah Co., Idaho","CRCM","Collector(s): unknown","http://arctos.database.museum/guid/CRCM:Mamm:8586"
4947666635,"CC_BY_NC_4_0","Urocitellus columbianus","PRESERVED_SPECIMEN",-117.436448,46.135537,90,1992,7,7,"US","Washington","Grant County","Wickiup Spring","Wickiup Spring, T8N R43E Sec 33, Garfield Co., Washington","CRCM","Collector(s): unknown","http://arctos.database.museum/guid/CRCM:Mamm:8496"
4947666621,"CC_BY_NC_4_0","Urocitellus columbianus","PRESERVED_SPECIMEN",-118.343021,46.064581,4977,1983,4,28,"US","Washington","Walla Walla County","N Fort Walla Walla City Park, Walla Walla","N Fort Walla Walla City Park, Walla Walla, Walla Walla Co., Washington","CRCM","Collector(s): unknown","http://arctos.database.museum/guid/CRCM:Mamm:24933"
4947666537,"CC_BY_NC_4_0","Urocitellus columbianus","PRESERVED_SPECIMEN",-118.343021,46.064581,4977,1983,5,3,"US","Washington","Walla Walla County","N Fort Walla Walla City Park, Walla Walla","N Fort Walla Walla City Park, Walla Walla, Walla Walla Co., Washington","CRCM","Collector(s): unknown","http://arctos.database.museum/guid/CRCM:Mamm:24965"
4947666404,"CC_BY_NC_4_0","Urocitellus columbianus","PRESERVED_SPECIMEN",-116.868614,46.920119,90,1985,3,21,"US","Idaho","Latah County","Gold Creek Ranch, 1 mi E of Potlach on Hwy. 6","Gold Creek Ranch, 1 mi E of Potlach on Hwy. 6, Latah Co., Idaho","CRCM","Collector(s): unknown","http://arctos.database.museum/guid/CRCM:Mamm:8564"
4947666354,"CC_BY_NC_4_0","Urocitellus columbianus","PRESERVED_SPECIMEN",-116.868614,46.920119,90,1985,4,1,"US","Idaho","Latah County","Gold Creek Ranch, 1 mi E of Potlach on Hwy. 6","Gold Creek Ranch, 1 mi E of Potlach on Hwy. 6, Latah Co., Idaho","CRCM","Collector(s): unknown","http://arctos.database.museum/guid/CRCM:Mamm:8580"
4947666308,"CC_BY_NC_4_0","Urocitellus columbianus","PRESERVED_SPECIMEN",-116.868614,46.920119,90,1985,4,3,"US","Idaho","Latah County","Gold Creek Ranch, 1 mi E of Potlach on Hwy. 6","Gold Creek Ranch, 1 mi E of Potlach on Hwy. 6, Latah Co., Idaho","CRCM","Collector(s): unknown","http://arctos.database.museum/guid/CRCM:Mamm:8596"
4947666275,"CC_BY_NC_4_0","Urocitellus columbianus","PRESERVED_SPECIMEN",-118.343021,46.064581,4977,1983,5,29,"US","Washington","Walla Walla County","N Fort Walla Walla City Park, Walla Walla","N Fort Walla Walla City Park, Walla Walla, Walla Walla Co., Washington","CRCM","Collector(s): unknown","http://arctos.database.museum/guid/CRCM:Mamm:25056"
4947666139,"CC_BY_NC_4_0","Urocitellus columbianus","PRESERVED_SPECIMEN",-118.585814,46.020281,3754,1983,3,20,"US","Washington","Walla Walla County","4 km S of Lowden","4 km S of Lowden, Walla Walla Co., Washington","CRCM","Collector(s): unknown","http://arctos.database.museum/guid/CRCM:Mamm:24849"
4947665933,"CC_BY_NC_4_0","Urocitellus columbianus","PRESERVED_SPECIMEN",-118.343021,46.064581,4977,1983,5,4,"US","Washington","Walla Walla County","N Fort Walla Walla City Park, Walla Walla","N Fort Walla Walla City Park, Walla Walla, Walla Walla Co., Washington","CRCM","Collector(s): unknown","http://arctos.database.museum/guid/CRCM:Mamm:24986"
4947665887,"CC_BY_NC_4_0","Urocitellus columbianus","PRESERVED_SPECIMEN",-117.179616,46.731274,5639,1978,6,26,"US","Washington","Whitman County","Pullman","Pullman, elev. 2500 ft, Whitman Co., Washington","CRCM","Collector(s): unknown","http://arctos.database.museum/guid/CRCM:Mamm:8443"
4947665872,"CC_BY_NC_4_0","Urocitellus columbianus","PRESERVED_SPECIMEN",-117.877734,47.669606,1041,1965,4,11,"US","Washington","Spokane County","Reardan","Reardan, Spokane Co., Washington","CRCM","Collector(s): unknown","http://arctos.database.museum/guid/CRCM:Mamm:5824"
4947665765,"CC_BY_NC_4_0","Urocitellus columbianus","PRESERVED_SPECIMEN",-118.585814,46.020281,3754,1983,3,23,"US","Washington","Walla Walla County","4 km S of Lowden","4 km S of Lowden, Walla Walla Co., Washington","CRCM","Collector(s): unknown","http://arctos.database.museum/guid/CRCM:Mamm:24838"
4947665420,"CC_BY_NC_4_0","Urocitellus columbianus","PRESERVED_SPECIMEN",-118.343021,46.064581,4977,1983,4,30,"US","Washington","Walla Walla County","N Fort Walla Walla City Park, Walla Walla","N Fort Walla Walla City Park, Walla Walla, Walla Walla Co., Washington","CRCM","Collector(s): unknown","http://arctos.database.museum/guid/CRCM:Mamm:24949"
4947665203,"CC_BY_NC_4_0","Urocitellus columbianus","PRESERVED_SPECIMEN",-117.148986,48.921913,301,1981,7,12,"US","Washington","Pend Oreille County","Leola Creek Basin","Leola Creek Basin, 5800 ft, Pend Oreille Co, Washington","CRCM","Collector(s): unknown","http://arctos.database.museum/guid/CRCM:Mamm:8416"
4947665152,"CC_BY_NC_4_0","Urocitellus columbianus","PRESERVED_SPECIMEN",-117.179616,46.731274,5639,1978,6,12,"US","Washington","Whitman County","Pullman","Pullman, elev. 2500 ft, Whitman Co., Washington","CRCM","Collector(s): unknown","http://arctos.database.museum/guid/CRCM:Mamm:8375"
4947664995,"CC_BY_NC_4_0","Urocitellus columbianus","PRESERVED_SPECIMEN",-118.343021,46.064581,4977,1983,5,14,"US","Washington","Walla Walla County","N Fort Walla Walla City Park, Walla Walla","N Fort Walla Walla City Park, Walla Walla, Walla Walla Co., Washington","CRCM","Collector(s): unknown","http://arctos.database.museum/guid/CRCM:Mamm:25019"
4947664968,"CC_BY_NC_4_0","Urocitellus columbianus","PRESERVED_SPECIMEN",-116.711724,46.816168,46659,1935,4,25,"US","Idaho","Latah County","Grizzly Camp","Grizzly Camp, Latah Co., Idaho","CRCM","Collector(s): unknown","http://arctos.database.museum/guid/CRCM:Mamm:5773"
4947664898,"CC_BY_NC_4_0","Urocitellus columbianus","PRESERVED_SPECIMEN",-118.343021,46.064581,4977,1983,5,22,"US","Washington","Walla Walla County","N Fort Walla Walla City Park, Walla Walla","N Fort Walla Walla City Park, Walla Walla, Walla Walla Co., Washington","CRCM","Collector(s): unknown","http://arctos.database.museum/guid/CRCM:Mamm:25051"
4947664870,"CC_BY_NC_4_0","Urocitellus columbianus","PRESERVED_SPECIMEN",-112.747251,45.751037,301,1978,7,6,"US","Montana","Silver Bow County","Line Gulch, Divide","Lime Gultch, Divide, Silver Bow Co., Montana","CRCM","Collector(s): unknown","http://arctos.database.museum/guid/CRCM:Mamm:5830"
4947664842,"CC_BY_NC_4_0","Urocitellus columbianus","PRESERVED_SPECIMEN",-117.190176,46.731274,6063,1973,3,24,"US","Washington","Whitman County","0.5 mi W Pullman","0.5 mi W Pullman, Whitman Co., Washington","CRCM","Collector(s): unknown","http://arctos.database.museum/guid/CRCM:Mamm:8391"
4947664829,"CC_BY_NC_4_0","Urocitellus columbianus","PRESERVED_SPECIMEN",-118.958756,48.772013,3711,1995,7,6,"US","Washington","Okanogan County","3.2 mi N, 2.5 mi E of Wauconda","3.2 mi N, 2.5 mi E of Wauconda, 3550 ft, T38N R30E S24, Okanogan Co., Washington","CRCM","Collector(s): unknown","http://arctos.database.museum/guid/CRCM:Mamm:8348"
4947664787,"CC_BY_NC_4_0","Urocitellus columbianus","PRESERVED_SPECIMEN",-118.585814,46.020281,3754,1983,4,14,"US","Washington","Walla Walla County","4 km S of Lowden","4 km S of Lowden, Walla Walla Co., Washington","CRCM","Collector(s): unknown","http://arctos.database.museum/guid/CRCM:Mamm:24865"
4947664773,"CC_BY_NC_4_0","Urocitellus columbianus","PRESERVED_SPECIMEN",-117.454566,48.275992,16413,1992,6,21,"US","Washington","Pend Oreille County","12 mi E of Chewelah","12 mi E of Chewelah, T32N R42E Sec 11, Pend Oreille Co., Washington","CRCM","Collector(s): unknown","http://arctos.database.museum/guid/CRCM:Mamm:6315"
4947664754,"CC_BY_NC_4_0","Urocitellus columbianus","PRESERVED_SPECIMEN",-117.270805,46.928988,3318,1980,7,19,"US","Washington","Whitman County","1 mi upstream from Albion, S. Fork Palouse River","1 mi upstream from Albion, S. Fork Palouse River, Whitman Co., Washington","CRCM","Collector(s): unknown","http://arctos.database.museum/guid/CRCM:Mamm:8432"
4947664613,"CC_BY_NC_4_0","Urocitellus columbianus","PRESERVED_SPECIMEN",-118.343021,46.064581,4977,1983,5,21,"US","Washington","Walla Walla County","N Fort Walla Walla City Park, Walla Walla","N Fort Walla Walla City Park, Walla Walla, Walla Walla Co., Washington","CRCM","Collector(s): unknown","http://arctos.database.museum/guid/CRCM:Mamm:25035"
4947664542,"CC_BY_NC_4_0","Urocitellus columbianus","PRESERVED_SPECIMEN",-118.477514,48.596559,1807,1992,6,23,"US","Washington","Ferry County","SE side Sherman Peak","SE side Sherman Peak, T36N 34E S25, 6900 ft, Ferry Co, Washington","CRCM","Collector(s): unknown","http://arctos.database.museum/guid/CRCM:Mamm:8373"
4947664520,"CC_BY_NC_4_0","Urocitellus columbianus","PRESERVED_SPECIMEN",-117.179616,46.731274,5639,1978,7,11,"US","Washington","Whitman County","Pullman","Pullman, elev. 2500 ft, Whitman Co., Washington","CRCM","Collector(s): unknown","http://arctos.database.museum/guid/CRCM:Mamm:8463"
4947664312,"CC_BY_NC_4_0","Urocitellus columbianus","PRESERVED_SPECIMEN",-118.477514,48.596559,1807,1981,6,12,"US","Washington","Ferry County","W side Sherman Peak","W side Sherman Peak, 6300 ft, T36N R34E S24, Ferry Co, Washington","CRCM","Collector(s): G. W. Reed","http://arctos.database.museum/guid/CRCM:Mamm:5289"
4947664293,"CC_BY_NC_4_0","Urocitellus columbianus","PRESERVED_SPECIMEN",-119.973134,48.658726,1054,1995,7,7,"US","Washington","Okanogan County","0.2 mi W, 0.6 mi N of Roger Lake","0.2 mi W, 0.6 mi N of Roger Lake, 6400 ft, T37N R23E S32, Okanogan Co., Washington","CRCM","Collector(s): unknown","http://arctos.database.museum/guid/CRCM:Mamm:8370"
4947664246,"CC_BY_NC_4_0","Urocitellus columbianus","PRESERVED_SPECIMEN",-118.343021,46.064581,4977,1983,4,27,"US","Washington","Walla Walla County","N Fort Walla Walla City Park, Walla Walla","N Fort Walla Walla City Park, Walla Walla, Walla Walla Co., Washington","CRCM","Collector(s): unknown","http://arctos.database.museum/guid/CRCM:Mamm:24922"
4947664172,"CC_BY_NC_4_0","Urocitellus columbianus","PRESERVED_SPECIMEN",-118.343021,46.064581,4977,1983,5,3,"US","Washington","Walla Walla County","N Fort Walla Walla City Park, Walla Walla","N Fort Walla Walla City Park, Walla Walla, Walla Walla Co., Washington","CRCM","Collector(s): unknown","http://arctos.database.museum/guid/CRCM:Mamm:24973"
4947664010,"CC_BY_NC_4_0","Urocitellus columbianus","PRESERVED_SPECIMEN",-118.343021,46.064581,4977,1983,4,25,"US","Washington","Walla Walla County","N Fort Walla Walla City Park, Walla Walla","N Fort Walla Walla City Park, Walla Walla, Walla Walla Co., Washington","CRCM","Collector(s): unknown","http://arctos.database.museum/guid/CRCM:Mamm:20163"
4947663763,"CC_BY_NC_4_0","Urocitellus columbianus","PRESERVED_SPECIMEN",-119.30802,44.315149,301,1979,6,19,"US","Oregon","Grant County","meadow SW of junction of U.S. forest service roads 1542 and 1409c, Aldrich Mountains","meadow SW of junction of U.S. forest service roads 1542 and 1409c, Aldrich Mountains, 4850 ft., Grant Co., Oregon","CRCM","Collector(s): unknown","http://arctos.database.museum/guid/CRCM:Mamm:8539"
4947663698,"CC_BY_NC_4_0","Urocitellus columbianus","PRESERVED_SPECIMEN",-118.343021,46.064581,4977,1983,5,17,"US","Washington","Walla Walla County","N Fort Walla Walla City Park, Walla Walla","N Fort Walla Walla City Park, Walla Walla, Walla Walla Co., Washington","CRCM","Collector(s): unknown","http://arctos.database.museum/guid/CRCM:Mamm:25028"
4947663536,"CC_BY_NC_4_0","Urocitellus columbianus","PRESERVED_SPECIMEN",-118.343021,46.064581,4977,1983,4,29,"US","Washington","Walla Walla County","N Fort Walla Walla City Park, Walla Walla","N Fort Walla Walla City Park, Walla Walla, Walla Walla Co., Washington","CRCM","Collector(s): unknown","http://arctos.database.museum/guid/CRCM:Mamm:24942"
4947663515,"CC_BY_NC_4_0","Urocitellus columbianus","PRESERVED_SPECIMEN",-118.343021,46.064581,4977,1983,5,29,"US","Washington","Walla Walla County","N Fort Walla Walla City Park, Walla Walla","N Fort Walla Walla City Park, Walla Walla, Walla Walla Co., Washington","CRCM","Collector(s): unknown","http://arctos.database.museum/guid/CRCM:Mamm:25048"
4947663508,"CC_BY_NC_4_0","Urocitellus columbianus","PRESERVED_SPECIMEN",-118.343021,46.064581,4977,1983,4,21,"US","Washington","Walla Walla County","N Fort Walla Walla City Park, Walla Walla","N Fort Walla Walla City Park, Walla Walla, Walla Walla Co., Washington","CRCM","Collector(s): unknown","http://arctos.database.museum/guid/CRCM:Mamm:24886"
4947663494,"CC_BY_NC_4_0","Urocitellus columbianus","PRESERVED_SPECIMEN",-118.585814,46.020281,3754,1983,4,11,"US","Washington","Walla Walla County","4 km S of Lowden","4 km S of Lowden, Walla Walla Co., Washington","CRCM","Collector(s): unknown","http://arctos.database.museum/guid/CRCM:Mamm:24860"
4947663370,"CC_BY_NC_4_0","Urocitellus columbianus","PRESERVED_SPECIMEN",-117.179616,46.731274,5639,1978,6,12,"US","Washington","Whitman County","Pullman","Pullman, elev. 2500 ft, Whitman Co., Washington","CRCM","Collector(s): unknown","http://arctos.database.museum/guid/CRCM:Mamm:8438"
4947663205,"CC_BY_NC_4_0","Urocitellus columbianus","PRESERVED_SPECIMEN",-116.868614,46.920119,90,1985,3,22,"US","Idaho","Latah County","Gold Creek Ranch, 1 mi E of Potlach on Hwy. 6","Gold Creek Ranch, 1 mi E of Potlach on Hwy. 6, Latah Co., Idaho","CRCM","Collector(s): unknown","http://arctos.database.museum/guid/CRCM:Mamm:8570"
4947663071,"CC_BY_NC_4_0","Urocitellus columbianus","PRESERVED_SPECIMEN",-116.868614,46.920119,90,1985,3,22,"US","Idaho","Latah County","Gold Creek Ranch, 1 mi E of Potlach on Hwy. 6","Gold Creek Ranch, 1 mi E of Potlach on Hwy. 6, Latah Co., Idaho","CRCM","Collector(s): unknown","http://arctos.database.museum/guid/CRCM:Mamm:8573"
4947663013,"CC_BY_NC_4_0","Urocitellus columbianus","PRESERVED_SPECIMEN",-117.179616,46.731274,5639,1978,6,12,"US","Washington","Whitman County","Pullman","Pullman, elev. 2500 ft, Whitman Co., Washington","CRCM","Collector(s): unknown","http://arctos.database.museum/guid/CRCM:Mamm:8350"
4947662980,"CC_BY_NC_4_0","Urocitellus columbianus","PRESERVED_SPECIMEN",NA,NA,NA,NA,NA,NA,"US","","","No specific locality recorded.","Unknown","CRCM","Collector(s): unknown","http://arctos.database.museum/guid/CRCM:Mamm:9890"
4947662946,"CC_BY_NC_4_0","Urocitellus columbianus","PRESERVED_SPECIMEN",-118.343021,46.064581,4977,1983,5,13,"US","Washington","Walla Walla County","N Fort Walla Walla City Park, Walla Walla","N Fort Walla Walla City Park, Walla Walla, Walla Walla Co., Washington","CRCM","Collector(s): unknown","http://arctos.database.museum/guid/CRCM:Mamm:25014"
4947662937,"CC_BY_NC_4_0","Urocitellus columbianus","PRESERVED_SPECIMEN",-118.343021,46.064581,4977,1983,5,13,"US","Washington","Walla Walla County","N Fort Walla Walla City Park, Walla Walla","N Fort Walla Walla City Park, Walla Walla, Walla Walla Co., Washington","CRCM","Collector(s): unknown","http://arctos.database.museum/guid/CRCM:Mamm:24883"
4947662881,"CC_BY_NC_4_0","Urocitellus columbianus","PRESERVED_SPECIMEN",-118.343021,46.064581,4977,1983,5,14,"US","Washington","Walla Walla County","N Fort Walla Walla City Park, Walla Walla","N Fort Walla Walla City Park, Walla Walla, Walla Walla Co., Washington","CRCM","Collector(s): unknown","http://arctos.database.museum/guid/CRCM:Mamm:25017"
4947662852,"CC_BY_NC_4_0","Urocitellus columbianus","PRESERVED_SPECIMEN",-117.379325,46.890401,5305,1965,4,11,"US","Washington","Whitman County","1 mi NW Colfax","1 mi NW Colfax, Whitman Co., Washington","CRCM","Collector(s): unknown","http://arctos.database.museum/guid/CRCM:Mamm:8353"
4947662784,"CC_BY_NC_4_0","Urocitellus columbianus","PRESERVED_SPECIMEN",-117.209887,45.194501,587,1981,7,20,"US","Oregon","Wallowa County","SE side Jewett Lake","SE side Jewett Lake, Wallowa Mtns., 8350 ft., Wallowa Co., Oregon","CRCM","Collector(s): unknown","http://arctos.database.museum/guid/CRCM:Mamm:8530"
4947662764,"CC_BY_NC_4_0","Urocitellus columbianus","PRESERVED_SPECIMEN",-118.343021,46.064581,4977,1983,4,28,"US","Washington","Walla Walla County","N Fort Walla Walla City Park, Walla Walla","N Fort Walla Walla City Park, Walla Walla, Walla Walla Co., Washington","CRCM","Collector(s): unknown","http://arctos.database.museum/guid/CRCM:Mamm:24928"
4947662762,"CC_BY_NC_4_0","Urocitellus columbianus","PRESERVED_SPECIMEN",-117.144341,48.871066,210,1981,7,12,"US","Washington","Pend Oreille County","Gypsy Creek Basin","Gypsy Creek Basin, 5300 ft, Pend Oreille Co., Washington","CRCM","Collector(s): unknown","http://arctos.database.museum/guid/CRCM:Mamm:8418"
4947662730,"CC_BY_NC_4_0","Urocitellus columbianus","PRESERVED_SPECIMEN",-117.179616,46.731274,5639,1978,6,16,"US","Washington","Whitman County","Pullman","Pullman, elev. 2500 ft, Whitman Co., Washington","CRCM","Collector(s): unknown","http://arctos.database.museum/guid/CRCM:Mamm:5463"
4947662559,"CC_BY_NC_4_0","Urocitellus columbianus","PRESERVED_SPECIMEN",-118.585814,46.020281,3754,1983,3,22,"US","Washington","Walla Walla County","4 km S of Lowden","4 km S of Lowden, Walla Walla Co., Washington","CRCM","Collector(s): unknown","http://arctos.database.museum/guid/CRCM:Mamm:24843"
4947662520,"CC_BY_NC_4_0","Urocitellus columbianus","PRESERVED_SPECIMEN",-116.055359,44.941718,6903,1949,7,26,"US","Idaho","Valley County","W side of Little Payette Lake, 3 mi NE of McCall","W side of Little Payette Lake, 3 mi NE of McCall, Valley Co., Idaho","CRCM","Collector(s): unknown","http://arctos.database.museum/guid/CRCM:Mamm:8561"
4947662394,"CC_BY_NC_4_0","Urocitellus columbianus","PRESERVED_SPECIMEN",-118.585814,46.020281,3754,1983,4,14,"US","Washington","Walla Walla County","4 km S of Lowden","4 km S of Lowden, Walla Walla Co., Washington","CRCM","Collector(s): unknown","http://arctos.database.museum/guid/CRCM:Mamm:24863"
4947662275,"CC_BY_NC_4_0","Urocitellus columbianus","PRESERVED_SPECIMEN",-117.179616,46.731274,5639,1978,6,15,"US","Washington","Whitman County","Pullman","Pullman, elev. 2500 ft, Whitman Co., Washington","CRCM","Collector(s): unknown","http://arctos.database.museum/guid/CRCM:Mamm:8452"
4947662212,"CC_BY_NC_4_0","Urocitellus columbianus","PRESERVED_SPECIMEN",-117.060103,46.738423,2069,1977,5,14,"US","Washington","Whitman County","1.7 mi E, 1.3 mi N of Sunshine","1.7 mi E, 1.3 mi N of Sunshine, elev. 2540 ft, Whitman Co., Washington","CRCM","Collector(s): unknown","http://arctos.database.museum/guid/CRCM:Mamm:8471"
4947662198,"CC_BY_NC_4_0","Urocitellus columbianus","PRESERVED_SPECIMEN",-118.585814,46.020281,3754,1983,3,28,"US","Washington","Walla Walla County","4 km S of Lowden","4 km S of Lowden, Walla Walla Co., Washington","CRCM","Collector(s): unknown","http://arctos.database.museum/guid/CRCM:Mamm:24840"
4947662175,"CC_BY_NC_4_0","Urocitellus columbianus","PRESERVED_SPECIMEN",-118.585814,46.020281,3754,1983,3,28,"US","Washington","Walla Walla County","4 km S of Lowden","4 km S of Lowden, Walla Walla Co., Washington","CRCM","Collector(s): unknown","http://arctos.database.museum/guid/CRCM:Mamm:24846"
4947662140,"CC_BY_NC_4_0","Urocitellus columbianus","PRESERVED_SPECIMEN",-117.200518,48.891314,301,1992,6,17,"US","Washington","Pend Oreille County","Crowell Ridge Trail","Crowell Ridge Trail, T40N R45E Sec 31, Pend Oreille Co., Washington","CRCM","Collector(s): unknown","http://arctos.database.museum/guid/CRCM:Mamm:8381"
4947662022,"CC_BY_NC_4_0","Urocitellus columbianus","PRESERVED_SPECIMEN",-116.868614,46.920119,90,1985,4,4,"US","Idaho","Latah County","Gold Creek Ranch, 1 mi E of Potlach on Hwy. 6","Gold Creek Ranch, 1 mi E of Potlach on Hwy. 6, Latah Co., Idaho","CRCM","Collector(s): unknown","http://arctos.database.museum/guid/CRCM:Mamm:8606"
4947662019,"CC_BY_NC_4_0","Urocitellus columbianus","PRESERVED_SPECIMEN",-118.343021,46.064581,4977,1983,5,22,"US","Washington","Walla Walla County","N Fort Walla Walla City Park, Walla Walla","N Fort Walla Walla City Park, Walla Walla, Walla Walla Co., Washington","CRCM","Collector(s): unknown","http://arctos.database.museum/guid/CRCM:Mamm:25050"
4947661963,"CC_BY_NC_4_0","Urocitellus columbianus","PRESERVED_SPECIMEN",-117.179616,46.731274,5639,1934,4,11,"US","Washington","Whitman County","Pullman","Pullman, Whitman Co., Washington","CRCM","Collector(s): unknown","http://arctos.database.museum/guid/CRCM:Mamm:6006"
4947661931,"CC_BY_NC_4_0","Urocitellus columbianus","PRESERVED_SPECIMEN",-116.868614,46.920119,90,1985,4,5,"US","Idaho","Latah County","Gold Creek Ranch, 1 mi E of Potlach on Hwy. 6","Gold Creek Ranch, 1 mi E of Potlach on Hwy. 6, Latah Co., Idaho","CRCM","Collector(s): unknown","http://arctos.database.museum/guid/CRCM:Mamm:8609"
4947661920,"CC_BY_NC_4_0","Urocitellus columbianus","PRESERVED_SPECIMEN",-117.060103,46.738423,2069,1977,5,14,"US","Washington","Whitman County","1.7 mi E, 1.3 mi N of Sunshine","1.7 mi E, 1.3 mi N of Sunshine, elev. 2540 ft, Whitman Co., Washington","CRCM","Collector(s): unknown","http://arctos.database.museum/guid/CRCM:Mamm:8474"
4947661874,"CC_BY_NC_4_0","Urocitellus columbianus","PRESERVED_SPECIMEN",-117.273998,48.532318,66268,1994,6,23,"US","Washington","Pend Oreille County","No specific locality recorded.","RUB Bar 18, T35N, R43E, S 1/2, SW 1/4 of sec. 7, T35N, R43E, N 1/2, NW 1/4, sec. 8, Pend Oreille Co., Washington","CRCM","Collector(s): unknown","http://arctos.database.museum/guid/CRCM:Mamm:22977"
4947661776,"CC_BY_NC_4_0","Urocitellus columbianus","PRESERVED_SPECIMEN",-116.868614,46.920119,90,1985,4,5,"US","Idaho","Latah County","Gold Creek Ranch, 1 mi E of Potlach on Hwy. 6","Gold Creek Ranch, 1 mi E of Potlach on Hwy. 6, Latah Co., Idaho","CRCM","Collector(s): unknown","http://arctos.database.museum/guid/CRCM:Mamm:8542"
4947661683,"CC_BY_NC_4_0","Urocitellus columbianus","PRESERVED_SPECIMEN",-117.237953,46.81822,1807,1981,7,1,"US","Washington","Whitman County","Smoot Hill Biological Preserve","Smoot Hill Biological Preserve, Whitman Co., Washington","CRCM","Collector(s): unknown","http://arctos.database.museum/guid/CRCM:Mamm:8407"
4947661603,"CC_BY_NC_4_0","Urocitellus columbianus","PRESERVED_SPECIMEN",-116.711724,46.816168,46659,1975,11,NA,"US","Idaho","Latah County","No specific locality recorded.","sec. 12, T39N, R5W, Latah Co., Idaho","CRCM","Collector(s): unknown","http://arctos.database.museum/guid/CRCM:Mamm:8393"
4947661590,"CC_BY_NC_4_0","Urocitellus columbianus","PRESERVED_SPECIMEN",-117.454566,48.275992,16413,1992,6,21,"US","Washington","Pend Oreille County","12 mi E of Chewelah","12 mi E of Chewelah, T32N R42E Sec 11, Pend Oreille Co., Washington","CRCM","Collector(s): unknown","http://arctos.database.museum/guid/CRCM:Mamm:8384"
4947661488,"CC_BY_NC_4_0","Urocitellus columbianus","PRESERVED_SPECIMEN",-118.343021,46.064581,4977,1983,4,29,"US","Washington","Walla Walla County","N Fort Walla Walla City Park, Walla Walla","N Fort Walla Walla City Park, Walla Walla, Walla Walla Co., Washington","CRCM","Collector(s): unknown","http://arctos.database.museum/guid/CRCM:Mamm:24939"
4947661384,"CC_BY_NC_4_0","Urocitellus columbianus","PRESERVED_SPECIMEN",-117.200518,48.891314,301,1992,6,17,"US","Washington","Pend Oreille County","Crowell Ridge Trail","Crowell Ridge Trail, T39N R44E Sec 1, Pend Oreille Co, Washington","CRCM","Collector(s): unknown","http://arctos.database.museum/guid/CRCM:Mamm:5424"
4947661365,"CC_BY_NC_4_0","Urocitellus columbianus","PRESERVED_SPECIMEN",-115.457333,44.79546,4216,1954,8,5,"US","Idaho","Valley County","Middle Trapper Flat","Middle Trapper Flat, Valley Co., Idaho","CRCM","Collector(s): unknown","http://arctos.database.museum/guid/CRCM:Mamm:8510"
4947661273,"CC_BY_NC_4_0","Urocitellus columbianus","PRESERVED_SPECIMEN",-118.343021,46.064581,4977,1983,5,9,"US","Washington","Walla Walla County","N Fort Walla Walla City Park, Walla Walla","N Fort Walla Walla City Park, Walla Walla, Walla Walla Co., Washington","CRCM","Collector(s): unknown","http://arctos.database.museum/guid/CRCM:Mamm:24996"
4947661213,"CC_BY_NC_4_0","Urocitellus columbianus","PRESERVED_SPECIMEN",-118.343021,46.064581,4977,1983,4,21,"US","Washington","Walla Walla County","N Fort Walla Walla City Park, Walla Walla","N Fort Walla Walla City Park, Walla Walla, Walla Walla Co., Washington","CRCM","Collector(s): unknown","http://arctos.database.museum/guid/CRCM:Mamm:24872"
4947661199,"CC_BY_NC_4_0","Urocitellus columbianus","PRESERVED_SPECIMEN",-118.343021,46.064581,4977,1983,5,21,"US","Washington","Walla Walla County","N Fort Walla Walla City Park, Walla Walla","N Fort Walla Walla City Park, Walla Walla, Walla Walla Co., Washington","CRCM","Collector(s): unknown","http://arctos.database.museum/guid/CRCM:Mamm:25036"
4947661176,"CC_BY_NC_4_0","Urocitellus columbianus","PRESERVED_SPECIMEN",-118.343021,46.064581,4977,1983,4,30,"US","Washington","Walla Walla County","N Fort Walla Walla City Park, Walla Walla","N Fort Walla Walla City Park, Walla Walla, Walla Walla Co., Washington","CRCM","Collector(s): unknown","http://arctos.database.museum/guid/CRCM:Mamm:24950"
4947661094,"CC_BY_NC_4_0","Urocitellus columbianus","PRESERVED_SPECIMEN",-117.179616,46.731274,5639,1978,6,13,"US","Washington","Whitman County","Pullman","Pullman, elev. 2500 ft, Whitman Co., Washington","CRCM","Collector(s): unknown","http://arctos.database.museum/guid/CRCM:Mamm:8449"
4947661011,"CC_BY_NC_4_0","Urocitellus columbianus","PRESERVED_SPECIMEN",-117.273998,48.532318,66268,1994,6,19,"US","Washington","Pend Oreille County","No specific locality recorded.","Rub Reg 3, T35N, R42E, sec. 3, Pend Oreille Co., Washington","CRCM","Collector(s): unknown","http://arctos.database.museum/guid/CRCM:Mamm:20847"
4947660973,"CC_BY_NC_4_0","Urocitellus columbianus","PRESERVED_SPECIMEN",-116.868614,46.920119,90,1985,4,3,"US","Idaho","Latah County","Gold Creek Ranch, 1 mi E of Potlach on Hwy. 6","Gold Creek Ranch, 1 mi E of Potlach on Hwy. 6, Latah Co., Idaho","CRCM","Collector(s): unknown","http://arctos.database.museum/guid/CRCM:Mamm:8592"
4947660928,"CC_BY_NC_4_0","Urocitellus columbianus","PRESERVED_SPECIMEN",-118.055822,48.610735,1518,1924,6,24,"US","Washington","Stevens County","Kettle Falls","Kettle Falls, Stevens Co., Washington","CRCM","Collector(s): unknown","http://arctos.database.museum/guid/CRCM:Mamm:5013"
4947660789,"CC_BY_NC_4_0","Urocitellus columbianus","PRESERVED_SPECIMEN",-115.253696,45.447762,3862,1954,8,18,"US","Idaho","Idaho County","2 mi SE of Burnt Knob, Dry Camp","2 mi SE of Burnt Knob, Dry Camp, Idaho Co., Idaho","CRCM","Collector(s): unknown","http://arctos.database.museum/guid/CRCM:Mamm:8584"
4947660702,"CC_BY_NC_4_0","Urocitellus columbianus","PRESERVED_SPECIMEN",-117.179616,46.731274,5639,1978,6,26,"US","Washington","Whitman County","Pullman","Pullman, elev. 2500 ft, Whitman Co., Washington","CRCM","Collector(s): unknown","http://arctos.database.museum/guid/CRCM:Mamm:8409"
4947660523,"CC_BY_NC_4_0","Urocitellus columbianus","PRESERVED_SPECIMEN",-117.200518,48.891314,301,1992,6,17,"US","Washington","Pend Oreille County","Crowell Ridge","Crowell Ridge, T39N R44E Sec 12, Pend Oreille Co, Washington","CRCM","Collector(s): unknown","http://arctos.database.museum/guid/CRCM:Mamm:8420"
4947660376,"CC_BY_NC_4_0","Urocitellus columbianus","PRESERVED_SPECIMEN",-117.179616,46.731274,5639,1978,7,6,"US","Washington","Whitman County","Pullman","Pullman, elev. 2500 ft, Whitman Co., Washington","CRCM","Collector(s): unknown","http://arctos.database.museum/guid/CRCM:Mamm:8460"
4947660357,"CC_BY_NC_4_0","Urocitellus columbianus","PRESERVED_SPECIMEN",-117.273998,48.532318,66268,1994,6,23,"US","Washington","Pend Oreille County","No specific locality recorded.","Rub Reg 3, T35N, R42E, sec. 3, Pend Oreille Co., Washington","CRCM","Collector(s): unknown","http://arctos.database.museum/guid/CRCM:Mamm:22980"
4947660350,"CC_BY_NC_4_0","Urocitellus columbianus","PRESERVED_SPECIMEN",-114.120759,46.081674,83966,1966,7,29,"US","Montana","Ravalli County","Fainted Rocks Reservoir","Fainted Rocks Reservoir, Ravalli Co., Montana","CRCM","Collector(s): unknown","http://arctos.database.museum/guid/CRCM:Mamm:8528"
4947660251,"CC_BY_NC_4_0","Urocitellus columbianus","PRESERVED_SPECIMEN",-118.343021,46.064581,4977,1983,5,26,"US","Washington","Walla Walla County","N Fort Walla Walla City Park, Walla Walla","N Fort Walla Walla City Park, Walla Walla, Walla Walla Co., Washington","CRCM","Collector(s): unknown","http://arctos.database.museum/guid/CRCM:Mamm:25039"
4947660145,"CC_BY_NC_4_0","Urocitellus columbianus","PRESERVED_SPECIMEN",-118.343021,46.064581,4977,1983,4,30,"US","Washington","Walla Walla County","N Fort Walla Walla City Park, Walla Walla","N Fort Walla Walla City Park, Walla Walla, Walla Walla Co., Washington","CRCM","Collector(s): unknown","http://arctos.database.museum/guid/CRCM:Mamm:24953"
4947660115,"CC_BY_NC_4_0","Urocitellus columbianus","PRESERVED_SPECIMEN",-118.343021,46.064581,4977,1983,5,7,"US","Washington","Walla Walla County","N Fort Walla Walla City Park, Walla Walla","N Fort Walla Walla City Park, Walla Walla, Walla Walla Co., Washington","CRCM","Collector(s): unknown","http://arctos.database.museum/guid/CRCM:Mamm:24993"
4947660096,"CC_BY_NC_4_0","Urocitellus columbianus","PRESERVED_SPECIMEN",-118.343021,46.064581,4977,1983,5,2,"US","Washington","Walla Walla County","N Fort Walla Walla City Park, Walla Walla","N Fort Walla Walla City Park, Walla Walla, Walla Walla Co., Washington","CRCM","Collector(s): unknown","http://arctos.database.museum/guid/CRCM:Mamm:24961"
4947659962,"CC_BY_NC_4_0","Urocitellus columbianus","PRESERVED_SPECIMEN",-118.343021,46.064581,4977,1983,5,4,"US","Washington","Walla Walla County","N Fort Walla Walla City Park, Walla Walla","N Fort Walla Walla City Park, Walla Walla, Walla Walla Co., Washington","CRCM","Collector(s): unknown","http://arctos.database.museum/guid/CRCM:Mamm:24985"
4947659923,"CC_BY_NC_4_0","Urocitellus columbianus","PRESERVED_SPECIMEN",-117.270805,46.928988,3318,1980,7,NA,"US","Washington","Whitman County","1 mi upstream from Albion, S. Fork Palouse River","1 mi upstream from Albion, S. Fork Palouse River, Whitman Co., Washington","CRCM","Collector(s): unknown","http://arctos.database.museum/guid/CRCM:Mamm:8441"
4947659863,"CC_BY_NC_4_0","Urocitellus columbianus","PRESERVED_SPECIMEN",-118.585814,46.020281,3754,1983,3,22,"US","Washington","Walla Walla County","4 km S of Lowden","4 km S of Lowden, Walla Walla Co., Washington","CRCM","Collector(s): unknown","http://arctos.database.museum/guid/CRCM:Mamm:24851"
4947659840,"CC_BY_NC_4_0","Urocitellus columbianus","PRESERVED_SPECIMEN",-118.343021,46.064581,4977,1983,4,26,"US","Washington","Walla Walla County","N Fort Walla Walla City Park, Walla Walla","N Fort Walla Walla City Park, Walla Walla, Walla Walla Co., Washington","CRCM","Collector(s): unknown","http://arctos.database.museum/guid/CRCM:Mamm:24909"
4947659773,"CC_BY_NC_4_0","Urocitellus columbianus","PRESERVED_SPECIMEN",-117.502458,48.43685,1807,1995,7,4,"US","Washington","Stevens County","Calispell Peak, Selkirk Mtns","Calispell Peak at 6700 ft, Selkirk Mtns, T34N R42E Sec 21, Stevens Co., Washington","CRCM","Collector(s): unknown","http://arctos.database.museum/guid/CRCM:Mamm:8351"
4947659590,"CC_BY_NC_4_0","Urocitellus columbianus","PRESERVED_SPECIMEN",-117.021284,46.732213,5739,1938,6,15,"US","Idaho","Latah County","Paradise Creek, 1 mi W Moscow","Paradise Creek, 1 mi W Moscow, Latah Co., Idaho","CRCM","Collector(s): unknown","http://arctos.database.museum/guid/CRCM:Mamm:8572"
4947659492,"CC_BY_NC_4_0","Urocitellus columbianus","PRESERVED_SPECIMEN",-117.273998,48.532318,66268,1994,6,19,"US","Washington","Pend Oreille County","No specific locality recorded.","Rub Reg 3, T35N, R42E, sec. 3, Pend Oreille Co., Washington","CRCM","Collector(s): unknown","http://arctos.database.museum/guid/CRCM:Mamm:22988"
4947659409,"CC_BY_NC_4_0","Urocitellus columbianus","PRESERVED_SPECIMEN",-118.343021,46.064581,4977,1983,5,14,"US","Washington","Walla Walla County","N Fort Walla Walla City Park, Walla Walla","N Fort Walla Walla City Park, Walla Walla, Walla Walla Co., Washington","CRCM","Collector(s): unknown","http://arctos.database.museum/guid/CRCM:Mamm:25016"
4947659240,"CC_BY_NC_4_0","Urocitellus columbianus","PRESERVED_SPECIMEN",-117.273998,48.532318,66268,1994,6,23,"US","Washington","Pend Oreille County","No specific locality recorded.","Rub Reg 3, T35N, R42E, sec. 3, Pend Oreille Co., Washington","CRCM","Collector(s): unknown","http://arctos.database.museum/guid/CRCM:Mamm:22978"
4947659221,"CC_BY_NC_4_0","Urocitellus columbianus","PRESERVED_SPECIMEN",-116.868614,46.920119,90,1985,4,4,"US","Idaho","Latah County","Gold Creek Ranch, 1 mi E of Potlach on Hwy. 6","Gold Creek Ranch, 1 mi E of Potlach on Hwy. 6, Latah Co., Idaho","CRCM","Collector(s): unknown","http://arctos.database.museum/guid/CRCM:Mamm:8607"
4947659210,"CC_BY_NC_4_0","Urocitellus columbianus","PRESERVED_SPECIMEN",-118.603228,48.881317,3062,1995,7,5,"US","Washington","Ferry County","3.5 mi W, 1.3 mi N of Sherman Pass, Kettle River Range","3.5 mi W, 1.3 mi N of Sherman Pass, 4100ft, T36N R34E S9, Kettle River Range, Ferry Co, Washington","CRCM","Collector(s): unknown","http://arctos.database.museum/guid/CRCM:Mamm:8361"
4947659187,"CC_BY_NC_4_0","Urocitellus columbianus","PRESERVED_SPECIMEN",-116.868614,46.920119,90,1985,4,2,"US","Idaho","Latah County","Gold Creek Ranch, 1 mi E of Potlach on Hwy. 6","Gold Creek Ranch, 1 mi E of Potlach on Hwy. 6, Latah Co., Idaho","CRCM","Collector(s): unknown","http://arctos.database.museum/guid/CRCM:Mamm:8582"
4947659182,"CC_BY_NC_4_0","Urocitellus columbianus","PRESERVED_SPECIMEN",-117.179616,46.731274,5639,1978,6,15,"US","Washington","Whitman County","Pullman","Pullman, elev. 2500 ft, Whitman Co., Washington","CRCM","Collector(s): unknown","http://arctos.database.museum/guid/CRCM:Mamm:8451"
4947659127,"CC_BY_NC_4_0","Urocitellus columbianus","PRESERVED_SPECIMEN",-117.273998,48.532318,66268,1995,7,1,"US","Washington","Pend Oreille County","No specific locality recorded.","Rub Reg 3, T35N, R42E, sec. 3, Pend Oreille Co., Washington","CRCM","Collector(s): unknown","http://arctos.database.museum/guid/CRCM:Mamm:21261"
4947658923,"CC_BY_NC_4_0","Urocitellus columbianus","PRESERVED_SPECIMEN",-118.343021,46.064581,4977,1983,5,16,"US","Washington","Walla Walla County","N Fort Walla Walla City Park, Walla Walla","N Fort Walla Walla City Park, Walla Walla, Walla Walla Co., Washington","CRCM","Collector(s): unknown","http://arctos.database.museum/guid/CRCM:Mamm:25026"
4947658814,"CC_BY_NC_4_0","Urocitellus columbianus","PRESERVED_SPECIMEN",-117.000165,46.732388,3545,1955,6,19,"US","Idaho","Latah County","Moscow","Moscow, Latah Co., Idaho","CRCM","Collector(s): unknown","http://arctos.database.museum/guid/CRCM:Mamm:5644"
4947658692,"CC_BY_NC_4_0","Urocitellus columbianus","PRESERVED_SPECIMEN",-118.343021,46.064581,4977,1983,4,27,"US","Washington","Walla Walla County","N Fort Walla Walla City Park, Walla Walla","N Fort Walla Walla City Park, Walla Walla, Walla Walla Co., Washington","CRCM","Collector(s): unknown","http://arctos.database.museum/guid/CRCM:Mamm:24920"
4947658630,"CC_BY_NC_4_0","Urocitellus columbianus","PRESERVED_SPECIMEN",-118.601877,48.881706,475,1995,7,5,"US","Washington","Ferry County","0.4 mi W, 0.1 mi N of Sherman Pass, Kettle River Rang","0.4 mi W, 0.1 mi N of Sherman Pass, 5250 ft, T36N R34E S24, Kettle River Range, Ferry Co, Washington","CRCM","Collector(s): unknown","http://arctos.database.museum/guid/CRCM:Mamm:8382"
4947658615,"CC_BY_NC_4_0","Urocitellus columbianus","PRESERVED_SPECIMEN",-118.343021,46.064581,4977,1983,4,26,"US","Washington","Walla Walla County","N Fort Walla Walla City Park, Walla Walla","N Fort Walla Walla City Park, Walla Walla, Walla Walla Co., Washington","CRCM","Collector(s): unknown","http://arctos.database.museum/guid/CRCM:Mamm:24895"
4947658564,"CC_BY_NC_4_0","Urocitellus columbianus","PRESERVED_SPECIMEN",-117.179616,46.731274,5639,1978,6,7,"US","Washington","Whitman County","Pullman","Pullman, elev. 2500 ft, Whitman Co., Washington","CRCM","Collector(s): unknown","http://arctos.database.museum/guid/CRCM:Mamm:8461"
4947658474,"CC_BY_NC_4_0","Urocitellus columbianus","PRESERVED_SPECIMEN",-116.868614,46.920119,90,1985,3,21,"US","Idaho","Latah County","Gold Creek Ranch, 1 mi E of Potlach on Hwy. 6","Gold Creek Ranch, 1 mi E of Potlach on Hwy. 6, Latah Co., Idaho","CRCM","Collector(s): unknown","http://arctos.database.museum/guid/CRCM:Mamm:8562"
4947658457,"CC_BY_NC_4_0","Urocitellus columbianus","PRESERVED_SPECIMEN",-116.436501,47.677169,24058,1940,7,14,"US","Idaho","Kootenai County","Burnt Cabin Summit, 16 mi E Coeur d'Alene","Burnt Cabin Summit, 16 mi E Coeur d'Alene, Kootenai Co., Idaho","CRCM","Collector(s): unknown","http://arctos.database.museum/guid/CRCM:Mamm:24358"
4947658294,"CC_BY_NC_4_0","Urocitellus columbianus","PRESERVED_SPECIMEN",-116.593925,45.421772,17515,1978,7,31,"US","Idaho","Idaho County","13.5 mi W of Riggins on the Windy Saddle Rd","13.5 mi W of Riggins on the Windy Saddle Rd., 7000 ft., Idaho Co., Idaho","CRCM","Collector(s): unknown","http://arctos.database.museum/guid/CRCM:Mamm:8541"
4947658259,"CC_BY_NC_4_0","Urocitellus columbianus","PRESERVED_SPECIMEN",-118.343021,46.064581,4977,1983,4,28,"US","Washington","Walla Walla County","N Fort Walla Walla City Park, Walla Walla","N Fort Walla Walla City Park, Walla Walla, Walla Walla Co., Washington","CRCM","Collector(s): unknown","http://arctos.database.museum/guid/CRCM:Mamm:24931"
4947658130,"CC_BY_NC_4_0","Urocitellus columbianus","PRESERVED_SPECIMEN",-117.179616,46.731274,5639,1911,5,9,"US","Washington","Whitman County","Pullman","Pullman, Whitman Co., Washington","CRCM","Collector(s): unknown","http://arctos.database.museum/guid/CRCM:Mamm:6108"
4947658122,"CC_BY_NC_4_0","Urocitellus columbianus","PRESERVED_SPECIMEN",-118.343021,46.064581,4977,1983,5,10,"US","Washington","Walla Walla County","N Fort Walla Walla City Park, Walla Walla","N Fort Walla Walla City Park, Walla Walla, Walla Walla Co., Washington","CRCM","Collector(s): unknown","http://arctos.database.museum/guid/CRCM:Mamm:25006"
4947658111,"CC_BY_NC_4_0","Urocitellus columbianus","PRESERVED_SPECIMEN",-117.179616,46.731274,5639,1978,6,7,"US","Washington","Whitman County","Pullman","Pullman, elev. 2500 ft, Whitman Co., Washington","CRCM","Collector(s): unknown","http://arctos.database.museum/guid/CRCM:Mamm:8462"
4947657993,"CC_BY_NC_4_0","Urocitellus columbianus","PRESERVED_SPECIMEN",-113.895901,45.682583,44873,1977,5,22,"US","Idaho","Lemhi County","35 mi N of Salmon","35 mi N of Salmon, 5400 ft., Lemhi Co., Idaho","CRCM","Collector(s): unknown","http://arctos.database.museum/guid/CRCM:Mamm:8593"
4947657900,"CC_BY_NC_4_0","Urocitellus columbianus","PRESERVED_SPECIMEN",-117.114094,47.893788,3587,1982,7,11,"US","Washington","Spokane County","1.9 mi S, 1.8 mi E of Summit of Mt. Spokane","1.9 mi S, 1.8 mi E of Summit of Mt. Spokane, elev. 4700 ft, Spokane Co., Washington","CRCM","Collector(s): unknown","http://arctos.database.museum/guid/CRCM:Mamm:8419"
4947657816,"CC_BY_NC_4_0","Urocitellus columbianus","PRESERVED_SPECIMEN",-118.343021,46.064581,4977,1983,5,9,"US","Washington","Walla Walla County","N Fort Walla Walla City Park, Walla Walla","N Fort Walla Walla City Park, Walla Walla, Walla Walla Co., Washington","CRCM","Collector(s): unknown","http://arctos.database.museum/guid/CRCM:Mamm:24995"
4947657724,"CC_BY_NC_4_0","Urocitellus columbianus","PRESERVED_SPECIMEN",-118.343021,46.064581,4977,1983,5,26,"US","Washington","Walla Walla County","N Fort Walla Walla City Park, Walla Walla","N Fort Walla Walla City Park, Walla Walla, Walla Walla Co., Washington","CRCM","Collector(s): unknown","http://arctos.database.museum/guid/CRCM:Mamm:25037"
4947657700,"CC_BY_NC_4_0","Urocitellus columbianus","PRESERVED_SPECIMEN",-118.343021,46.064581,4977,1983,4,30,"US","Washington","Walla Walla County","N Fort Walla Walla City Park, Walla Walla","N Fort Walla Walla City Park, Walla Walla, Walla Walla Co., Washington","CRCM","Collector(s): unknown","http://arctos.database.museum/guid/CRCM:Mamm:24951"
4947657608,"CC_BY_NC_4_0","Urocitellus columbianus","PRESERVED_SPECIMEN",-117.454566,48.275992,16413,1992,6,22,"US","Washington","Pend Oreille County","12 mi E of Chewelah","12 mi E of Chewelah, T32N R42E Sec 14, Pend Oreille Co., Washington","CRCM","Collector(s): unknown","http://arctos.database.museum/guid/CRCM:Mamm:8430"
4947657387,"CC_BY_NC_4_0","Urocitellus columbianus","PRESERVED_SPECIMEN",-118.477514,48.596559,1807,1992,6,23,"US","Washington","Ferry County","SE side Sherman Peak","SE side Sherman Peak, T36N 34E S25, 6900 ft, Ferry Co, Washington","CRCM","Collector(s): unknown","http://arctos.database.museum/guid/CRCM:Mamm:8362"
4947657315,"CC_BY_NC_4_0","Urocitellus columbianus","PRESERVED_SPECIMEN",-117.907842,46.297498,49219,1992,7,9,"US","Washington","Columbia County","4.5 mi SW of Camp Wooten","4.5 mi SW of Camp Wooten, T8N R40E Sec 2, Columbia Co., Washington","CRCM","Collector(s): unknown","http://arctos.database.museum/guid/CRCM:Mamm:8493"
4947657220,"CC_BY_NC_4_0","Urocitellus columbianus","PRESERVED_SPECIMEN",-116.868614,46.920119,90,1985,4,2,"US","Idaho","Latah County","Gold Creek Ranch, 1 mi E of Potlach on Hwy. 6","Gold Creek Ranch, 1 mi E of Potlach on Hwy. 6, Latah Co., Idaho","CRCM","Collector(s): unknown","http://arctos.database.museum/guid/CRCM:Mamm:8583"
4947657182,"CC_BY_NC_4_0","Urocitellus columbianus","PRESERVED_SPECIMEN",-117.198496,45.197825,789,1981,7,21,"US","Oregon","Wallowa County","0.6 mi ENE Jewett Lake","0.6 mi ENE Jewett Lake, 7850 ft., Wallowa Co., Oregon","CRCM","Collector(s): unknown; Preparator(s): G. W. Reed","http://arctos.database.museum/guid/CRCM:Mamm:8519"
4947657144,"CC_BY_NC_4_0","Urocitellus columbianus","PRESERVED_SPECIMEN",-117.017657,46.416551,7433,1983,6,20,"US","Idaho","Nez Perce County","Mile 128, Highway 12 out of Lewiston","Mile 128, Highway 12 out of Lewiston, [Nez Perce Co.?] Idaho","CRCM","Collector(s): unknown","http://arctos.database.museum/guid/CRCM:Mamm:24359"
4947657032,"CC_BY_NC_4_0","Urocitellus columbianus","PRESERVED_SPECIMEN",-118.343021,46.064581,4977,1983,5,10,"US","Washington","Walla Walla County","N Fort Walla Walla City Park, Walla Walla","N Fort Walla Walla City Park, Walla Walla, Walla Walla Co., Washington","CRCM","Collector(s): unknown","http://arctos.database.museum/guid/CRCM:Mamm:25005"
4947656997,"CC_BY_NC_4_0","Urocitellus columbianus","PRESERVED_SPECIMEN",-118.343021,46.064581,4977,1983,5,2,"US","Washington","Walla Walla County","N Fort Walla Walla City Park, Walla Walla","N Fort Walla Walla City Park, Walla Walla, Walla Walla Co., Washington","CRCM","Collector(s): unknown","http://arctos.database.museum/guid/CRCM:Mamm:24962"
4947656991,"CC_BY_NC_4_0","Urocitellus columbianus","PRESERVED_SPECIMEN",-118.343021,46.064581,4977,1983,4,28,"US","Washington","Walla Walla County","N Fort Walla Walla City Park, Walla Walla","N Fort Walla Walla City Park, Walla Walla, Walla Walla Co., Washington","CRCM","Collector(s): unknown","http://arctos.database.museum/guid/CRCM:Mamm:24930"
4947656978,"CC_BY_NC_4_0","Urocitellus columbianus","PRESERVED_SPECIMEN",-118.343021,46.064581,4977,1983,4,26,"US","Washington","Walla Walla County","N Fort Walla Walla City Park, Walla Walla","N Fort Walla Walla City Park, Walla Walla, Walla Walla Co., Washington","CRCM","Collector(s): unknown","http://arctos.database.museum/guid/CRCM:Mamm:24908"
4947656896,"CC_BY_NC_4_0","Urocitellus columbianus","PRESERVED_SPECIMEN",-117.482414,46.123945,1959,1977,6,18,"US","Washington","Grant County","2.2 mi W, 0.8 mi S of Wickiup Spring","2.2 mi W, 0.8 mi S Wickiup Spring, Garfield Co., Washington","CRCM","Collector(s): unknown","http://arctos.database.museum/guid/CRCM:Mamm:8507"
4947656819,"CC_BY_NC_4_0","Urocitellus columbianus","PRESERVED_SPECIMEN",-117.130235,48.810201,1807,1992,6,16,"US","Washington","Pend Oreille County","Round Top Mountain","Roundtop Mt, T38N R45E Sec 8, 6400 ft, Pend Oreille Co, Washington","CRCM","Collector(s): unknown","http://arctos.database.museum/guid/CRCM:Mamm:8429"
4947656694,"CC_BY_NC_4_0","Urocitellus columbianus","PRESERVED_SPECIMEN",-118.343021,46.064581,4977,1983,5,7,"US","Washington","Walla Walla County","N Fort Walla Walla City Park, Walla Walla","N Fort Walla Walla City Park, Walla Walla, Walla Walla Co., Washington","CRCM","Collector(s): unknown","http://arctos.database.museum/guid/CRCM:Mamm:24994"
4947656619,"CC_BY_NC_4_0","Urocitellus columbianus","PRESERVED_SPECIMEN",-118.585814,46.020281,3754,1983,3,22,"US","Washington","Walla Walla County","4 km S of Lowden","4 km S of Lowden, Walla Walla Co., Washington","CRCM","Collector(s): unknown","http://arctos.database.museum/guid/CRCM:Mamm:24852"
4947656578,"CC_BY_NC_4_0","Urocitellus columbianus","PRESERVED_SPECIMEN",-118.343021,46.064581,4977,1983,4,27,"US","Washington","Walla Walla County","N Fort Walla Walla City Park, Walla Walla","N Fort Walla Walla City Park, Walla Walla, Walla Walla Co., Washington","CRCM","Collector(s): unknown","http://arctos.database.museum/guid/CRCM:Mamm:24919"
4947656555,"CC_BY_NC_4_0","Urocitellus columbianus","PRESERVED_SPECIMEN",-113.35,48.3167,301,1958,6,20,"US","Montana","Glacier County","Marias Pass","Marias Pass, Glacier Co., Montana","CRCM","Collector(s): unknown","http://arctos.database.museum/guid/CRCM:Mamm:8408"
4947656535,"CC_BY_NC_4_0","Urocitellus columbianus","PRESERVED_SPECIMEN",-118.343021,46.064581,4977,1983,4,25,"US","Washington","Walla Walla County","N Fort Walla Walla City Park, Walla Walla","N Fort Walla Walla City Park, Walla Walla, Walla Walla Co., Washington","CRCM","Collector(s): unknown","http://arctos.database.museum/guid/CRCM:Mamm:24894"
4947656534,"CC_BY_NC_4_0","Urocitellus columbianus","PRESERVED_SPECIMEN",-118.585814,46.020281,3754,1983,4,13,"US","Washington","Walla Walla County","4 km S of Lowden","4 km S of Lowden, Walla Walla Co., Washington","CRCM","Collector(s): unknown","http://arctos.database.museum/guid/CRCM:Mamm:24862"
4947656499,"CC_BY_NC_4_0","Urocitellus columbianus","PRESERVED_SPECIMEN",-118.343021,46.064581,4977,1983,4,21,"US","Washington","Walla Walla County","N Fort Walla Walla City Park, Walla Walla","N Fort Walla Walla City Park, Walla Walla, Walla Walla Co., Washington","CRCM","Collector(s): unknown","http://arctos.database.museum/guid/CRCM:Mamm:24884"
4947656425,"CC_BY_NC_4_0","Urocitellus columbianus","PRESERVED_SPECIMEN",-117.200518,48.891314,301,1992,6,17,"US","Washington","Pend Oreille County","Crowell Ridge Trail","Crowell Ridge Trail, T39N R44E Sec 1, Pend Oreille Co, Washington","CRCM","Collector(s): unknown","http://arctos.database.museum/guid/CRCM:Mamm:8383"
4947656403,"CC_BY_NC_4_0","Urocitellus columbianus","PRESERVED_SPECIMEN",-117.179616,46.731274,5639,1978,6,6,"US","Washington","Whitman County","Pullman","Pullman, elev. 2500 ft, Whitman Co., Washington","CRCM","Collector(s): unknown","http://arctos.database.museum/guid/CRCM:Mamm:5943"
4947656313,"CC_BY_NC_4_0","Urocitellus columbianus","PRESERVED_SPECIMEN",-117.273998,48.532318,66268,1995,6,25,"US","Washington","Pend Oreille County","No specific locality recorded.","Rub Reg 5, T35N, R43E, E 1/2 of SW 1/4 of sec. 5, Pend Oreille Co., Washington","CRCM","Collector(s): unknown","http://arctos.database.museum/guid/CRCM:Mamm:24226"
4947656184,"CC_BY_NC_4_0","Urocitellus columbianus","PRESERVED_SPECIMEN",-117.205811,45.187396,834,1981,7,21,"US","Oregon","Wallowa County","0.4 mi NW Jewett Lake, Wallowa Mtns","0.4 mi NW Jewett Lake, Wallowa Mtns., 8450 ft., Wallowa Co., Oregon","CRCM","Collector(s): unknown","http://arctos.database.museum/guid/CRCM:Mamm:8529"
4947656170,"CC_BY_NC_4_0","Urocitellus columbianus","PRESERVED_SPECIMEN",-117.060103,46.738423,2069,1977,5,14,"US","Washington","Whitman County","1.7 mi E, 1.3 mi N of Sunshine","1.7 mi E, 1.3 mi N of Sunshine, elev. 2540 ft, Whitman Co., Washington","CRCM","Collector(s): unknown","http://arctos.database.museum/guid/CRCM:Mamm:8472"
4947656114,"CC_BY_NC_4_0","Urocitellus columbianus","PRESERVED_SPECIMEN",-116.868614,46.920119,90,1985,4,4,"US","Idaho","Latah County","Gold Creek Ranch, 1 mi E of Potlach on Hwy. 6","Gold Creek Ranch, 1 mi E of Potlach on Hwy. 6, Latah Co., Idaho","CRCM","Collector(s): unknown","http://arctos.database.museum/guid/CRCM:Mamm:8608"
4947655826,"CC_BY_NC_4_0","Urocitellus columbianus","PRESERVED_SPECIMEN",-117.179616,46.731274,5639,1978,6,16,"US","Washington","Whitman County","Pullman","Pullman, elev. 2500 ft, Whitman Co., Washington","CRCM","Collector(s): unknown","http://arctos.database.museum/guid/CRCM:Mamm:8440"
4947655805,"CC_BY_NC_4_0","Urocitellus columbianus","PRESERVED_SPECIMEN",-115.060952,46.304101,4648,1958,6,27,"US","Idaho","Idaho County","0.5 mi N Wounded Doe Licks","0.5 mi N Wounded Doe Licks, Idaho Co., Idaho","CRCM","Collector(s): unknown","http://arctos.database.museum/guid/CRCM:Mamm:5922"
4947655743,"CC_BY_NC_4_0","Urocitellus columbianus","PRESERVED_SPECIMEN",-113.895901,45.682583,44873,1977,5,22,"US","Idaho","Lemhi County","35 mi N of Salmon","35 mi N of Salmon, 5400 ft., Lemhi Co., Idaho","CRCM","Collector(s): unknown","http://arctos.database.museum/guid/CRCM:Mamm:8551"
4947655730,"CC_BY_NC_4_0","Urocitellus columbianus","PRESERVED_SPECIMEN",-118.585814,46.020281,3754,1983,3,28,"US","Washington","Walla Walla County","4 km S of Lowden","4 km S of Lowden, Walla Walla Co., Washington","CRCM","Collector(s): unknown","http://arctos.database.museum/guid/CRCM:Mamm:24841"
4947655660,"CC_BY_NC_4_0","Urocitellus columbianus","PRESERVED_SPECIMEN",-118.272782,48.819945,2950,1981,6,13,"US","Washington","Ferry County","4.5 mi SW Orient","4.5 mi SW Orient, 4300 ft, Ferry Co., Washington","CRCM","Collector(s): unknown","http://arctos.database.museum/guid/CRCM:Mamm:8372"
4947655627,"CC_BY_NC_4_0","Urocitellus columbianus","PRESERVED_SPECIMEN",-117.482414,46.123945,1959,1977,6,18,"US","Washington","Grant County","2.2 mi W, 0.8 mi S of Wickiup Spring","2.2 mi W, 0.8 mi S Wickiup Spring, Garfield Co., Washington","CRCM","Collector(s): unknown","http://arctos.database.museum/guid/CRCM:Mamm:8508"
4947655608,"CC_BY_NC_4_0","Urocitellus columbianus","PRESERVED_SPECIMEN",-117.907842,46.297498,49219,1992,7,9,"US","Washington","Columbia County","4.5 mi SW of Camp Wooten","4.5 mi SW of Camp Wooten, T8N R40E Sec 2, Columbia Co., Washington","CRCM","Collector(s): unknown","http://arctos.database.museum/guid/CRCM:Mamm:8483"
4947655535,"CC_BY_NC_4_0","Urocitellus columbianus","PRESERVED_SPECIMEN",-116.335725,48.020926,301,1961,7,19,"US","Idaho","Bonner County","beside road, Granite Creek","beside road, Granite Creek, Bonner Co., Idaho","CRCM","Collector(s): unknown","http://arctos.database.museum/guid/CRCM:Mamm:6407"
4947655463,"CC_BY_NC_4_0","Urocitellus columbianus","PRESERVED_SPECIMEN",-118.343021,46.064581,4977,1983,4,29,"US","Washington","Walla Walla County","N Fort Walla Walla City Park, Walla Walla","N Fort Walla Walla City Park, Walla Walla, Walla Walla Co., Washington","CRCM","Collector(s): unknown","http://arctos.database.museum/guid/CRCM:Mamm:24941"
4947655439,"CC_BY_NC_4_0","Urocitellus columbianus","PRESERVED_SPECIMEN",-118.343021,46.064581,4977,1983,5,16,"US","Washington","Walla Walla County","N Fort Walla Walla City Park, Walla Walla","N Fort Walla Walla City Park, Walla Walla, Walla Walla Co., Washington","CRCM","Collector(s): unknown","http://arctos.database.museum/guid/CRCM:Mamm:25027"
48091935,"CC0_1_0","Urocitellus columbianus","PRESERVED_SPECIMEN",-114.437759,46.871361,NA,1969,6,21,"US","Montana","Missoula","7 MI S, 21 MI W MISSOULA","North America | USA | MONTANA | MISSOULA","FHSM","UNKNOWN","http://portal.vertnet.org/o/fhsm/fhsm-m?id=8857"
48091934,"CC0_1_0","Urocitellus columbianus","PRESERVED_SPECIMEN",-114.437759,46.871361,NA,1969,6,21,"US","Montana","Missoula","7 MI S, 21 MI W MISSOULA","North America | USA | MONTANA | MISSOULA","FHSM","UNKNOWN","http://portal.vertnet.org/o/fhsm/fhsm-m?id=8856"
48091637,"CC0_1_0","Urocitellus columbianus","PRESERVED_SPECIMEN",0,0,NA,1964,8,2,"US","Washington","Asotin","1 MI N, 10 MI W ANTONE","North America | USA | WASHINGTON | ASOTIN","FHSM","UNKNOWN","http://portal.vertnet.org/o/fhsm/fhsm-m?id=4061"
48091628,"CC0_1_0","Urocitellus columbianus","PRESERVED_SPECIMEN",-115.488892,45.678955,NA,1964,8,2,"US","Idaho","Nez Perce","6 MI S GRANGEVILLE","North America | USA | IDAHO | NEZ PERCE","FHSM","UNKNOWN","http://portal.vertnet.org/o/fhsm/fhsm-m?id=3982"
48091617,"CC0_1_0","Urocitellus columbianus","PRESERVED_SPECIMEN",-117.361221,46.134769,NA,1964,8,2,"US","Washington","Asotin","1 MI S, 11 MI W ANATONE","North America | USA | WASHINGTON | ASOTIN","FHSM","UNKNOWN","http://portal.vertnet.org/o/fhsm/fhsm-m?id=3861"
48091613,"CC0_1_0","Urocitellus columbianus","PRESERVED_SPECIMEN",-117.361221,46.134769,NA,1964,8,2,"US","Washington","Asotin","11 MI W ANATONE","North America | USA | WASHINGTON | ASOTIN","FHSM","UNKNOWN","http://portal.vertnet.org/o/fhsm/fhsm-m?id=3842"
48091612,"CC0_1_0","Urocitellus columbianus","PRESERVED_SPECIMEN",-117.361221,46.134769,NA,1964,8,2,"US","Washington","Asotin","1 MI S, 11 MI W ANATONE","North America | USA | WASHINGTON | ASOTIN","FHSM","UNKNOWN","http://portal.vertnet.org/o/fhsm/fhsm-m?id=3841"
45903792,"CC0_1_0","Urocitellus columbianus","PRESERVED_SPECIMEN",-117.3637803,46.1177704,NA,1954,5,18,"US","Washington","Asotin","7 Sisters Spring","North America | USA | Washington | Asotin Co. | 7 Sisters Spring","LSUMZ","","http://portal.vertnet.org/o/lsumz/mammals?id=13483"
4532804994,"CC0_1_0","Urocitellus columbianus","PRESERVED_SPECIMEN",NA,NA,NA,2004,6,30,"CA","Bc","Okanagan","","","BBM","Spencer G. Sealy",""
44877947,"CC_BY_4_0","Urocitellus columbianus","PRESERVED_SPECIMEN",NA,NA,NA,1906,7,5,"US","Oregon","Baker","Anthony","","SDNHM","H. Anthony",""
44875775,"CC_BY_4_0","Urocitellus columbianus","PRESERVED_SPECIMEN",NA,NA,NA,1922,6,24,"US","Oregon","Umatilla","Ukiah","","SDNHM","S. G. Jewett",""
44875241,"CC_BY_4_0","Urocitellus columbianus","PRESERVED_SPECIMEN",NA,NA,NA,1936,6,11,"CA","Alberta","","near Cameron Lake","","SDNHM","L. M. Huey",""
44875238,"CC_BY_4_0","Urocitellus columbianus","PRESERVED_SPECIMEN",NA,NA,NA,1936,6,11,"CA","Alberta","","Waterton Lake","","SDNHM","L. M. Huey",""
44875234,"CC_BY_4_0","Urocitellus columbianus","PRESERVED_SPECIMEN",NA,NA,NA,1936,6,13,"US","Montana","Glacier","Glacier National Park, Many Glaciers","","SDNHM","L. M. Huey",""
44875232,"CC_BY_4_0","Urocitellus columbianus","PRESERVED_SPECIMEN",NA,NA,NA,1936,6,13,"US","Montana","Glacier","Babb","","SDNHM","L. M. Huey",""
44875228,"CC_BY_4_0","Urocitellus columbianus","PRESERVED_SPECIMEN",NA,NA,NA,1936,6,13,"US","Montana","Glacier","Babb","","SDNHM","L. M. Huey",""
44875225,"CC_BY_4_0","Urocitellus columbianus","PRESERVED_SPECIMEN",NA,NA,NA,1936,6,13,"US","Montana","Glacier","Babb","","SDNHM","L. M. Huey",""
4169263004,"CC_BY_4_0","Urocitellus columbianus","PRESERVED_SPECIMEN",NA,NA,NA,1946,5,26,"US","Washington","WHITMAN","Pullman","","IBUNAM","James Beer",""
4169211235,"CC_BY_4_0","Urocitellus columbianus","PRESERVED_SPECIMEN",NA,NA,NA,1936,7,31,"US","Idaho","BLAINE","Alturus Lake","","IBUNAM","Dávalos",""
4146307747,"CC0_1_0","Urocitellus columbianus","PRESERVED_SPECIMEN",NA,NA,NA,1977,6,24,"US","Idaho","Valley County","No specific locality recorded.","No specific locality recorded.","UWBM","Collector(s): Donald K. Grayson","http://arctos.database.museum/guid/UWBM:Mamm:84881"
4146307720,"CC0_1_0","Urocitellus columbianus","PRESERVED_SPECIMEN",NA,NA,NA,1977,6,29,"US","Idaho","Valley County","No specific locality recorded.","No specific locality recorded.","UWBM","Collector(s): Donald K. Grayson","http://arctos.database.museum/guid/UWBM:Mamm:84880"
4146307690,"CC0_1_0","Urocitellus columbianus","PRESERVED_SPECIMEN",NA,NA,NA,1977,6,24,"US","Idaho","Valley County","No specific locality recorded.","No specific locality recorded.","UWBM","Collector(s): Donald K. Grayson","http://arctos.database.museum/guid/UWBM:Mamm:84861"
4146307687,"CC0_1_0","Urocitellus columbianus","PRESERVED_SPECIMEN",NA,NA,NA,1977,6,26,"US","Idaho","Valley County","No specific locality recorded.","No specific locality recorded.","UWBM","Collector(s): Donald K. Grayson","http://arctos.database.museum/guid/UWBM:Mamm:84915"
4146307621,"CC0_1_0","Urocitellus columbianus","PRESERVED_SPECIMEN",NA,NA,NA,1977,7,1,"US","Idaho","Valley County","No specific locality recorded.","No specific locality recorded.","UWBM","Collector(s): Donald K. Grayson","http://arctos.database.museum/guid/UWBM:Mamm:85138"
4146307605,"CC0_1_0","Urocitellus columbianus","PRESERVED_SPECIMEN",NA,NA,NA,1977,7,20,"US","Idaho","Valley County","No specific locality recorded.","No specific locality recorded.","UWBM","Collector(s): Donald K. Grayson","http://arctos.database.museum/guid/UWBM:Mamm:84942"
4146307567,"CC0_1_0","Urocitellus columbianus","PRESERVED_SPECIMEN",NA,NA,NA,1977,6,24,"US","Idaho","Valley County","McCall, Idaho","No specific locality recorded.","UWBM","Collector(s): Donald K. Grayson","http://arctos.database.museum/guid/UWBM:Mamm:85084"
4146307565,"CC0_1_0","Urocitellus columbianus","PRESERVED_SPECIMEN",-119.10875,48.7062,NA,2010,7,1,"US","Washington","Okanogan County","Hwy 20 near intersection w/ county road 4953","USA, Washington, Okanogan, Hwy 20 near intersection w/ county road 4953, 3300 ft","UWBM","Collector(s): Chandler M. Coles, Jeffrey C. Heinlen; Preparator(s): Jeffrey E. Bradley","http://arctos.database.museum/guid/UWBM:Mamm:85250"
4146307499,"CC0_1_0","Urocitellus columbianus","PRESERVED_SPECIMEN",NA,NA,NA,1977,7,26,"US","Idaho","Valley County","No specific locality recorded.","No specific locality recorded.","UWBM","Collector(s): Donald K. Grayson","http://arctos.database.museum/guid/UWBM:Mamm:85108"
4146307483,"CC0_1_0","Urocitellus columbianus","PRESERVED_SPECIMEN",NA,NA,NA,1977,6,25,"US","Idaho","Valley County","No specific locality recorded.","No specific locality recorded.","UWBM","Collector(s): Donald K. Grayson","http://arctos.database.museum/guid/UWBM:Mamm:84875"
4146307374,"CC0_1_0","Urocitellus columbianus","PRESERVED_SPECIMEN",NA,NA,NA,1977,12,31,"US","Idaho","Valley County","No specific locality recorded.","No specific locality recorded.","UWBM","Collector(s): Donald K. Grayson","http://arctos.database.museum/guid/UWBM:Mamm:85158"
4146307367,"CC0_1_0","Urocitellus columbianus","PRESERVED_SPECIMEN",NA,NA,NA,1977,6,26,"US","Idaho","Valley County","No specific locality recorded.","No specific locality recorded.","UWBM","Collector(s): Donald K. Grayson","http://arctos.database.museum/guid/UWBM:Mamm:84907"
4137275803,"CC_BY_NC_4_0","Urocitellus columbianus","PRESERVED_SPECIMEN",NA,NA,NA,NA,NA,NA,"","","","","","NBM","","https://biodiverse-nb.ca/portal/collections/individual/index.php?occid=25322"
4137267201,"CC_BY_NC_4_0","Urocitellus columbianus","PRESERVED_SPECIMEN",-114.521,50.207,NA,1966,6,27,"CA","Alberta","","|22.4km(14miles) south of Kananaskis Highwood Junction|found in the base of Plateau Mounain, open meadow","","NBM","Willock, T.A","https://biodiverse-nb.ca/portal/collections/individual/index.php?occid=31448"
4137267197,"CC_BY_NC_4_0","Urocitellus columbianus","PRESERVED_SPECIMEN",-114.652,50.643,NA,1964,5,23,"CA","Alberta","","Gorge Creek","","NBM","Willock, T.A","https://biodiverse-nb.ca/portal/collections/individual/index.php?occid=31449"
4137267195,"CC_BY_NC_4_0","Urocitellus columbianus","PRESERVED_SPECIMEN",-114.303,50.709,NA,1965,5,21,"CA","Alberta","","|34.4km(21.5 miles) west of Turner Valley","","NBM","MacDonald, S.D","https://biodiverse-nb.ca/portal/collections/individual/index.php?occid=31446"
4137267192,"CC_BY_NC_4_0","Urocitellus columbianus","PRESERVED_SPECIMEN",-114.521,50.207,NA,1966,6,27,"CA","Alberta","","|22.4km(14miles) south of Kananaskis Highwood Junction|found in the base of Plateau Mounain, open meadow","","NBM","Willock, T.A","https://biodiverse-nb.ca/portal/collections/individual/index.php?occid=31447"
4137267144,"CC_BY_NC_4_0","Urocitellus columbianus","PRESERVED_SPECIMEN",-114.8,49.583,NA,1968,7,6,"CA","British Columbia","","","","NBM","Carter, C","https://biodiverse-nb.ca/portal/collections/individual/index.php?occid=31450"
4137266943,"CC_BY_NC_4_0","Urocitellus columbianus","PRESERVED_SPECIMEN",-116.05,51.6,NA,1959,7,6,"CA","Alberta","Banff","Banff National Park|CPR Station","","NBM","Thurlow, WM J.","https://biodiverse-nb.ca/portal/collections/individual/index.php?occid=31385"
4137266937,"CC_BY_NC_4_0","Urocitellus columbianus","PRESERVED_SPECIMEN",-114.28,50.675,NA,1965,5,21,"CA","Alberta","","|Turner Valley","","NBM","Willock, T.A.","https://biodiverse-nb.ca/portal/collections/individual/index.php?occid=31384"
4137266929,"CC_BY_NC_4_0","Urocitellus columbianus","PRESERVED_SPECIMEN",-114.28,50.675,NA,1965,5,21,"CA","Alberta","","|Turner Valley","","NBM","Willock, T.A.","https://biodiverse-nb.ca/portal/collections/individual/index.php?occid=31387"
4137266615,"CC_BY_NC_4_0","Urocitellus columbianus","PRESERVED_SPECIMEN",-114.28,50.675,NA,1965,5,21,"CA","Alberta","Foothills","Turner Valley|34.6 km (21.5 miles) west","","NBM","Willock, T.A.","https://biodiverse-nb.ca/portal/collections/individual/index.php?occid=31343"
4137265773,"CC_BY_NC_4_0","Urocitellus columbianus","PRESERVED_SPECIMEN",-115.129,51.076,NA,1966,6,29,"CA","Alberta","","Kananaskis|4.8km north of Kananaskis Highwood Junction","","NBM","Willock, T.A","https://biodiverse-nb.ca/portal/collections/individual/index.php?occid=31069"
4137265770,"CC_BY_NC_4_0","Urocitellus columbianus","PRESERVED_SPECIMEN",-119,49.117,NA,1968,6,27,"CA","British Columbia","","|Altitude 600 meter(2000 feet)","","NBM","Manning, T.H","https://biodiverse-nb.ca/portal/collections/individual/index.php?occid=31062"
4137265765,"CC_BY_NC_4_0","Urocitellus columbianus","PRESERVED_SPECIMEN",-117.933,49.25,NA,1968,6,23,"CA","British Columbia","","|Altitude 1200 meter(4000 feet)","","NBM","Carter, C","https://biodiverse-nb.ca/portal/collections/individual/index.php?occid=31061"
4137265762,"CC_BY_NC_4_0","Urocitellus columbianus","PRESERVED_SPECIMEN",-114.8,49.583,NA,1968,7,4,"CA","British Columbia","","","","NBM","Carter, C","https://biodiverse-nb.ca/portal/collections/individual/index.php?occid=31078"
4137265758,"CC_BY_NC_4_0","Urocitellus columbianus","PRESERVED_SPECIMEN",-115.129,51.076,NA,1966,6,27,"CA","Alberta","","Kananaskis|22.4km(14miles) south of Kananaskis Highwood Junction|found in the base of Plateau Mounain, open meadow","","NBM","Willock, T.A","https://biodiverse-nb.ca/portal/collections/individual/index.php?occid=31070"
4092998171,"CC0_1_0","Urocitellus columbianus","PRESERVED_SPECIMEN",NA,NA,NA,2011,6,10,"US","Washington","Columbia","Edmiston Spring","USA | Washington | Columbia","PSM","G. W. Shugart","http://portal.vertnet.org/o/psm/bird?id=Mammal-30663"
4092998149,"CC0_1_0","Urocitellus columbianus","PRESERVED_SPECIMEN",NA,NA,NA,2010,5,20,"US","Washington","Columbia","Kendall Skyline Drive, 46.17821°N, 117.75745°W","USA | Washington | Columbia","PSM","G. W. Shugart","http://portal.vertnet.org/o/psm/bird?id=Mammal-30674"
3329069486,"CC_BY_4_0","Urocitellus columbianus","PRESERVED_SPECIMEN",-125.0024,55.0013,1e+06,1983,7,25,"CA","Bc","","","","UVIC","UVic Biology Department",""
3329069472,"CC_BY_4_0","Urocitellus columbianus","PRESERVED_SPECIMEN",-115.5,50.16667,1000,1998,2,23,"CA","Bc","","","East Kootenays, BC","UVIC","",""
3329069471,"CC_BY_4_0","Urocitellus columbianus","PRESERVED_SPECIMEN",-115.5,50.16667,1000,1998,2,23,"CA","Bc","","","East Kootenays, BC","UVIC","",""
3329069460,"CC_BY_4_0","Urocitellus columbianus","PRESERVED_SPECIMEN",-115.5,50.16667,1000,1998,2,23,"CA","Bc","","","East Kootenays, BC","UVIC","",""
3042295345,"CC0_1_0","Urocitellus columbianus","PRESERVED_SPECIMEN",NA,NA,NA,1923,4,12,"US","Washington","Stevens","Colville","North America | United States | Washington | Stevens | Colville","UNSM","Couch, L.K.","http://portal.vertnet.org/o/unsm/mammals?id=urn-catalog-unsm-mammals-14371"
2861377301,"CC_BY_4_0","Urocitellus columbianus","PRESERVED_SPECIMEN",NA,NA,NA,1977,6,1,"CA","Alberta (Prov.)","","0.1 mile north of entrance to lake","","CMN","Holroyd, Geoff ; Holroyd, Geoff",""
2831375516,"CC0_1_0","Urocitellus columbianus","PRESERVED_SPECIMEN",NA,NA,NA,1929,8,14,"US","Idaho","","Galena","North America | United States | Idaho | Galena","CMNH","Arthur B. Fuller","http://portal.vertnet.org/o/cmnh/mammals?id=urn-catalog-cmnh-mammals-1587"
2831371384,"CC0_1_0","Urocitellus columbianus","PRESERVED_SPECIMEN",NA,NA,NA,1962,6,25,"US","Montana","Flathead","Flathead Lake","North America | United States | Montana | Flathead | Flathead Lake","CMNH","Kevin S. Smith","http://portal.vertnet.org/o/cmnh/mammals?id=urn-catalog-cmnh-mammals-19628"
2831371382,"CC0_1_0","Urocitellus columbianus","PRESERVED_SPECIMEN",NA,NA,NA,1962,7,5,"US","Washington","Whitman","","North America | United States | Washington | Whitman","CMNH","Kevin S. Smith","http://portal.vertnet.org/o/cmnh/mammals?id=urn-catalog-cmnh-mammals-19629"
2831368539,"CC0_1_0","Urocitellus columbianus","PRESERVED_SPECIMEN",NA,NA,NA,1937,8,4,"US","Oregon","Baker","","North America | United States | Oregon | Baker | Cornucopia","CMNH","Stanley G. Jewett, Jr.","http://portal.vertnet.org/o/cmnh/mammals?id=urn-catalog-cmnh-mammals-15484"
2831366685,"CC0_1_0","Urocitellus columbianus","PRESERVED_SPECIMEN",NA,NA,NA,1940,5,24,"US","Idaho","Latah","","North America | United States | Idaho | Latah | Moscow","CMNH","Dale Arvey","http://portal.vertnet.org/o/cmnh/mammals?id=urn-catalog-cmnh-mammals-16303"
2562042041,"CC0_1_0","Urocitellus columbianus","PRESERVED_SPECIMEN",NA,NA,NA,1975,7,20,"US","Montana","Flathead County","24.2 mi NW of Whitefish","Montana, Flathead county, 24.2 mi NW of Whitefish","UCM","Collector(s): Rupert Earl Olson","http://arctos.database.museum/guid/UCM:Mamm:19016"
2562041529,"CC0_1_0","Urocitellus columbianus","PRESERVED_SPECIMEN",NA,NA,NA,1902,5,6,"","","","No specific locality recorded.","no verbatim locality recorded","UCM","Collector(s): W. L. Burnett","http://arctos.database.museum/guid/UCM:Mamm:16555"
2562041503,"CC0_1_0","Urocitellus columbianus","PRESERVED_SPECIMEN",NA,NA,NA,1970,8,3,"US","Oregon","Grant County","20.1 mi NE of Prairie City, 4500 ft elev.","Oregon, Grant county, 20.1 mi NE of Prairie City, 4500 ft elev.","UCM","Collector(s): Rupert Earl Olson, Donald C. Morizot","http://arctos.database.museum/guid/UCM:Mamm:18995"
2562038898,"CC0_1_0","Urocitellus columbianus","PRESERVED_SPECIMEN",NA,NA,NA,1975,7,20,"US","Montana","Flathead County","4.3 mi NW of Whitefish","Montana, Flathead county, 4.3 mi NW of Whitefish","UCM","Collector(s): Rupert Earl Olson","http://arctos.database.museum/guid/UCM:Mamm:19015"
2562037441,"CC0_1_0","Urocitellus columbianus","PRESERVED_SPECIMEN",NA,NA,NA,1906,6,29,"US","Oregon","Baker County","Anthony","Oregon, Baker county, Anthony","UCM","Collector(s): H. E. Anthony, Edward Royal Warren Collection","http://arctos.database.museum/guid/UCM:Mamm:8341"
2562037067,"CC0_1_0","Urocitellus columbianus","PRESERVED_SPECIMEN",-114.313066,47.316668,5000,1913,7,10,"US","Montana","Sanders County","near Dixon","Montana, Sanders county, near Dixon","UCM","Collector(s): unknown","http://arctos.database.museum/guid/UCM:Mamm:8342"
2562036769,"CC0_1_0","Urocitellus columbianus","PRESERVED_SPECIMEN",NA,NA,NA,1970,8,2,"US","Oregon","Baker County","7 mi NW of Unity","Oregon, Baker county, 7 mi NW of Unity","UCM","Collector(s): Rupert Earl Olson, Donald C. Morizot","http://arctos.database.museum/guid/UCM:Mamm:18994"
2562032836,"CC0_1_0","Urocitellus columbianus","PRESERVED_SPECIMEN",NA,NA,NA,1975,7,17,"US","Montana","Powell County","1 mi W of Garrison","Montana, Powell county, 1 mi W of Garrison","UCM","Collector(s): Rupert Earl Olson","http://arctos.database.museum/guid/UCM:Mamm:19014"
2381407513,"CC0_1_0","Urocitellus columbianus","PRESERVED_SPECIMEN",-113.678,48.797,NA,1936,6,13,"US","Montana","Glacier","Glacier National Park, Many Glaciers","USA | Montana | Glacier | Glacier National Park, Many Glaciers","SDNHM","L. M. Huey","http://portal.vertnet.org/o/sdnhm/mammals?id=urn-catalog-sdnhm-mammals-21790"
2381407493,"CC0_1_0","Urocitellus columbianus","PRESERVED_SPECIMEN",-113.434,48.8652,NA,1936,6,13,"US","Montana","Glacier","Babb","USA | Montana | Glacier | Babb","SDNHM","L. M. Huey","http://portal.vertnet.org/o/sdnhm/mammals?id=urn-catalog-sdnhm-mammals-21788"
2381407055,"CC0_1_0","Urocitellus columbianus","PRESERVED_SPECIMEN",-114.045,49.02,NA,1936,6,11,"CA","Alberta","","near Cameron Lake","Canada | Alberta | near Cameron Lake","SDNHM","L. M. Huey","http://portal.vertnet.org/o/sdnhm/mammals?id=urn-catalog-sdnhm-mammals-21792"
2381406962,"CC0_1_0","Urocitellus columbianus","PRESERVED_SPECIMEN",-113.88,49.05,NA,1936,6,11,"CA","Alberta","","Waterton Lake","Canada | Alberta | Waterton Lake","SDNHM","L. M. Huey","http://portal.vertnet.org/o/sdnhm/mammals?id=urn-catalog-sdnhm-mammals-21791"
2381406467,"CC0_1_0","Urocitellus columbianus","PRESERVED_SPECIMEN",-113.434,48.8652,NA,1936,6,13,"US","Montana","Glacier","Babb","USA | Montana | Glacier | Babb","SDNHM","L. M. Huey","http://portal.vertnet.org/o/sdnhm/mammals?id=urn-catalog-sdnhm-mammals-21787"
2381406135,"CC0_1_0","Urocitellus columbianus","PRESERVED_SPECIMEN",-113.434,48.8652,NA,1936,6,13,"US","Montana","Glacier","Babb","USA | Montana | Glacier | Babb","SDNHM","L. M. Huey","http://portal.vertnet.org/o/sdnhm/mammals?id=urn-catalog-sdnhm-mammals-21789"
2381404640,"CC0_1_0","Urocitellus columbianus","PRESERVED_SPECIMEN",-117.35163,45.182325,NA,1921,7,22,"US","Oregon","Wallowa","Minam Lake","USA | Oregon | Wallowa | Minam Lake","SDNHM","S. G. Jewett","http://portal.vertnet.org/o/sdnhm/mammals?id=urn-catalog-sdnhm-mammals-18493"
2381404479,"CC0_1_0","Urocitellus columbianus","PRESERVED_SPECIMEN",-118.57104,45.6751,NA,1917,5,2,"US","Oregon","Umatilla","Cayuse","USA | Oregon | Umatilla | Cayuse","SDNHM","S. G. Jewett","http://portal.vertnet.org/o/sdnhm/mammals?id=urn-catalog-sdnhm-mammals-18492"
2381402185,"CC0_1_0","Urocitellus columbianus","PRESERVED_SPECIMEN",-118.93248,45.134,NA,1922,6,24,"US","Oregon","Umatilla","Ukiah","USA | Oregon | Umatilla | Ukiah","SDNHM","S. G. Jewett","http://portal.vertnet.org/o/sdnhm/mammals?id=urn-catalog-sdnhm-mammals-17425"
2381387746,"CC0_1_0","Urocitellus columbianus","PRESERVED_SPECIMEN",-118.23155,44.95958,NA,1906,7,5,"US","Oregon","Baker","Anthony","USA | Oregon | Baker | Anthony","SDNHM","H. Anthony","http://portal.vertnet.org/o/sdnhm/mammals?id=urn-catalog-sdnhm-mammals-411"
2332641214,"CC_BY_4_0","Urocitellus columbianus","PRESERVED_SPECIMEN",NA,NA,NA,NA,NA,NA,"US","","","USA","","NHMO","Unknown",""
2332633691,"CC_BY_4_0","Urocitellus columbianus","PRESERVED_SPECIMEN",NA,NA,NA,NA,NA,NA,"US","","","USA","","NHMO","Unknown",""
208054971,"CC_BY_4_0","Urocitellus columbianus","PRESERVED_SPECIMEN",NA,NA,NA,1971,8,10,"US","","","","","SMF","","http://sesam.senckenberg.de/page/index.asp?objekt_id=187155&sprache_kurz=en"
208054970,"CC_BY_4_0","Urocitellus columbianus","PRESERVED_SPECIMEN",NA,NA,NA,1971,8,10,"US","","","","","SMF","","http://sesam.senckenberg.de/page/index.asp?objekt_id=187153&sprache_kurz=en"
2005722820,"CC0_1_0","Urocitellus columbianus","PRESERVED_SPECIMEN",-114.550211,50.581333,3449,1931,6,23,"CA","Alberta","","30 miles west of High River, Census Division 6","30 miles west of High River","CHAS","Collector(s): J. R. Snyder; Preparator(s): J. R. Snyder","http://arctos.database.museum/guid/CHAS:Mamm:1487"
1987357968,"CC_BY_NC_4_0","Urocitellus columbianus","PRESERVED_SPECIMEN",-114.4757763,50.2095112,1.5,NA,NA,NA,"CA","Alberta","","HAILSTONE BUTTE; 50DEG12'N, 114DEG27'W; 2000M","CANADA: ALBERTA:  CO.; HAILSTONE BUTTE; 50DEG12'N, 114DEG27'W; 2000M; 50.20972, -114.475;","UMMZ","Zammuto, R.",""
1987357804,"CC_BY_NC_4_0","Urocitellus columbianus","PRESERVED_SPECIMEN",-114.4757763,50.2095112,1.5,NA,NA,NA,"CA","Alberta","","HAILSTONE BUTTE; 50DEG12'N, 114DEG27'W; 2000M","CANADA: ALBERTA:  CO.; HAILSTONE BUTTE; 50DEG12'N, 114DEG27'W; 2000M; 50.20972, -114.475;","UMMZ","Zammuto, R.",""
1987357549,"CC_BY_NC_4_0","Urocitellus columbianus","PRESERVED_SPECIMEN",-114.1965832,49.4567316,0.5,NA,NA,NA,"CA","Alberta","","BEAVER MINES; 49DEG26'N, 114DEG13'W; 1300M","CANADA: ALBERTA:  CO.; BEAVER MINES; 49DEG26'N, 114DEG13'W; 1300M; 49.45694, -114.19583;","UMMZ","Zammuto, R.",""
1987357413,"CC_BY_NC_4_0","Urocitellus columbianus","PRESERVED_SPECIMEN",-119.3509177,50.2330479,1.1,1937,8,29,"CA","British Columbia","","OKANAGAN LANDING","CANADA: BRITISH COLUMBIA:  CO.; OKANAGAN LANDING; 50.2333, -119.35;","UMMZ","Munro, D.",""
1987357387,"CC_BY_NC_4_0","Urocitellus columbianus","PRESERVED_SPECIMEN",-114.7007874,50.42479,2.5,NA,NA,NA,"CA","Alberta","","CAT CREEK, 50DEG 26'N,114DEG 44'W, 1675M","CANADA: ALBERTA:  CO.; CAT CREEK, 50DEG 26'N,114DEG 44'W, 1675M; 50.425, -114.7;","UMMZ","Zammuto, R.",""
1987357144,"CC_BY_NC_4_0","Urocitellus columbianus","PRESERVED_SPECIMEN",NA,NA,NA,NA,NA,NA,"CA","Alberta","","SHEEP RIVER RANGER STATION; 50DEG39'N, 114DEG38'W; 1500M","CANADA: ALBERTA:  CO.; SHEEP RIVER RANGER STATION; 50DEG39'N, 114DEG38'W; 1500M; , ;","UMMZ","Zammuto, R.",""
1987357002,"CC_BY_NC_4_0","Urocitellus columbianus","PRESERVED_SPECIMEN",-117.1934376,45.0514384,NA,1922,6,30,"US","Oregon","Baker","3 mi. N Cornucopia","Oregon: Baker Co., Cornucopia","UMMZ","Dice, L.",""
1987356972,"CC_BY_NC_4_0","Urocitellus columbianus","PRESERVED_SPECIMEN",-116.0888082,43.771498,0.1,1929,7,10,"US","Idaho","BOISE","SHAFER BUTTE","UNITED STATES: IDAHO: BOISE CO.; SHAFER BUTTE; 43.7717, -116.0881;","UMMZ","",""
1987356921,"CC_BY_NC_4_0","Urocitellus columbianus","PRESERVED_SPECIMEN",NA,NA,NA,NA,NA,NA,"CA","Alberta","","SHEEP RIVER RANGER STATION; 50DEG39'N, 114DEG38'W; 1500M","CANADA: ALBERTA:  CO.; SHEEP RIVER RANGER STATION; 50DEG39'N, 114DEG38'W; 1500M; , ;","UMMZ","Zammuto, R.",""
1987356711,"CC_BY_NC_4_0","Urocitellus columbianus","PRESERVED_SPECIMEN",NA,NA,NA,NA,NA,NA,"CA","Alberta","","50DEG 57'N, 115DEG 11'W, MARMOT BASIN, 2200M","CANADA: ALBERTA:  CO.; 50DEG 57'N, 115DEG 11'W, MARMOT BASIN, 2200M; , ;","UMMZ","Zammuto, R.",""
1987356586,"CC_BY_NC_4_0","Urocitellus columbianus","PRESERVED_SPECIMEN",NA,NA,NA,NA,NA,NA,"CA","Alberta","","50DEG 3'N, 114DEG 10'W, STREETER BASIN, 1360M","CANADA: ALBERTA:  CO.; 50DEG 3'N, 114DEG 10'W, STREETER BASIN, 1360M; , ;","UMMZ","Zammuto, R.",""
1987356451,"CC_BY_NC_4_0","Urocitellus columbianus","PRESERVED_SPECIMEN",-114.4757763,50.2095112,1.5,NA,NA,NA,"CA","Alberta","","HAILSTONE BUTTE; 50DEG12'N, 114DEG27'W; 2000M","CANADA: ALBERTA:  CO.; HAILSTONE BUTTE; 50DEG12'N, 114DEG27'W; 2000M; 50.20972, -114.475;","UMMZ","Zammuto, R.",""
1987355844,"CC_BY_NC_4_0","Urocitellus columbianus","PRESERVED_SPECIMEN",NA,NA,NA,NA,NA,NA,"CA","Alberta","","STREETER BASIN, 50DEG 3'N, 114DEG 10'W, 1360M","CANADA: ALBERTA:  CO.; STREETER BASIN, 50DEG 3'N, 114DEG 10'W, 1360M; , ;","UMMZ","Zammuto, R.",""
1987355781,"CC_BY_NC_4_0","Urocitellus columbianus","PRESERVED_SPECIMEN",NA,NA,NA,NA,NA,NA,"CA","Alberta","","SHEEP RIVER RANGER STATION, 50DEG 39'N, 114DEG 38'W, 1500M","CANADA: ALBERTA:  CO.; SHEEP RIVER RANGER STATION, 50DEG 39'N, 114DEG 38'W, 1500M; , ;","UMMZ","Zammuto, R.",""
1987355718,"CC_BY_NC_4_0","Urocitellus columbianus","PRESERVED_SPECIMEN",-118.9050207,46.0853572,0.5,1922,6,12,"US","Washington","WALLA WALLA","WALLULA","Washington: Walla Walla Co., Prescott","UMMZ","Dice, L.",""
1987355581,"CC_BY_NC_4_0","Urocitellus columbianus","PRESERVED_SPECIMEN",-114.7007874,50.42479,2.5,NA,NA,NA,"CA","Alberta","","CAT CREEK, 50DEG 26'N,114DEG 44'W, 1675M","CANADA: ALBERTA:  CO.; CAT CREEK, 50DEG 26'N,114DEG 44'W, 1675M; 50.425, -114.7;","UMMZ","Zammuto, R.",""
1987355489,"CC_BY_NC_4_0","Urocitellus columbianus","PRESERVED_SPECIMEN",NA,NA,NA,NA,NA,NA,"CA","Alberta","","SHEEP RIVER RANGER STATION, 50DEG 39'N, 114DEG 38'W, 1500M","CANADA: ALBERTA:  CO.; SHEEP RIVER RANGER STATION, 50DEG 39'N, 114DEG 38'W, 1500M; , ;","UMMZ","Zammuto, R.",""
1987355473,"CC_BY_NC_4_0","Urocitellus columbianus","PRESERVED_SPECIMEN",NA,NA,NA,NA,NA,NA,"CA","Alberta","","STREETER BASIN, 50DEG 3'N, 114DEG 10'W, 1360M","CANADA: ALBERTA:  CO.; STREETER BASIN, 50DEG 3'N, 114DEG 10'W, 1360M; , ;","UMMZ","Zammuto, R.",""
1987355044,"CC_BY_NC_4_0","Urocitellus columbianus","PRESERVED_SPECIMEN",-114.4757763,50.2095112,1.5,NA,NA,NA,"CA","Alberta","","HAILSTONE BUTTE; 50DEG12'N, 114DEG27'W; 2000M","CANADA: ALBERTA:  CO.; HAILSTONE BUTTE; 50DEG12'N, 114DEG27'W; 2000M; 50.20972, -114.475;","UMMZ","Zammuto, R.",""
1987355023,"CC_BY_NC_4_0","Urocitellus columbianus","PRESERVED_SPECIMEN",-120.0009174,49.4164401,34,1919,5,6,"CA","British Columbia","","OKANAGAN","CANADA: BRITISH COLUMBIA:  CO.; OKANAGAN; 49.4167, -120;","UMMZ","Munro, J.",""
1987354859,"CC_BY_NC_4_0","Urocitellus columbianus","PRESERVED_SPECIMEN",NA,NA,NA,NA,NA,NA,"CA","Alberta","","50DEG 3'N, 114DEG 10'W, STREETER BASIN, 1360M","CANADA: ALBERTA:  CO.; 50DEG 3'N, 114DEG 10'W, STREETER BASIN, 1360M; , ;","UMMZ","Zammuto, R.",""
1987354721,"CC_BY_NC_4_0","Urocitellus columbianus","PRESERVED_SPECIMEN",-114.7007874,50.42479,2.5,NA,NA,NA,"CA","Alberta","","50DEG 20'N, 114DEG 44'W, CAT CREEK, 1675M","CANADA: ALBERTA:  CO.; 50DEG 20'N, 114DEG 44'W, CAT CREEK, 1675M; 50.425, -114.7;","UMMZ","Zammuto, R.",""
1987354662,"CC_BY_NC_4_0","Urocitellus columbianus","PRESERVED_SPECIMEN",-114.4757763,50.2095112,1.5,NA,NA,NA,"CA","Alberta","","HAILSTONE BUTTE; 50DEG12'N, 114DEG27'W; 2000M","CANADA: ALBERTA:  CO.; HAILSTONE BUTTE; 50DEG12'N, 114DEG27'W; 2000M; 50.20972, -114.475;","UMMZ","Zammuto, R.",""
1987354649,"CC_BY_NC_4_0","Urocitellus columbianus","PRESERVED_SPECIMEN",-114.7007874,50.42479,2.5,NA,NA,NA,"CA","Alberta","","50DEG 20'N, 114DEG 44'W, CAT CREEK, 1675M","CANADA: ALBERTA:  CO.; 50DEG 20'N, 114DEG 44'W, CAT CREEK, 1675M; 50.425, -114.7;","UMMZ","Zammuto, R.",""
1987354285,"CC_BY_NC_4_0","Urocitellus columbianus","PRESERVED_SPECIMEN",NA,NA,NA,NA,NA,NA,"CA","Alberta","","STREETER BASIN, 50DEG 3'N, 114DEG 10'W, 1360M","CANADA: ALBERTA:  CO.; STREETER BASIN, 50DEG 3'N, 114DEG 10'W, 1360M; , ;","UMMZ","Zammuto, R.",""
1987354214,"CC_BY_NC_4_0","Urocitellus columbianus","PRESERVED_SPECIMEN",-114.7007874,50.42479,2.5,NA,NA,NA,"CA","Alberta","","CAT CREEK, 50DEG 26'N,114DEG 44'W, 1675M","CANADA: ALBERTA:  CO.; CAT CREEK, 50DEG 26'N,114DEG 44'W, 1675M; 50.425, -114.7;","UMMZ","Zammuto, R.",""
1987354059,"CC_BY_NC_4_0","Urocitellus columbianus","PRESERVED_SPECIMEN",NA,NA,NA,NA,NA,NA,"CA","Alberta","","STREETER BASIN, 50DEG 3'N, 114DEG 10'W, 1360M","CANADA: ALBERTA:  CO.; STREETER BASIN, 50DEG 3'N, 114DEG 10'W, 1360M; , ;","UMMZ","Zammuto, R.",""
1987354034,"CC_BY_NC_4_0","Urocitellus columbianus","PRESERVED_SPECIMEN",NA,NA,NA,NA,NA,NA,"CA","Alberta","","SHEEP RIVER RANGER STATION, 50DEG 39'N, 114DEG 38'W, 1500M","CANADA: ALBERTA:  CO.; SHEEP RIVER RANGER STATION, 50DEG 39'N, 114DEG 38'W, 1500M; , ;","UMMZ","Zammuto, R.",""
1987353942,"CC_BY_NC_4_0","Urocitellus columbianus","PRESERVED_SPECIMEN",NA,NA,NA,NA,NA,NA,"CA","Alberta","","50DEG 3'N, 114DEG 10'W, STREETER BASIN, 1360M","CANADA: ALBERTA:  CO.; 50DEG 3'N, 114DEG 10'W, STREETER BASIN, 1360M; , ;","UMMZ","Zammuto, R.",""
1987353595,"CC_BY_NC_4_0","Urocitellus columbianus","PRESERVED_SPECIMEN",NA,NA,NA,NA,NA,NA,"CA","Alberta","","STREETER BASIN, 50DEG 3'N, 114DEG 10'W, 1360M","CANADA: ALBERTA:  CO.; STREETER BASIN, 50DEG 3'N, 114DEG 10'W, 1360M; , ;","UMMZ","Zammuto, R.",""
1987353395,"CC_BY_NC_4_0","Urocitellus columbianus","PRESERVED_SPECIMEN",NA,NA,NA,NA,NA,NA,"CA","Alberta","","N/A","CANADA: ALBERTA:  CO.; ; , ;","UMMZ","Zammuto, R.",""
1987353387,"CC_BY_NC_4_0","Urocitellus columbianus","PRESERVED_SPECIMEN",-114.1965832,49.4567316,0.5,NA,NA,NA,"CA","Alberta","","BEAVER MINES; 49DEG26'N, 114DEG13'W; 1300M","CANADA: ALBERTA:  CO.; BEAVER MINES; 49DEG26'N, 114DEG13'W; 1300M; 49.45694, -114.19583;","UMMZ","Zammuto, R.",""
1987353259,"CC_BY_NC_4_0","Urocitellus columbianus","PRESERVED_SPECIMEN",-114.4757763,50.2095112,1.5,NA,NA,NA,"CA","Alberta","","HAILSTONE BUTTE; 50DEG12'N, 114DEG27'W; 2000M","CANADA: ALBERTA:  CO.; HAILSTONE BUTTE; 50DEG12'N, 114DEG27'W; 2000M; 50.20972, -114.475;","UMMZ","Zammuto, R.",""
1987353228,"CC_BY_NC_4_0","Urocitellus columbianus","PRESERVED_SPECIMEN",-114.4757763,50.2095112,1.5,NA,NA,NA,"CA","Alberta","","HAILSTONE BUTTE; 50DEG12'N, 114DEG27'W; 2000M","CANADA: ALBERTA:  CO.; HAILSTONE BUTTE; 50DEG12'N, 114DEG27'W; 2000M; 50.20972, -114.475;","UMMZ","Zammuto, R.",""
1987352955,"CC_BY_NC_4_0","Urocitellus columbianus","PRESERVED_SPECIMEN",-114.1965832,49.4567316,0.5,NA,NA,NA,"CA","Alberta","","BEAVER MINES; 49DEG26'N, 114DEG13'W; 1300M","CANADA: ALBERTA:  CO.; BEAVER MINES; 49DEG26'N, 114DEG13'W; 1300M; 49.45694, -114.19583;","UMMZ","Zammuto, R.",""
1987352733,"CC_BY_NC_4_0","Urocitellus columbianus","PRESERVED_SPECIMEN",-114.7007874,50.42479,2.5,NA,NA,NA,"CA","Alberta","","CAT CREEK, 50DEG 26'N,114DEG 44'W, 1675M","CANADA: ALBERTA:  CO.; CAT CREEK, 50DEG 26'N,114DEG 44'W, 1675M; 50.425, -114.7;","UMMZ","Zammuto, R.",""
1987352545,"CC_BY_NC_4_0","Urocitellus columbianus","PRESERVED_SPECIMEN",-114.4757763,50.2095112,1.5,NA,NA,NA,"CA","Alberta","","HAILSTONE BUTTE; 50DEG12'N, 114DEG27'W; 2000M","CANADA: ALBERTA:  CO.; HAILSTONE BUTTE; 50DEG12'N, 114DEG27'W; 2000M; 50.20972, -114.475;","UMMZ","Zammuto, R.",""
1987352177,"CC_BY_NC_4_0","Urocitellus columbianus","PRESERVED_SPECIMEN",-114.4757763,50.2095112,1.5,NA,NA,NA,"CA","Alberta","","HAILSTONE BUTTE; 50DEG12'N, 114DEG27'W; 2000M","CANADA: ALBERTA:  CO.; HAILSTONE BUTTE; 50DEG12'N, 114DEG27'W; 2000M; 50.20972, -114.475;","UMMZ","Zammuto, R.",""
1987352059,"CC_BY_NC_4_0","Urocitellus columbianus","PRESERVED_SPECIMEN",-114.4757763,50.2095112,1.5,NA,NA,NA,"CA","Alberta","","HAILSTONE BUTTE; 50DEG12'N, 114DEG27'W; 2000M","CANADA: ALBERTA:  CO.; HAILSTONE BUTTE; 50DEG12'N, 114DEG27'W; 2000M; 50.20972, -114.475;","UMMZ","Zammuto, R.",""
1987351995,"CC_BY_NC_4_0","Urocitellus columbianus","PRESERVED_SPECIMEN",-114.1965832,49.4567316,0.5,NA,NA,NA,"CA","Alberta","","BEAVER MINES; 49DEG26'N, 114DEG13'W; 1300M","CANADA: ALBERTA:  CO.; BEAVER MINES; 49DEG26'N, 114DEG13'W; 1300M; 49.45694, -114.19583;","UMMZ","Zammuto, R.",""
1987351836,"CC_BY_NC_4_0","Urocitellus columbianus","PRESERVED_SPECIMEN",NA,NA,NA,NA,NA,NA,"CA","Alberta","","SHEEP RIVER RANGER STATION; 50DEG39'N, 114DEG38'W; 1500M","CANADA: ALBERTA:  CO.; SHEEP RIVER RANGER STATION; 50DEG39'N, 114DEG38'W; 1500M; , ;","UMMZ","Zammuto, R.",""
1987351773,"CC_BY_NC_4_0","Urocitellus columbianus","PRESERVED_SPECIMEN",-114.1965832,49.4567316,0.5,NA,NA,NA,"CA","Alberta","","BEAVER MINES; 49DEG26'N, 114DEG13'W; 1300M","CANADA: ALBERTA:  CO.; BEAVER MINES; 49DEG26'N, 114DEG13'W; 1300M; 49.45694, -114.19583;","UMMZ","Zammuto, R.",""
1987351514,"CC_BY_NC_4_0","Urocitellus columbianus","PRESERVED_SPECIMEN",NA,NA,NA,NA,NA,NA,"CA","Alberta","","SHEEP RIVER RANGER STATION; 50DEG39'N, 114DEG38'W; 1500M","CANADA: ALBERTA:  CO.; SHEEP RIVER RANGER STATION; 50DEG39'N, 114DEG38'W; 1500M; , ;","UMMZ","Zammuto, R.",""
1987351463,"CC_BY_NC_4_0","Urocitellus columbianus","PRESERVED_SPECIMEN",NA,NA,NA,NA,NA,NA,"CA","Alberta","","STREETER BASIN, 50DEG 3'N, 114DEG 10'W, 1360M","CANADA: ALBERTA:  CO.; STREETER BASIN, 50DEG 3'N, 114DEG 10'W, 1360M; , ;","UMMZ","Zammuto, R.",""
1987350909,"CC_BY_NC_4_0","Urocitellus columbianus","PRESERVED_SPECIMEN",NA,NA,NA,NA,NA,NA,"CA","Alberta","","SHEEP RIVER RANGER STATION; 50DEG39'N, 114DEG38'W; 1500M","CANADA: ALBERTA:  CO.; SHEEP RIVER RANGER STATION; 50DEG39'N, 114DEG38'W; 1500M; , ;","UMMZ","Zammuto, R.",""
1987350879,"CC_BY_NC_4_0","Urocitellus columbianus","PRESERVED_SPECIMEN",NA,NA,NA,NA,NA,NA,"CA","Alberta","","SHEEP RIVER RANGER STATION; 50DEG39'N, 114DEG38'W; 1500M","CANADA: ALBERTA:  CO.; SHEEP RIVER RANGER STATION; 50DEG39'N, 114DEG38'W; 1500M; , ;","UMMZ","Zammuto, R.",""
1987350154,"CC_BY_NC_4_0","Urocitellus columbianus","PRESERVED_SPECIMEN",-114.1965832,49.4567316,0.5,NA,NA,NA,"CA","Alberta","","BEAVER MINES; 49DEG26'N, 114DEG13'W; 1300M","CANADA: ALBERTA:  CO.; BEAVER MINES; 49DEG26'N, 114DEG13'W; 1300M; 49.45694, -114.19583;","UMMZ","Zammuto, R.",""
1987350152,"CC_BY_NC_4_0","Urocitellus columbianus","PRESERVED_SPECIMEN",-114.4757763,50.2095112,1.5,NA,NA,NA,"CA","Alberta","","HAILSTONE BUTTE; 50DEG12'N, 114DEG27'W; 2000M","CANADA: ALBERTA:  CO.; HAILSTONE BUTTE; 50DEG12'N, 114DEG27'W; 2000M; 50.20972, -114.475;","UMMZ","Zammuto, R.",""
1987350098,"CC_BY_NC_4_0","Urocitellus columbianus","PRESERVED_SPECIMEN",-114.1965832,49.4567316,0.5,NA,NA,NA,"CA","Alberta","","BEAVER MINES; 49DEG26'N, 114DEG13'W; 1300M","CANADA: ALBERTA:  CO.; BEAVER MINES; 49DEG26'N, 114DEG13'W; 1300M; 49.45694, -114.19583;","UMMZ","Zammuto, R.",""
1987349817,"CC_BY_NC_4_0","Urocitellus columbianus","PRESERVED_SPECIMEN",NA,NA,NA,NA,NA,NA,"CA","Alberta","","STREETER BASIN, 50DEG 3'N, 114DEG 10'W, 1360M","CANADA: ALBERTA:  CO.; STREETER BASIN, 50DEG 3'N, 114DEG 10'W, 1360M; , ;","UMMZ","Zammuto, R.",""
1987348254,"CC_BY_NC_4_0","Urocitellus columbianus","PRESERVED_SPECIMEN",NA,NA,NA,NA,NA,NA,"CA","Alberta","","SHEEP RIVER RANGER STATION; 50DEG39'N, 114DEG38'W; 1500M","CANADA: ALBERTA:  CO.; SHEEP RIVER RANGER STATION; 50DEG39'N, 114DEG38'W; 1500M; , ;","UMMZ","Zammuto, R.",""
1987347549,"CC_BY_NC_4_0","Urocitellus columbianus","PRESERVED_SPECIMEN",-114.1965832,49.4567316,0.5,NA,NA,NA,"CA","Alberta","","BEAVER MINES; 49DEG26'N, 114DEG13'W; 1300M","CANADA: ALBERTA:  CO.; BEAVER MINES; 49DEG26'N, 114DEG13'W; 1300M; 49.45694, -114.19583;","UMMZ","Zammuto, R.",""
1987347405,"CC_BY_NC_4_0","Urocitellus columbianus","PRESERVED_SPECIMEN",NA,NA,NA,NA,NA,NA,"CA","Alberta","","SHEEP RIVER RANGER STATION; 50DEG39'N, 114DEG38'W; 1500M","CANADA: ALBERTA:  CO.; SHEEP RIVER RANGER STATION; 50DEG39'N, 114DEG38'W; 1500M; , ;","UMMZ","Zammuto, R.",""
1987347133,"CC_BY_NC_4_0","Urocitellus columbianus","PRESERVED_SPECIMEN",-114.1965832,49.4567316,0.5,NA,NA,NA,"CA","Alberta","","BEAVER MINES; 49DEG26'N, 114DEG13'W; 1300M","CANADA: ALBERTA:  CO.; BEAVER MINES; 49DEG26'N, 114DEG13'W; 1300M; 49.45694, -114.19583;","UMMZ","Zammuto, R.",""
1987347025,"CC_BY_NC_4_0","Urocitellus columbianus","PRESERVED_SPECIMEN",-114.1965832,49.4567316,0.5,NA,NA,NA,"CA","Alberta","","BEAVER MINES; 49DEG26'N, 114DEG13'W; 1300M","CANADA: ALBERTA:  CO.; BEAVER MINES; 49DEG26'N, 114DEG13'W; 1300M; 49.45694, -114.19583;","UMMZ","Zammuto, R.",""
1987346985,"CC_BY_NC_4_0","Urocitellus columbianus","PRESERVED_SPECIMEN",NA,NA,NA,NA,NA,NA,"CA","Alberta","","SHEEP RIVER RANGER STATION; 50DEG39'N, 114DEG38'W; 1500M","CANADA: ALBERTA:  CO.; SHEEP RIVER RANGER STATION; 50DEG39'N, 114DEG38'W; 1500M; , ;","UMMZ","Zammuto, R.",""
1987346909,"CC_BY_NC_4_0","Urocitellus columbianus","PRESERVED_SPECIMEN",-114.3634634,43.825511,1.3,1929,8,14,"US","Idaho","BLAINE","10MI N KETCHUM","UNITED STATES: IDAHO: BLAINE CO.; 10MI N KETCHUM; 43.8257, -114.3628;","UMMZ","",""
1987346887,"CC_BY_NC_4_0","Urocitellus columbianus","PRESERVED_SPECIMEN",-114.1965832,49.4567316,0.5,NA,NA,NA,"CA","Alberta","","BEAVER MINES; 49DEG26'N, 114DEG13'W; 1300M","CANADA: ALBERTA:  CO.; BEAVER MINES; 49DEG26'N, 114DEG13'W; 1300M; 49.45694, -114.19583;","UMMZ","Zammuto, R.",""
1987346014,"CC_BY_NC_4_0","Urocitellus columbianus","PRESERVED_SPECIMEN",-117.1934376,45.0514384,NA,1922,6,30,"US","Oregon","Baker","3 mi. N Cornucopia","Oregon: Baker Co., Cornucopia","UMMZ","Dice, L.",""
1987345860,"CC_BY_NC_4_0","Urocitellus columbianus","PRESERVED_SPECIMEN",-117.9721903,46.3236542,1.7,1927,4,9,"US","Washington","COLUMBIA","DAYTON","UNITED STATES: WASHINGTON: COLUMBIA CO.; DAYTON; 46.32389, -117.97139;","UMMZ","Lyman, S.",""
1987344960,"CC_BY_NC_4_0","Urocitellus columbianus","PRESERVED_SPECIMEN",NA,NA,NA,NA,NA,NA,"CA","Alberta","","50DEG 3'N, 114DEG 10'W, STREETER BASIN, 1360M","CANADA: ALBERTA:  CO.; 50DEG 3'N, 114DEG 10'W, STREETER BASIN, 1360M; , ;","UMMZ","Zammuto, R.",""
1987344554,"CC_BY_NC_4_0","Urocitellus columbianus","PRESERVED_SPECIMEN",NA,NA,NA,NA,NA,NA,"CA","Alberta","","50DEG 57'N, 115DEG 11'W, MARMOT BASIN, 2200M","CANADA: ALBERTA:  CO.; 50DEG 57'N, 115DEG 11'W, MARMOT BASIN, 2200M; , ;","UMMZ","Zammuto, R.",""
1987344520,"CC_BY_NC_4_0","Urocitellus columbianus","PRESERVED_SPECIMEN",-119.3509177,50.2330479,1.1,1937,6,13,"CA","British Columbia","","OKANAGAN LANDING","CANADA: BRITISH COLUMBIA:  CO.; OKANAGAN LANDING; 50.2333, -119.35;","UMMZ","Munro, D.",""
1987344412,"CC_BY_NC_4_0","Urocitellus columbianus","PRESERVED_SPECIMEN",NA,NA,NA,NA,NA,NA,"CA","Alberta","","SHEEP RIVER RANGER STATION; 50DEG39'N, 114DEG38'W; 1500M","CANADA: ALBERTA:  CO.; SHEEP RIVER RANGER STATION; 50DEG39'N, 114DEG38'W; 1500M; , ;","UMMZ","Zammuto, R.",""
1987343731,"CC_BY_NC_4_0","Urocitellus columbianus","PRESERVED_SPECIMEN",-121.4677165,51.8164338,0.5,1937,7,4,"CA","British Columbia","","LAC LA HACHE","CANADA: BRITISH COLUMBIA:  CO.; LAC LA HACHE; 51.8167, -121.4667;","UMMZ","Munro, D.",""
1987343721,"CC_BY_NC_4_0","Urocitellus columbianus","PRESERVED_SPECIMEN",-114.7007874,50.42479,2.5,NA,NA,NA,"CA","Alberta","","50DEG 20'N, 114DEG 44'W, CAT CREEK, 1675M","CANADA: ALBERTA:  CO.; 50DEG 20'N, 114DEG 44'W, CAT CREEK, 1675M; 50.425, -114.7;","UMMZ","Zammuto, R.",""
1987343679,"CC_BY_NC_4_0","Urocitellus columbianus","PRESERVED_SPECIMEN",-113.5658386,43.5841192,0.1,1937,7,17,"US","Idaho","BUTTE","27MI NE CARY","UNITED STATES: IDAHO: BUTTE CO.; 27MI NE CARY; 43.5843, -113.5652;","UMMZ","Blossom, P.",""
1987343673,"CC_BY_NC_4_0","Urocitellus columbianus","PRESERVED_SPECIMEN",NA,NA,NA,NA,NA,NA,"CA","Alberta","","STREETER BASIN, 50DEG 3'N, 114DEG 10'W, 1360M","CANADA: ALBERTA:  CO.; STREETER BASIN, 50DEG 3'N, 114DEG 10'W, 1360M; , ;","UMMZ","Zammuto, R.",""
1987343546,"CC_BY_NC_4_0","Urocitellus columbianus","PRESERVED_SPECIMEN",-114.1965832,49.4567316,0.5,NA,NA,NA,"CA","Alberta","","BEAVER MINES; 49DEG26'N, 114DEG13'W; 1300M","CANADA: ALBERTA:  CO.; BEAVER MINES; 49DEG26'N, 114DEG13'W; 1300M; 49.45694, -114.19583;","UMMZ","Zammuto, R.",""
1987343448,"CC_BY_NC_4_0","Urocitellus columbianus","PRESERVED_SPECIMEN",-114.7007874,50.42479,2.5,NA,NA,NA,"CA","Alberta","","CAT CREEK, 50DEG 26'N,114DEG 44'W, 1675M","CANADA: ALBERTA:  CO.; CAT CREEK, 50DEG 26'N,114DEG 44'W, 1675M; 50.425, -114.7;","UMMZ","Zammuto, R.",""
1987343312,"CC_BY_NC_4_0","Urocitellus columbianus","PRESERVED_SPECIMEN",NA,NA,NA,NA,NA,NA,"CA","Alberta","","SHEEP RIVER RANGER STATION; 50DEG39'N, 114DEG38'W; 1500M","CANADA: ALBERTA:  CO.; SHEEP RIVER RANGER STATION; 50DEG39'N, 114DEG38'W; 1500M; , ;","UMMZ","Zammuto, R.",""
1987343094,"CC_BY_NC_4_0","Urocitellus columbianus","PRESERVED_SPECIMEN",-114.4757763,50.2095112,1.5,NA,NA,NA,"CA","Alberta","","HAILSTONE BUTTE; 50DEG12'N, 114DEG27'W; 2000M","CANADA: ALBERTA:  CO.; HAILSTONE BUTTE; 50DEG12'N, 114DEG27'W; 2000M; 50.20972, -114.475;","UMMZ","Zammuto, R.",""
1987342898,"CC_BY_NC_4_0","Urocitellus columbianus","PRESERVED_SPECIMEN",-114.4757763,50.2095112,1.5,NA,NA,NA,"CA","Alberta","","HAILSTONE BUTTE; 50DEG12'N, 114DEG27'W; 2000M","CANADA: ALBERTA:  CO.; HAILSTONE BUTTE; 50DEG12'N, 114DEG27'W; 2000M; 50.20972, -114.475;","UMMZ","Zammuto, R.",""
1987342754,"CC_BY_NC_4_0","Urocitellus columbianus","PRESERVED_SPECIMEN",-118.314709,46.2994613,0.5,1922,6,12,"US","Washington","WALLA WALLA","PRESCOTT","Washington: Walla Walla Co., Prescott","UMMZ","Dice, L.",""
1987342647,"CC_BY_NC_4_0","Urocitellus columbianus","PRESERVED_SPECIMEN",NA,NA,NA,1982,5,18,"CA","Alberta","","50DEG 30MIN N, 114DEG 20MIN W, RIO ALTO RANCH","CANADA: ALBERTA:  CO.; 50DEG 30MIN N, 114DEG 20MIN W, RIO ALTO RANCH; , ;","UMMZ","Dobson, F.",""
1987342253,"CC_BY_NC_4_0","Urocitellus columbianus","PRESERVED_SPECIMEN",-114.4757763,50.2095112,1.5,NA,NA,NA,"CA","Alberta","","HAILSTONE BUTTE; 50DEG12'N, 114DEG27'W; 2000M","CANADA: ALBERTA:  CO.; HAILSTONE BUTTE; 50DEG12'N, 114DEG27'W; 2000M; 50.20972, -114.475;","UMMZ","Zammuto, R.",""
1987342178,"CC_BY_NC_4_0","Urocitellus columbianus","PRESERVED_SPECIMEN",-114.4757763,50.2095112,1.5,NA,NA,NA,"CA","Alberta","","HAILSTONE BUTTE; 50DEG12'N, 114DEG27'W; 2000M","CANADA: ALBERTA:  CO.; HAILSTONE BUTTE; 50DEG12'N, 114DEG27'W; 2000M; 50.20972, -114.475;","UMMZ","Zammuto, R.",""
1987341912,"CC_BY_NC_4_0","Urocitellus columbianus","PRESERVED_SPECIMEN",-114.4757763,50.2095112,1.5,NA,NA,NA,"CA","Alberta","","HAILSTONE BUTTE; 50DEG12'N, 114DEG27'W; 2000M","CANADA: ALBERTA:  CO.; HAILSTONE BUTTE; 50DEG12'N, 114DEG27'W; 2000M; 50.20972, -114.475;","UMMZ","Zammuto, R.",""
1987341693,"CC_BY_NC_4_0","Urocitellus columbianus","PRESERVED_SPECIMEN",-114.4757763,50.2095112,1.5,NA,NA,NA,"CA","Alberta","","HAILSTONE BUTTE; 50DEG12'N, 114DEG27'W; 2000M","CANADA: ALBERTA:  CO.; HAILSTONE BUTTE; 50DEG12'N, 114DEG27'W; 2000M; 50.20972, -114.475;","UMMZ","Zammuto, R.",""
1987341541,"CC_BY_NC_4_0","Urocitellus columbianus","PRESERVED_SPECIMEN",NA,NA,NA,NA,NA,NA,"CA","Alberta","","SHEEP RIVER RANGER STATION; 50DEG39'N, 114DEG38'W; 1500M","CANADA: ALBERTA:  CO.; SHEEP RIVER RANGER STATION; 50DEG39'N, 114DEG38'W; 1500M; , ;","UMMZ","Zammuto, R.",""
1987341100,"CC_BY_NC_4_0","Urocitellus columbianus","PRESERVED_SPECIMEN",NA,NA,NA,NA,NA,NA,"CA","Alberta","","50DEG 3'N, 114DEG 10'W, STREETER BASIN, 1360M","CANADA: ALBERTA:  CO.; 50DEG 3'N, 114DEG 10'W, STREETER BASIN, 1360M; , ;","UMMZ","Zammuto, R.",""
1987340914,"CC_BY_NC_4_0","Urocitellus columbianus","PRESERVED_SPECIMEN",-114.1965832,49.4567316,0.5,NA,NA,NA,"CA","Alberta","","BEAVER MINES; 49DEG26'N, 114DEG13'W; 1300M","CANADA: ALBERTA:  CO.; BEAVER MINES; 49DEG26'N, 114DEG13'W; 1300M; 49.45694, -114.19583;","UMMZ","Zammuto, R.",""
1987340816,"CC_BY_NC_4_0","Urocitellus columbianus","PRESERVED_SPECIMEN",-114.1965832,49.4567316,0.5,NA,NA,NA,"CA","Alberta","","BEAVER MINES; 49DEG26'N, 114DEG13'W; 1300M","CANADA: ALBERTA:  CO.; BEAVER MINES; 49DEG26'N, 114DEG13'W; 1300M; 49.45694, -114.19583;","UMMZ","Zammuto, R.",""
1987339551,"CC_BY_NC_4_0","Urocitellus columbianus","PRESERVED_SPECIMEN",NA,NA,NA,NA,NA,NA,"CA","Alberta","","50DEG 3'N, 114DEG 10'W, STREETER BASIN, 1360M","CANADA: ALBERTA:  CO.; 50DEG 3'N, 114DEG 10'W, STREETER BASIN, 1360M; , ;","UMMZ","Zammuto, R.",""
1987339509,"CC_BY_NC_4_0","Urocitellus columbianus","PRESERVED_SPECIMEN",-114.1965832,49.4567316,0.5,NA,NA,NA,"CA","Alberta","","BEAVER MINES; 49DEG26'N, 114DEG13'W; 1300M","CANADA: ALBERTA:  CO.; BEAVER MINES; 49DEG26'N, 114DEG13'W; 1300M; 49.45694, -114.19583;","UMMZ","Zammuto, R.",""
1987339501,"CC_BY_NC_4_0","Urocitellus columbianus","PRESERVED_SPECIMEN",NA,NA,NA,1982,5,18,"CA","Alberta","","50DEG 30MIN N, 114DEG 20MIN W, RIO ALTO RANCH","CANADA: ALBERTA:  CO.; 50DEG 30MIN N, 114DEG 20MIN W, RIO ALTO RANCH; , ;","UMMZ","Dobson, F.",""
1987339114,"CC_BY_NC_4_0","Urocitellus columbianus","PRESERVED_SPECIMEN",NA,NA,NA,NA,NA,NA,"CA","Alberta","","SHEEP RIVER RANGER STATION, 50DEG 39'N, 114DEG 38'W, 1500M","CANADA: ALBERTA:  CO.; SHEEP RIVER RANGER STATION, 50DEG 39'N, 114DEG 38'W, 1500M; , ;","UMMZ","Zammuto, R.",""
1987338770,"CC_BY_NC_4_0","Urocitellus columbianus","PRESERVED_SPECIMEN",NA,NA,NA,NA,NA,NA,"CA","Alberta","","SHEEP RIVER RANGER STATION, 50DEG 39'N, 114DEG 38'W, 1500M","CANADA: ALBERTA:  CO.; SHEEP RIVER RANGER STATION, 50DEG 39'N, 114DEG 38'W, 1500M; , ;","UMMZ","Zammuto, R.",""
1987338761,"CC_BY_NC_4_0","Urocitellus columbianus","PRESERVED_SPECIMEN",NA,NA,NA,NA,NA,NA,"CA","Alberta","","SHEEP RIVER RANGER STATION, 50DEG 39'N, 114DEG 38'W, 1500M","CANADA: ALBERTA:  CO.; SHEEP RIVER RANGER STATION, 50DEG 39'N, 114DEG 38'W, 1500M; , ;","UMMZ","Zammuto, R.",""
1987338643,"CC_BY_NC_4_0","Urocitellus columbianus","PRESERVED_SPECIMEN",-114.7007874,50.42479,2.5,NA,NA,NA,"CA","Alberta","","CAT CREEK, 50DEG 26'N,114DEG 44'W, 1675M","CANADA: ALBERTA:  CO.; CAT CREEK, 50DEG 26'N,114DEG 44'W, 1675M; 50.425, -114.7;","UMMZ","Zammuto, R.",""
1987338494,"CC_BY_NC_4_0","Urocitellus columbianus","PRESERVED_SPECIMEN",NA,NA,NA,NA,NA,NA,"CA","Alberta","","STREETER BASIN, 50DEG 3'N, 114DEG 10'W, 1360M","CANADA: ALBERTA:  CO.; STREETER BASIN, 50DEG 3'N, 114DEG 10'W, 1360M; , ;","UMMZ","Zammuto, R.",""
1987338426,"CC_BY_NC_4_0","Urocitellus columbianus","PRESERVED_SPECIMEN",-114.7007874,50.42479,2.5,NA,NA,NA,"CA","Alberta","","CAT CREEK, 50DEG 26'N,114DEG 44'W, 1675M","CANADA: ALBERTA:  CO.; CAT CREEK, 50DEG 26'N,114DEG 44'W, 1675M; 50.425, -114.7;","UMMZ","Zammuto, R.",""
1987338365,"CC_BY_NC_4_0","Urocitellus columbianus","PRESERVED_SPECIMEN",NA,NA,NA,NA,NA,NA,"CA","Alberta","","STREETER BASIN, 50DEG 3'N, 114DEG 10'W, 1360M","CANADA: ALBERTA:  CO.; STREETER BASIN, 50DEG 3'N, 114DEG 10'W, 1360M; , ;","UMMZ","Zammuto, R.",""
1987338221,"CC_BY_NC_4_0","Urocitellus columbianus","PRESERVED_SPECIMEN",-114.7007874,50.42479,2.5,NA,NA,NA,"CA","Alberta","","CAT CREEK, 50DEG 26'N,114DEG 44'W, 1675M","CANADA: ALBERTA:  CO.; CAT CREEK, 50DEG 26'N,114DEG 44'W, 1675M; 50.425, -114.7;","UMMZ","Zammuto, R.",""
1987338078,"CC_BY_NC_4_0","Urocitellus columbianus","PRESERVED_SPECIMEN",-114.4757763,50.2095112,1.5,NA,NA,NA,"CA","Alberta","","HAILSTONE BUTTE; 50DEG12'N, 114DEG27'W; 2000M","CANADA: ALBERTA:  CO.; HAILSTONE BUTTE; 50DEG12'N, 114DEG27'W; 2000M; 50.20972, -114.475;","UMMZ","Zammuto, R.",""
1987338075,"CC_BY_NC_4_0","Urocitellus columbianus","PRESERVED_SPECIMEN",NA,NA,NA,NA,NA,NA,"CA","Alberta","","STREETER BASIN, 50DEG 3'N, 114DEG 10'W, 1360M","CANADA: ALBERTA:  CO.; STREETER BASIN, 50DEG 3'N, 114DEG 10'W, 1360M; , ;","UMMZ","Zammuto, R.",""
1987337798,"CC_BY_NC_4_0","Urocitellus columbianus","PRESERVED_SPECIMEN",-114.4757763,50.2095112,1.5,NA,NA,NA,"CA","Alberta","","HAILSTONE BUTTE; 50DEG12'N, 114DEG27'W; 2000M","CANADA: ALBERTA:  CO.; HAILSTONE BUTTE; 50DEG12'N, 114DEG27'W; 2000M; 50.20972, -114.475;","UMMZ","Zammuto, R.",""
1987337576,"CC_BY_NC_4_0","Urocitellus columbianus","PRESERVED_SPECIMEN",NA,NA,NA,NA,NA,NA,"CA","Alberta","","50DEG 3'N, 114DEG 10'W, STREETER BASIN, 1360M","CANADA: ALBERTA:  CO.; 50DEG 3'N, 114DEG 10'W, STREETER BASIN, 1360M; , ;","UMMZ","Zammuto, R.",""
1987337419,"CC_BY_NC_4_0","Urocitellus columbianus","PRESERVED_SPECIMEN",-114.4757763,50.2095112,1.5,NA,NA,NA,"CA","Alberta","","HAILSTONE BUTTE; 50DEG12'N, 114DEG27'W; 2000M","CANADA: ALBERTA:  CO.; HAILSTONE BUTTE; 50DEG12'N, 114DEG27'W; 2000M; 50.20972, -114.475;","UMMZ","Zammuto, R.",""
1987336795,"CC_BY_NC_4_0","Urocitellus columbianus","PRESERVED_SPECIMEN",-117.682511,47.328363,1.1,1922,6,28,"US","Washington","SPOKANE","WILLIAMS LAKE","Washington: Williams L., Spokane Co.","UMMZ","Dice, L.",""
1987336515,"CC_BY_NC_4_0","Urocitellus columbianus","PRESERVED_SPECIMEN",NA,NA,NA,NA,NA,NA,"CA","Alberta","","SHEEP RIVER RANGER STATION; 50DEG39'N, 114DEG38'W; 1500M","CANADA: ALBERTA:  CO.; SHEEP RIVER RANGER STATION; 50DEG39'N, 114DEG38'W; 1500M; , ;","UMMZ","Zammuto, R.",""
1987336438,"CC_BY_NC_4_0","Urocitellus columbianus","PRESERVED_SPECIMEN",-113.6526381,43.3804206,1,1937,7,9,"US","Idaho","BUTTE","25MI SW ARCO","UNITED STATES: IDAHO: BUTTE CO.; 25MI SW ARCO; 43.3806, -113.652;","UMMZ","Blossom, P.",""
1987336293,"CC_BY_NC_4_0","Urocitellus columbianus","PRESERVED_SPECIMEN",-114.7007874,50.42479,2.5,NA,NA,NA,"CA","Alberta","","CAT CREEK, 50DEG 26'N,114DEG 44'W, 1675M","CANADA: ALBERTA:  CO.; CAT CREEK, 50DEG 26'N,114DEG 44'W, 1675M; 50.425, -114.7;","UMMZ","Zammuto, R.",""
1987336212,"CC_BY_NC_4_0","Urocitellus columbianus","PRESERVED_SPECIMEN",NA,NA,NA,NA,NA,NA,"CA","Alberta","","SHEEP RIVER RANGER STATION; 50DEG39'N, 114DEG38'W; 1500M","CANADA: ALBERTA:  CO.; SHEEP RIVER RANGER STATION; 50DEG39'N, 114DEG38'W; 1500M; , ;","UMMZ","Zammuto, R.",""
1987336188,"CC_BY_NC_4_0","Urocitellus columbianus","PRESERVED_SPECIMEN",-120.0009174,49.4164401,34,1919,5,6,"CA","British Columbia","","OKANAGAN","CANADA: BRITISH COLUMBIA:  CO.; OKANAGAN; 49.4167, -120;","UMMZ","Munro, J.",""
1987336055,"CC_BY_NC_4_0","Urocitellus columbianus","PRESERVED_SPECIMEN",-117.2293636,45.354176,0.9,1919,4,15,"US","Oregon","WALLOWA","JOSEPH","UNITED STATES: OREGON: WALLOWA CO.; JOSEPH; , ;","UMMZ","BROWN, D.",""
1987335803,"CC_BY_NC_4_0","Urocitellus columbianus","PRESERVED_SPECIMEN",NA,NA,NA,NA,NA,NA,"CA","Alberta","","SHEEP RIVER RANGER STATION, 50DEG 39'N, 114DEG 38'W, 1500M","CANADA: ALBERTA:  CO.; SHEEP RIVER RANGER STATION, 50DEG 39'N, 114DEG 38'W, 1500M; , ;","UMMZ","Zammuto, R.",""
1987335766,"CC_BY_NC_4_0","Urocitellus columbianus","PRESERVED_SPECIMEN",-114.1965832,49.4567316,0.5,NA,NA,NA,"CA","Alberta","","BEAVER MINES; 49DEG26'N, 114DEG13'W; 1300M","CANADA: ALBERTA:  CO.; BEAVER MINES; 49DEG26'N, 114DEG13'W; 1300M; 49.45694, -114.19583;","UMMZ","Zammuto, R.",""
1987335509,"CC_BY_NC_4_0","Urocitellus columbianus","PRESERVED_SPECIMEN",NA,NA,NA,NA,NA,NA,"CA","Alberta","","MARMOT BASIN, 50DEG 57'N, 115DEG 11'W, 2200M","CANADA: ALBERTA:  CO.; MARMOT BASIN, 50DEG 57'N, 115DEG 11'W, 2200M; , ;","UMMZ","Zammuto, R.",""
1987335472,"CC_BY_NC_4_0","Urocitellus columbianus","PRESERVED_SPECIMEN",-113.6949388,43.3497206,1,1937,7,8,"US","Idaho","BLAINE","28MI SW ARCO","UNITED STATES: IDAHO: BLAINE CO.; 28MI SW ARCO; 43.3499, -113.6943;","UMMZ","Blossom, P.",""
1987335317,"CC_BY_NC_4_0","Urocitellus columbianus","PRESERVED_SPECIMEN",-114.1965832,49.4567316,0.5,NA,NA,NA,"CA","Alberta","","BEAVER MINES; 49DEG26'N, 114DEG13'W; 1300M","CANADA: ALBERTA:  CO.; BEAVER MINES; 49DEG26'N, 114DEG13'W; 1300M; 49.45694, -114.19583;","UMMZ","Zammuto, R.",""
1987335288,"CC_BY_NC_4_0","Urocitellus columbianus","PRESERVED_SPECIMEN",NA,NA,NA,NA,NA,NA,"CA","Alberta","","STREETER BASIN, 50DEG 3'N, 114DEG 10'W, 1360M","CANADA: ALBERTA:  CO.; STREETER BASIN, 50DEG 3'N, 114DEG 10'W, 1360M; , ;","UMMZ","Zammuto, R.",""
1987334994,"CC_BY_NC_4_0","Urocitellus columbianus","PRESERVED_SPECIMEN",NA,NA,NA,NA,NA,NA,"CA","Alberta","","SHEEP RIVER RANGER STATION; 50DEG39'N, 114DEG38'W; 1500M","CANADA: ALBERTA:  CO.; SHEEP RIVER RANGER STATION; 50DEG39'N, 114DEG38'W; 1500M; , ;","UMMZ","Zammuto, R.",""
1987334802,"CC_BY_NC_4_0","Urocitellus columbianus","PRESERVED_SPECIMEN",-114.1965832,49.4567316,0.5,NA,NA,NA,"CA","Alberta","","BEAVER MINES; 49DEG26'N, 114DEG13'W; 1300M","CANADA: ALBERTA:  CO.; BEAVER MINES; 49DEG26'N, 114DEG13'W; 1300M; 49.45694, -114.19583;","UMMZ","Zammuto, R.",""
1987334634,"CC_BY_NC_4_0","Urocitellus columbianus","PRESERVED_SPECIMEN",-114.7007874,50.42479,2.5,NA,NA,NA,"CA","Alberta","","CAT CREEK, 50DEG 26'N,114DEG 44'W, 1675M","CANADA: ALBERTA:  CO.; CAT CREEK, 50DEG 26'N,114DEG 44'W, 1675M; 50.425, -114.7;","UMMZ","Zammuto, R.",""
1987334521,"CC_BY_NC_4_0","Urocitellus columbianus","PRESERVED_SPECIMEN",NA,NA,NA,NA,NA,NA,"CA","Alberta","","SHEEP RIVER RANGER STATION, 50DEG 39'N, 114DEG 38'W, 1500M","CANADA: ALBERTA:  CO.; SHEEP RIVER RANGER STATION, 50DEG 39'N, 114DEG 38'W, 1500M; , ;","UMMZ","Zammuto, R.",""
1987334318,"CC_BY_NC_4_0","Urocitellus columbianus","PRESERVED_SPECIMEN",-114.4757763,50.2095112,1.5,NA,NA,NA,"CA","Alberta","","HAILSTONE BUTTE; 50DEG12'N, 114DEG27'W; 2000M","CANADA: ALBERTA:  CO.; HAILSTONE BUTTE; 50DEG12'N, 114DEG27'W; 2000M; 50.20972, -114.475;","UMMZ","Zammuto, R.",""
1987334181,"CC_BY_NC_4_0","Urocitellus columbianus","PRESERVED_SPECIMEN",-114.4757763,50.2095112,1.5,NA,NA,NA,"CA","Alberta","","HAILSTONE BUTTE; 50DEG12'N, 114DEG27'W; 2000M","CANADA: ALBERTA:  CO.; HAILSTONE BUTTE; 50DEG12'N, 114DEG27'W; 2000M; 50.20972, -114.475;","UMMZ","Zammuto, R.",""
1987334084,"CC_BY_NC_4_0","Urocitellus columbianus","PRESERVED_SPECIMEN",NA,NA,NA,NA,NA,NA,"CA","Alberta","","STREETER BASIN, 50DEG 3'N, 114DEG 10'W, 1360M","CANADA: ALBERTA:  CO.; STREETER BASIN, 50DEG 3'N, 114DEG 10'W, 1360M; , ;","UMMZ","Zammuto, R.",""
1987334025,"CC_BY_NC_4_0","Urocitellus columbianus","PRESERVED_SPECIMEN",NA,NA,NA,NA,NA,NA,"CA","Alberta","","STREETER BASIN, 50DEG 3'N, 114DEG 10'W, 1360M","CANADA: ALBERTA:  CO.; STREETER BASIN, 50DEG 3'N, 114DEG 10'W, 1360M; , ;","UMMZ","Zammuto, R.",""
1987333973,"CC_BY_NC_4_0","Urocitellus columbianus","PRESERVED_SPECIMEN",-114.4757763,50.2095112,1.5,NA,NA,NA,"CA","Alberta","","HAILSTONE BUTTE; 50DEG12'N, 114DEG27'W; 2000M","CANADA: ALBERTA:  CO.; HAILSTONE BUTTE; 50DEG12'N, 114DEG27'W; 2000M; 50.20972, -114.475;","UMMZ","Zammuto, R.",""
1987333955,"CC_BY_NC_4_0","Urocitellus columbianus","PRESERVED_SPECIMEN",NA,NA,NA,NA,NA,NA,"CA","Alberta","","SHEEP RIVER RANGER STATION, 50DEG 39'N, 114DEG 38'W, 1500M","CANADA: ALBERTA:  CO.; SHEEP RIVER RANGER STATION, 50DEG 39'N, 114DEG 38'W, 1500M; , ;","UMMZ","Zammuto, R.",""
1987333818,"CC_BY_NC_4_0","Urocitellus columbianus","PRESERVED_SPECIMEN",-114.1965832,49.4567316,0.5,NA,NA,NA,"CA","Alberta","","BEAVER MINES; 49DEG26'N, 114DEG13'W; 1300M","CANADA: ALBERTA:  CO.; BEAVER MINES; 49DEG26'N, 114DEG13'W; 1300M; 49.45694, -114.19583;","UMMZ","Zammuto, R.",""
1987333612,"CC_BY_NC_4_0","Urocitellus columbianus","PRESERVED_SPECIMEN",-114.1965832,49.4567316,0.5,NA,NA,NA,"CA","Alberta","","BEAVER MINES; 49DEG26'N, 114DEG13'W; 1300M","CANADA: ALBERTA:  CO.; BEAVER MINES; 49DEG26'N, 114DEG13'W; 1300M; 49.45694, -114.19583;","UMMZ","Zammuto, R.",""
1987333260,"CC_BY_NC_4_0","Urocitellus columbianus","PRESERVED_SPECIMEN",NA,NA,NA,NA,NA,NA,"CA","Alberta","","STREETER BASIN, 50DEG 3'N, 114DEG 10'W, 1360M","CANADA: ALBERTA:  CO.; STREETER BASIN, 50DEG 3'N, 114DEG 10'W, 1360M; , ;","UMMZ","Zammuto, R.",""
1987332959,"CC_BY_NC_4_0","Urocitellus columbianus","PRESERVED_SPECIMEN",NA,NA,NA,NA,NA,NA,"CA","Alberta","","STREETER BASIN, 50DEG 3'N, 114DEG 10'W, 1360M","CANADA: ALBERTA:  CO.; STREETER BASIN, 50DEG 3'N, 114DEG 10'W, 1360M; , ;","UMMZ","Zammuto, R.",""
1987332362,"CC_BY_NC_4_0","Urocitellus columbianus","PRESERVED_SPECIMEN",NA,NA,NA,NA,NA,NA,"CA","Alberta","","SHEEP RIVER RANGER STATION; 50DEG39'N, 114DEG38'W; 1500M","CANADA: ALBERTA:  CO.; SHEEP RIVER RANGER STATION; 50DEG39'N, 114DEG38'W; 1500M; , ;","UMMZ","Zammuto, R.",""
1987331991,"CC_BY_NC_4_0","Urocitellus columbianus","PRESERVED_SPECIMEN",-118.314709,46.2994613,0.5,1928,7,22,"US","Washington","WALLA WALLA","PRESCOTT","UNITED STATES: WASHINGTON: WALLA WALLA CO.; PRESCOTT; , ;","UMMZ","Dice, L.",""
1987331633,"CC_BY_NC_4_0","Urocitellus columbianus","PRESERVED_SPECIMEN",-117.1793863,46.7311693,2.9,1921,3,27,"US","Washington","WHITMAN","PULLMAN","Washington: Whitman Co., Pullman","UMMZ","Putnam, Philip",""
1987331352,"CC_BY_NC_4_0","Urocitellus columbianus","PRESERVED_SPECIMEN",-114.7007874,50.42479,2.5,NA,NA,NA,"CA","Alberta","","50DEG 20'N, 114DEG 44'W, CAT CREEK, 1675M","CANADA: ALBERTA:  CO.; 50DEG 20'N, 114DEG 44'W, CAT CREEK, 1675M; 50.425, -114.7;","UMMZ","Zammuto, R.",""
1987331124,"CC_BY_NC_4_0","Urocitellus columbianus","PRESERVED_SPECIMEN",-114.7007874,50.42479,2.5,NA,NA,NA,"CA","Alberta","","50DEG 20'N, 114DEG 44'W, CAT CREEK, 1675M","CANADA: ALBERTA:  CO.; 50DEG 20'N, 114DEG 44'W, CAT CREEK, 1675M; 50.425, -114.7;","UMMZ","Zammuto, R.",""
1987331074,"CC_BY_NC_4_0","Urocitellus columbianus","PRESERVED_SPECIMEN",NA,NA,NA,NA,NA,NA,"CA","Alberta","","SHEEP RIVER RANGER STATION; 50DEG39'N, 114DEG38'W; 1500M","CANADA: ALBERTA:  CO.; SHEEP RIVER RANGER STATION; 50DEG39'N, 114DEG38'W; 1500M; , ;","UMMZ","Zammuto, R.",""
1987330700,"CC_BY_NC_4_0","Urocitellus columbianus","PRESERVED_SPECIMEN",NA,NA,NA,NA,NA,NA,"CA","Alberta","","SHEEP RIVER RANGER STATION; 50DEG39'N, 114DEG38'W; 1500M","CANADA: ALBERTA:  CO.; SHEEP RIVER RANGER STATION; 50DEG39'N, 114DEG38'W; 1500M; , ;","UMMZ","Zammuto, R.",""
1987330440,"CC_BY_NC_4_0","Urocitellus columbianus","PRESERVED_SPECIMEN",NA,NA,NA,NA,NA,NA,"CA","Alberta","","STREETER BASIN, 50DEG 3'N, 114DEG 10'W, 1360M","CANADA: ALBERTA:  CO.; STREETER BASIN, 50DEG 3'N, 114DEG 10'W, 1360M; , ;","UMMZ","Zammuto, R.",""
1987330230,"CC_BY_NC_4_0","Urocitellus columbianus","PRESERVED_SPECIMEN",NA,NA,NA,NA,NA,NA,"CA","Alberta","","SHEEP RIVER RANGER STATION, 50DEG 39'N, 114DEG 38'W, 1500M","CANADA: ALBERTA:  CO.; SHEEP RIVER RANGER STATION, 50DEG 39'N, 114DEG 38'W, 1500M; , ;","UMMZ","Zammuto, R.",""
1987329995,"CC_BY_NC_4_0","Urocitellus columbianus","PRESERVED_SPECIMEN",-117.1793863,46.7311693,2.9,1921,3,26,"US","Washington","WHITMAN","PULLMAN","Washington: Whitman Co., Pullman","UMMZ","Putnam, Philip",""
1987329435,"CC_BY_NC_4_0","Urocitellus columbianus","PRESERVED_SPECIMEN",-114.1965832,49.4567316,0.5,NA,NA,NA,"CA","Alberta","","BEAVER MINES; 49DEG26'N, 114DEG13'W; 1300M","CANADA: ALBERTA:  CO.; BEAVER MINES; 49DEG26'N, 114DEG13'W; 1300M; 49.45694, -114.19583;","UMMZ","Zammuto, R.",""
1987329260,"CC_BY_NC_4_0","Urocitellus columbianus","PRESERVED_SPECIMEN",NA,NA,NA,NA,NA,NA,"CA","Alberta","","STREETER BASIN, 50DEG 3'N, 114DEG 10'W, 1360M","CANADA: ALBERTA:  CO.; STREETER BASIN, 50DEG 3'N, 114DEG 10'W, 1360M; , ;","UMMZ","Zammuto, R.",""
1987328772,"CC_BY_NC_4_0","Urocitellus columbianus","PRESERVED_SPECIMEN",NA,NA,NA,NA,NA,NA,"CA","Alberta","","SHEEP RIVER RANGER STATION, 50DEG 39'N, 114DEG 38'W, 1500M","CANADA: ALBERTA:  CO.; SHEEP RIVER RANGER STATION, 50DEG 39'N, 114DEG 38'W, 1500M; , ;","UMMZ","Zammuto, R.",""
1987328659,"CC_BY_NC_4_0","Urocitellus columbianus","PRESERVED_SPECIMEN",NA,NA,NA,NA,NA,NA,"CA","Alberta","","STREETER BASIN, 50DEG 3'N, 114DEG 10'W, 1360M","CANADA: ALBERTA:  CO.; STREETER BASIN, 50DEG 3'N, 114DEG 10'W, 1360M; , ;","UMMZ","Zammuto, R.",""
1987328187,"CC_BY_NC_4_0","Urocitellus columbianus","PRESERVED_SPECIMEN",-114.7007874,50.42479,2.5,NA,NA,NA,"CA","Alberta","","CAT CREEK, 50DEG 26'N,114DEG 44'W, 1675M","CANADA: ALBERTA:  CO.; CAT CREEK, 50DEG 26'N,114DEG 44'W, 1675M; 50.425, -114.7;","UMMZ","Zammuto, R.",""
1987328149,"CC_BY_NC_4_0","Urocitellus columbianus","PRESERVED_SPECIMEN",-117.1934376,45.0514384,NA,1922,7,1,"US","Oregon","Baker","3 mi. N Cornucopia","Oregon: Baker Co., Cornucopia","UMMZ","Dice, L.",""
1987327856,"CC_BY_NC_4_0","Urocitellus columbianus","PRESERVED_SPECIMEN",NA,NA,NA,NA,NA,NA,"CA","Alberta","","SHEEP RIVER RANGER STATION; 50DEG39'N, 114DEG38'W; 1500M","CANADA: ALBERTA:  CO.; SHEEP RIVER RANGER STATION; 50DEG39'N, 114DEG38'W; 1500M; , ;","UMMZ","Zammuto, R.",""
1987327734,"CC_BY_NC_4_0","Urocitellus columbianus","PRESERVED_SPECIMEN",-114.7007874,50.42479,2.5,NA,NA,NA,"CA","Alberta","","CAT CREEK, 50DEG 26'N,114DEG 44'W, 1675M","CANADA: ALBERTA:  CO.; CAT CREEK, 50DEG 26'N,114DEG 44'W, 1675M; 50.425, -114.7;","UMMZ","Zammuto, R.",""
1987327442,"CC_BY_NC_4_0","Urocitellus columbianus","PRESERVED_SPECIMEN",-114.7007874,50.42479,2.5,NA,NA,NA,"CA","Alberta","","CAT CREEK, 50DEG 26'N,114DEG 44'W, 1675M","CANADA: ALBERTA:  CO.; CAT CREEK, 50DEG 26'N,114DEG 44'W, 1675M; 50.425, -114.7;","UMMZ","Zammuto, R.",""
1987327171,"CC_BY_NC_4_0","Urocitellus columbianus","PRESERVED_SPECIMEN",-114.7007874,50.42479,2.5,NA,NA,NA,"CA","Alberta","","50DEG 20'N, 114DEG 44'W, CAT CREEK, 1675M","CANADA: ALBERTA:  CO.; 50DEG 20'N, 114DEG 44'W, CAT CREEK, 1675M; 50.425, -114.7;","UMMZ","Zammuto, R.",""
1987326788,"CC_BY_NC_4_0","Urocitellus columbianus","PRESERVED_SPECIMEN",NA,NA,NA,NA,NA,NA,"CA","Alberta","","MARMOT BASIN, 50DEG 57'N, 115DEG 11'W, 2200M","CANADA: ALBERTA:  CO.; MARMOT BASIN, 50DEG 57'N, 115DEG 11'W, 2200M; , ;","UMMZ","Zammuto, R.",""
1987326699,"CC_BY_NC_4_0","Urocitellus columbianus","PRESERVED_SPECIMEN",-114.1965832,49.4567316,0.5,NA,NA,NA,"CA","Alberta","","BEAVER MINES; 49DEG26'N, 114DEG13'W; 1300M","CANADA: ALBERTA:  CO.; BEAVER MINES; 49DEG26'N, 114DEG13'W; 1300M; 49.45694, -114.19583;","UMMZ","Zammuto, R.",""
1987326498,"CC_BY_NC_4_0","Urocitellus columbianus","PRESERVED_SPECIMEN",-114.4757763,50.2095112,1.5,NA,NA,NA,"CA","Alberta","","HAILSTONE BUTTE; 50DEG12'N, 114DEG27'W; 2000M","CANADA: ALBERTA:  CO.; HAILSTONE BUTTE; 50DEG12'N, 114DEG27'W; 2000M; 50.20972, -114.475;","UMMZ","Zammuto, R.",""
1987326237,"CC_BY_NC_4_0","Urocitellus columbianus","PRESERVED_SPECIMEN",-114.4757763,50.2095112,1.5,NA,NA,NA,"CA","Alberta","","HAILSTONE BUTTE; 50DEG12'N, 114DEG27'W; 2000M","CANADA: ALBERTA:  CO.; HAILSTONE BUTTE; 50DEG12'N, 114DEG27'W; 2000M; 50.20972, -114.475;","UMMZ","Zammuto, R.",""
1987325750,"CC_BY_NC_4_0","Urocitellus columbianus","PRESERVED_SPECIMEN",-114.7007874,50.42479,2.5,NA,NA,NA,"CA","Alberta","","50DEG 20'N, 114DEG 44'W, CAT CREEK, 1675M","CANADA: ALBERTA:  CO.; 50DEG 20'N, 114DEG 44'W, CAT CREEK, 1675M; 50.425, -114.7;","UMMZ","Zammuto, R.",""
1987325577,"CC_BY_NC_4_0","Urocitellus columbianus","PRESERVED_SPECIMEN",NA,NA,NA,NA,NA,NA,"CA","Alberta","","SHEEP RIVER RANGER STATION; 50DEG39'N, 114DEG38'W; 1500M","CANADA: ALBERTA:  CO.; SHEEP RIVER RANGER STATION; 50DEG39'N, 114DEG38'W; 1500M; , ;","UMMZ","Zammuto, R.",""
1987325057,"CC_BY_NC_4_0","Urocitellus columbianus","PRESERVED_SPECIMEN",-114.1965832,49.4567316,0.5,NA,NA,NA,"CA","Alberta","","BEAVER MINES; 49DEG26'N, 114DEG13'W; 1300M","CANADA: ALBERTA:  CO.; BEAVER MINES; 49DEG26'N, 114DEG13'W; 1300M; 49.45694, -114.19583;","UMMZ","Zammuto, R.",""
1987324587,"CC_BY_NC_4_0","Urocitellus columbianus","PRESERVED_SPECIMEN",NA,NA,NA,NA,NA,NA,"CA","Alberta","","STREETER BASIN, 50DEG 3'N, 114DEG 10'W, 1360M","CANADA: ALBERTA:  CO.; STREETER BASIN, 50DEG 3'N, 114DEG 10'W, 1360M; , ;","UMMZ","Zammuto, R.",""
1987324363,"CC_BY_NC_4_0","Urocitellus columbianus","PRESERVED_SPECIMEN",NA,NA,NA,NA,NA,NA,"CA","Alberta","","MARMOT BASIN, 50DEG 57'N, 115DEG 11'W, 2200M","CANADA: ALBERTA:  CO.; MARMOT BASIN, 50DEG 57'N, 115DEG 11'W, 2200M; , ;","UMMZ","Zammuto, R.",""
1987324253,"CC_BY_NC_4_0","Urocitellus columbianus","PRESERVED_SPECIMEN",-118.9050207,46.0853572,0.5,1922,6,11,"US","Washington","WALLA WALLA","WALLULA","Washington: Walla Walla Co., Prescott","UMMZ","Dice, L.",""
1987323737,"CC_BY_NC_4_0","Urocitellus columbianus","PRESERVED_SPECIMEN",NA,NA,NA,NA,NA,NA,"CA","Alberta","","STREETER BASIN, 50DEG 3'N, 114DEG 10'W, 1360M","CANADA: ALBERTA:  CO.; STREETER BASIN, 50DEG 3'N, 114DEG 10'W, 1360M; , ;","UMMZ","Zammuto, R.",""
1987323626,"CC_BY_NC_4_0","Urocitellus columbianus","PRESERVED_SPECIMEN",-118.4210976,45.5064648,NA,1922,6,18,"US","Oregon","UMATILLA","MEACHAM","Oregon: Umatilla Co., Meacham","UMMZ","Dice, L.",""
1987323552,"CC_BY_NC_4_0","Urocitellus columbianus","PRESERVED_SPECIMEN",NA,NA,NA,NA,NA,NA,"CA","Alberta","","SHEEP RIVER RANGER STATION, 50DEG 39'N, 114DEG 38'W, 1500M","CANADA: ALBERTA:  CO.; SHEEP RIVER RANGER STATION, 50DEG 39'N, 114DEG 38'W, 1500M; , ;","UMMZ","Zammuto, R.",""
1987323525,"CC_BY_NC_4_0","Urocitellus columbianus","PRESERVED_SPECIMEN",NA,NA,NA,NA,NA,NA,"CA","Alberta","","STREETER BASIN, 50DEG 3'N, 114DEG 10'W, 1360M","CANADA: ALBERTA:  CO.; STREETER BASIN, 50DEG 3'N, 114DEG 10'W, 1360M; , ;","UMMZ","Zammuto, R.",""
1987323475,"CC_BY_NC_4_0","Urocitellus columbianus","PRESERVED_SPECIMEN",NA,NA,NA,NA,NA,NA,"CA","Alberta","","SHEEP RIVER RANGER STATION, 50DEG 39'N, 114DEG 38'W, 1500M","CANADA: ALBERTA:  CO.; SHEEP RIVER RANGER STATION, 50DEG 39'N, 114DEG 38'W, 1500M; , ;","UMMZ","Zammuto, R.",""
1987323449,"CC_BY_NC_4_0","Urocitellus columbianus","PRESERVED_SPECIMEN",-113.5938391,43.5637192,0.1,1937,7,17,"US","Idaho","BUTTE","25MI NE CARY","UNITED STATES: IDAHO: BUTTE CO.; 25MI NE CARY; 43.5639, -113.5932;","UMMZ","Blossom, P.",""
1987323256,"CC_BY_NC_4_0","Urocitellus columbianus","PRESERVED_SPECIMEN",NA,NA,NA,NA,NA,NA,"CA","Alberta","","SHEEP RIVER RANGER STATION, 50DEG 39'N, 114DEG 38'W, 1500M","CANADA: ALBERTA:  CO.; SHEEP RIVER RANGER STATION, 50DEG 39'N, 114DEG 38'W, 1500M; , ;","UMMZ","Zammuto, R.",""
1987323081,"CC_BY_NC_4_0","Urocitellus columbianus","PRESERVED_SPECIMEN",-113.6526381,43.3804206,1,1937,7,9,"US","Idaho","BUTTE","25MI SW ARCO","UNITED STATES: IDAHO: BUTTE CO.; 25MI SW ARCO; 43.3806, -113.652;","UMMZ","Blossom, P.",""
1987322887,"CC_BY_NC_4_0","Urocitellus columbianus","PRESERVED_SPECIMEN",NA,NA,NA,NA,NA,NA,"CA","Alberta","","SHEEP RIVER RANGER STATION, 50DEG 39'N, 114DEG 38'W, 1500M","CANADA: ALBERTA:  CO.; SHEEP RIVER RANGER STATION, 50DEG 39'N, 114DEG 38'W, 1500M; , ;","UMMZ","Zammuto, R.",""
1987322865,"CC_BY_NC_4_0","Urocitellus columbianus","PRESERVED_SPECIMEN",-117.6325237,48.0614619,0.4,1921,4,8,"US","Washington","STEVENS","LOON LAKE","UNITED STATES: WASHINGTON: STEVENS CO.; LOON LAKE; , ;","UMMZ","BROWN, D.",""
1987322780,"CC_BY_NC_4_0","Urocitellus columbianus","PRESERVED_SPECIMEN",NA,NA,NA,NA,NA,NA,"CA","Alberta","","STREETER BASIN, 50DEG 3'N, 114DEG 10'W, 1360M","CANADA: ALBERTA:  CO.; STREETER BASIN, 50DEG 3'N, 114DEG 10'W, 1360M; , ;","UMMZ","Zammuto, R.",""
1987322570,"CC_BY_NC_4_0","Urocitellus columbianus","PRESERVED_SPECIMEN",-114.7007874,50.42479,2.5,NA,NA,NA,"CA","Alberta","","CAT CREEK, 50DEG 26'N,114DEG 44'W, 1675M","CANADA: ALBERTA:  CO.; CAT CREEK, 50DEG 26'N,114DEG 44'W, 1675M; 50.425, -114.7;","UMMZ","Zammuto, R.",""
1987322315,"CC_BY_NC_4_0","Urocitellus columbianus","PRESERVED_SPECIMEN",-114.4757763,50.2095112,1.5,NA,NA,NA,"CA","Alberta","","HAILSTONE BUTTE; 50DEG12'N, 114DEG27'W; 2000M","CANADA: ALBERTA:  CO.; HAILSTONE BUTTE; 50DEG12'N, 114DEG27'W; 2000M; 50.20972, -114.475;","UMMZ","Zammuto, R.",""
1987322010,"CC_BY_NC_4_0","Urocitellus columbianus","PRESERVED_SPECIMEN",-117.1924568,45.0080787,NA,1922,6,29,"US","Oregon","BAKER","CORNUCOPIA","Oregon: Baker Co., Cornucopia","UMMZ","Hatt, R.",""
1987321885,"CC_BY_NC_4_0","Urocitellus columbianus","PRESERVED_SPECIMEN",-114.4757763,50.2095112,1.5,NA,NA,NA,"CA","Alberta","","HAILSTONE BUTTE; 50DEG12'N, 114DEG27'W; 2000M","CANADA: ALBERTA:  CO.; HAILSTONE BUTTE; 50DEG12'N, 114DEG27'W; 2000M; 50.20972, -114.475;","UMMZ","Zammuto, R.",""
1987321829,"CC_BY_NC_4_0","Urocitellus columbianus","PRESERVED_SPECIMEN",-114.1965832,49.4567316,0.5,NA,NA,NA,"CA","Alberta","","BEAVER MINES; 49DEG26'N, 114DEG13'W; 1300M","CANADA: ALBERTA:  CO.; BEAVER MINES; 49DEG26'N, 114DEG13'W; 1300M; 49.45694, -114.19583;","UMMZ","Zammuto, R.",""
1987321820,"CC_BY_NC_4_0","Urocitellus columbianus","PRESERVED_SPECIMEN",NA,NA,NA,NA,NA,NA,"CA","Alberta","","STREETER BASIN, 50DEG 3'N, 114DEG 10'W, 1360M","CANADA: ALBERTA:  CO.; STREETER BASIN, 50DEG 3'N, 114DEG 10'W, 1360M; , ;","UMMZ","Zammuto, R.",""
1987321436,"CC_BY_NC_4_0","Urocitellus columbianus","PRESERVED_SPECIMEN",-114.1965832,49.4567316,0.5,NA,NA,NA,"CA","Alberta","","BEAVER MINES; 49DEG26'N, 114DEG13'W; 1300M","CANADA: ALBERTA:  CO.; BEAVER MINES; 49DEG26'N, 114DEG13'W; 1300M; 49.45694, -114.19583;","UMMZ","Zammuto, R.",""
1987321238,"CC_BY_NC_4_0","Urocitellus columbianus","PRESERVED_SPECIMEN",-117.682511,47.328363,1.1,1922,6,25,"US","Washington","SPOKANE","WILLIAMS LAKE","Washington: Williams L., Spokane Co.","UMMZ","Dice, L.",""
1987321130,"CC_BY_NC_4_0","Urocitellus columbianus","PRESERVED_SPECIMEN",-114.1965832,49.4567316,0.5,NA,NA,NA,"CA","Alberta","","BEAVER MINES; 49DEG26'N, 114DEG13'W; 1300M","CANADA: ALBERTA:  CO.; BEAVER MINES; 49DEG26'N, 114DEG13'W; 1300M; 49.45694, -114.19583;","UMMZ","Zammuto, R.",""
1987321042,"CC_BY_NC_4_0","Urocitellus columbianus","PRESERVED_SPECIMEN",NA,NA,NA,1982,6,25,"CA","Alberta","","50DEG 30MIN N, 114DEG 20MIN W, RIO ALTO RANCH","CANADA: ALBERTA:  CO.; 50DEG 30MIN N, 114DEG 20MIN W, RIO ALTO RANCH; , ;","UMMZ","Dobson, F.",""
1987320614,"CC_BY_NC_4_0","Urocitellus columbianus","PRESERVED_SPECIMEN",-114.4757763,50.2095112,1.5,NA,NA,NA,"CA","Alberta","","HAILSTONE BUTTE; 50DEG12'N, 114DEG27'W; 2000M","CANADA: ALBERTA:  CO.; HAILSTONE BUTTE; 50DEG12'N, 114DEG27'W; 2000M; 50.20972, -114.475;","UMMZ","Zammuto, R.",""
1987320583,"CC_BY_NC_4_0","Urocitellus columbianus","PRESERVED_SPECIMEN",-114.4757763,50.2095112,1.5,NA,NA,NA,"CA","Alberta","","HAILSTONE BUTTE; 50DEG12'N, 114DEG27'W; 2000M","CANADA: ALBERTA:  CO.; HAILSTONE BUTTE; 50DEG12'N, 114DEG27'W; 2000M; 50.20972, -114.475;","UMMZ","Zammuto, R.",""
1987320305,"CC_BY_NC_4_0","Urocitellus columbianus","PRESERVED_SPECIMEN",NA,NA,NA,NA,NA,NA,"CA","Alberta","","50DEG 57'N, 115DEG 11'W, MARMOT BASIN, 2200M","CANADA: ALBERTA:  CO.; 50DEG 57'N, 115DEG 11'W, MARMOT BASIN, 2200M; , ;","UMMZ","Zammuto, R.",""
1987320217,"CC_BY_NC_4_0","Urocitellus columbianus","PRESERVED_SPECIMEN",-113.6526381,43.3804206,1,1937,7,9,"US","Idaho","BUTTE","25MI SW ARCO","UNITED STATES: IDAHO: BUTTE CO.; 25MI SW ARCO; 43.3806, -113.652;","UMMZ","Blossom, P.",""
1987320194,"CC_BY_NC_4_0","Urocitellus columbianus","PRESERVED_SPECIMEN",-114.4757763,50.2095112,1.5,NA,NA,NA,"CA","Alberta","","HAILSTONE BUTTE; 50DEG12'N, 114DEG27'W; 2000M","CANADA: ALBERTA:  CO.; HAILSTONE BUTTE; 50DEG12'N, 114DEG27'W; 2000M; 50.20972, -114.475;","UMMZ","Zammuto, R.",""
1987320115,"CC_BY_NC_4_0","Urocitellus columbianus","PRESERVED_SPECIMEN",-114.1965832,49.4567316,0.5,NA,NA,NA,"CA","Alberta","","BEAVER MINES; 49DEG26'N, 114DEG13'W; 1300M","CANADA: ALBERTA:  CO.; BEAVER MINES; 49DEG26'N, 114DEG13'W; 1300M; 49.45694, -114.19583;","UMMZ","Zammuto, R.",""
1987320079,"CC_BY_NC_4_0","Urocitellus columbianus","PRESERVED_SPECIMEN",NA,NA,NA,NA,NA,NA,"CA","Alberta","","STREETER BASIN, 50DEG 3'N, 114DEG 10'W, 1360M","CANADA: ALBERTA:  CO.; STREETER BASIN, 50DEG 3'N, 114DEG 10'W, 1360M; , ;","UMMZ","Zammuto, R.",""
1987319889,"CC_BY_NC_4_0","Urocitellus columbianus","PRESERVED_SPECIMEN",NA,NA,NA,1982,5,18,"CA","Alberta","","50DEG 30MIN N, 114DEG 20MIN W, RIO ALTO RANCH","CANADA: ALBERTA:  CO.; 50DEG 30MIN N, 114DEG 20MIN W, RIO ALTO RANCH; , ;","UMMZ","Dobson, F.",""
1987319638,"CC_BY_NC_4_0","Urocitellus columbianus","PRESERVED_SPECIMEN",-114.1965832,49.4567316,0.5,NA,NA,NA,"CA","Alberta","","BEAVER MINES; 49DEG26'N, 114DEG13'W; 1300M","CANADA: ALBERTA:  CO.; BEAVER MINES; 49DEG26'N, 114DEG13'W; 1300M; 49.45694, -114.19583;","UMMZ","Zammuto, R.",""
1987319372,"CC_BY_NC_4_0","Urocitellus columbianus","PRESERVED_SPECIMEN",NA,NA,NA,NA,NA,NA,"CA","Alberta","","SHEEP RIVER RANGER STATION; 50DEG39'N, 114DEG38'W; 1500M","CANADA: ALBERTA:  CO.; SHEEP RIVER RANGER STATION; 50DEG39'N, 114DEG38'W; 1500M; , ;","UMMZ","Zammuto, R.",""
1987319313,"CC_BY_NC_4_0","Urocitellus columbianus","PRESERVED_SPECIMEN",NA,NA,NA,NA,NA,NA,"CA","Alberta","","SHEEP RIVER RANGER STATION; 50DEG39'N, 114DEG38'W; 1500M","CANADA: ALBERTA:  CO.; SHEEP RIVER RANGER STATION; 50DEG39'N, 114DEG38'W; 1500M; , ;","UMMZ","Zammuto, R.",""
1987319004,"CC_BY_NC_4_0","Urocitellus columbianus","PRESERVED_SPECIMEN",-114.7007874,50.42479,2.5,NA,NA,NA,"CA","Alberta","","CAT CREEK, 50DEG 26'N,114DEG 44'W, 1675M","CANADA: ALBERTA:  CO.; CAT CREEK, 50DEG 26'N,114DEG 44'W, 1675M; 50.425, -114.7;","UMMZ","Zammuto, R.",""
1987318522,"CC_BY_NC_4_0","Urocitellus columbianus","PRESERVED_SPECIMEN",-118.9050207,46.0853572,0.5,1922,6,11,"US","Washington","WALLA WALLA","WALLULA","Washington: Walla Walla Co., Prescott","UMMZ","Dice, L.",""
1987318308,"CC_BY_NC_4_0","Urocitellus columbianus","PRESERVED_SPECIMEN",NA,NA,NA,NA,NA,NA,"CA","Alberta","","SHEEP RIVER RANGER STATION; 50DEG39'N, 114DEG38'W; 1500M","CANADA: ALBERTA:  CO.; SHEEP RIVER RANGER STATION; 50DEG39'N, 114DEG38'W; 1500M; , ;","UMMZ","Zammuto, R.",""
1987318057,"CC_BY_NC_4_0","Urocitellus columbianus","PRESERVED_SPECIMEN",-114.4757763,50.2095112,1.5,NA,NA,NA,"CA","Alberta","","HAILSTONE BUTTE; 50DEG12'N, 114DEG27'W; 2000M","CANADA: ALBERTA:  CO.; HAILSTONE BUTTE; 50DEG12'N, 114DEG27'W; 2000M; 50.20972, -114.475;","UMMZ","Zammuto, R.",""
1987318007,"CC_BY_NC_4_0","Urocitellus columbianus","PRESERVED_SPECIMEN",NA,NA,NA,NA,NA,NA,"CA","Alberta","","SHEEP RIVER RANGER STATION; 50DEG39'N, 114DEG38'W; 1500M","CANADA: ALBERTA:  CO.; SHEEP RIVER RANGER STATION; 50DEG39'N, 114DEG38'W; 1500M; , ;","UMMZ","Zammuto, R.",""
1987317586,"CC_BY_NC_4_0","Urocitellus columbianus","PRESERVED_SPECIMEN",NA,NA,NA,NA,NA,NA,"CA","Alberta","","SHEEP RIVER RANGER STATION; 50DEG39'N, 114DEG38'W; 1500M","CANADA: ALBERTA:  CO.; SHEEP RIVER RANGER STATION; 50DEG39'N, 114DEG38'W; 1500M; , ;","UMMZ","Zammuto, R.",""
1987317246,"CC_BY_NC_4_0","Urocitellus columbianus","PRESERVED_SPECIMEN",-118.314709,46.2994613,0.5,1928,7,23,"US","Washington","WALLA WALLA","PRESCOTT","UNITED STATES: WASHINGTON: WALLA WALLA CO.; PRESCOTT; , ;","UMMZ","Dice, L.",""
1987317225,"CC_BY_NC_4_0","Urocitellus columbianus","PRESERVED_SPECIMEN",NA,NA,NA,NA,NA,NA,"CA","Alberta","","SHEEP RIVER RANGER STATION; 50DEG39'N, 114DEG38'W; 1500M","CANADA: ALBERTA:  CO.; SHEEP RIVER RANGER STATION; 50DEG39'N, 114DEG38'W; 1500M; , ;","UMMZ","Zammuto, R.",""
1987317030,"CC_BY_NC_4_0","Urocitellus columbianus","PRESERVED_SPECIMEN",-114.1965832,49.4567316,0.5,NA,NA,NA,"CA","Alberta","","BEAVER MINES; 49DEG26'N, 114DEG13'W; 1300M","CANADA: ALBERTA:  CO.; BEAVER MINES; 49DEG26'N, 114DEG13'W; 1300M; 49.45694, -114.19583;","UMMZ","Zammuto, R.",""
1987317019,"CC_BY_NC_4_0","Urocitellus columbianus","PRESERVED_SPECIMEN",-116.0888082,43.771498,0.1,1929,7,8,"US","Idaho","BOISE","SHAFER BUTTE","UNITED STATES: IDAHO: BOISE CO.; SHAFER BUTTE; 43.7717, -116.0881;","UMMZ","",""
1987316942,"CC_BY_NC_4_0","Urocitellus columbianus","PRESERVED_SPECIMEN",NA,NA,NA,NA,NA,NA,"CA","Alberta","","SHEEP RIVER RANGER STATION; 50DEG39'N, 114DEG38'W; 1500M","CANADA: ALBERTA:  CO.; SHEEP RIVER RANGER STATION; 50DEG39'N, 114DEG38'W; 1500M; , ;","UMMZ","Zammuto, R.",""
1987316628,"CC_BY_NC_4_0","Urocitellus columbianus","PRESERVED_SPECIMEN",-118.9050207,46.0853572,0.5,1922,6,11,"US","Washington","WALLA WALLA","WALLULA","Washington: Walla Walla Co., Prescott","UMMZ","Dice, L.",""
1987316447,"CC_BY_NC_4_0","Urocitellus columbianus","PRESERVED_SPECIMEN",NA,NA,NA,NA,NA,NA,"CA","Alberta","","STREETER BASIN, 50DEG 3'N, 114DEG 10'W, 1360M","CANADA: ALBERTA:  CO.; STREETER BASIN, 50DEG 3'N, 114DEG 10'W, 1360M; , ;","UMMZ","Zammuto, R.",""
1987316227,"CC_BY_NC_4_0","Urocitellus columbianus","PRESERVED_SPECIMEN",-114.7007874,50.42479,2.5,NA,NA,NA,"CA","Alberta","","CAT CREEK, 50DEG 26'N,114DEG 44'W, 1675M","CANADA: ALBERTA:  CO.; CAT CREEK, 50DEG 26'N,114DEG 44'W, 1675M; 50.425, -114.7;","UMMZ","Zammuto, R.",""
1987315870,"CC_BY_NC_4_0","Urocitellus columbianus","PRESERVED_SPECIMEN",NA,NA,NA,NA,NA,NA,"CA","Alberta","","STREETER BASIN, 50DEG 3'N, 114DEG 10'W, 1360M","CANADA: ALBERTA:  CO.; STREETER BASIN, 50DEG 3'N, 114DEG 10'W, 1360M; , ;","UMMZ","Zammuto, R.",""
1987315602,"CC_BY_NC_4_0","Urocitellus columbianus","PRESERVED_SPECIMEN",-114.4757763,50.2095112,1.5,NA,NA,NA,"CA","Alberta","","HAILSTONE BUTTE; 50DEG12'N, 114DEG27'W; 2000M","CANADA: ALBERTA:  CO.; HAILSTONE BUTTE; 50DEG12'N, 114DEG27'W; 2000M; 50.20972, -114.475;","UMMZ","Zammuto, R.",""
1987315566,"CC_BY_NC_4_0","Urocitellus columbianus","PRESERVED_SPECIMEN",-114.1965832,49.4567316,0.5,NA,NA,NA,"CA","Alberta","","BEAVER MINES; 49DEG26'N, 114DEG13'W; 1300M","CANADA: ALBERTA:  CO.; BEAVER MINES; 49DEG26'N, 114DEG13'W; 1300M; 49.45694, -114.19583;","UMMZ","Zammuto, R.",""
1987315536,"CC_BY_NC_4_0","Urocitellus columbianus","PRESERVED_SPECIMEN",NA,NA,NA,NA,NA,NA,"CA","Alberta","","SHEEP RIVER RANGER STATION; 50DEG39'N, 114DEG38'W; 1500M","CANADA: ALBERTA:  CO.; SHEEP RIVER RANGER STATION; 50DEG39'N, 114DEG38'W; 1500M; , ;","UMMZ","Zammuto, R.",""
1987315387,"CC_BY_NC_4_0","Urocitellus columbianus","PRESERVED_SPECIMEN",-114.7007874,50.42479,2.5,NA,NA,NA,"CA","Alberta","","CAT CREEK, 50DEG 26'N,114DEG 44'W, 1675M","CANADA: ALBERTA:  CO.; CAT CREEK, 50DEG 26'N,114DEG 44'W, 1675M; 50.425, -114.7;","UMMZ","Zammuto, R.",""
1987315226,"CC_BY_NC_4_0","Urocitellus columbianus","PRESERVED_SPECIMEN",-118.314709,46.2994613,0.5,1915,7,22,"US","Washington","WALLA WALLA","PRESCOTT","Washington: Walla Walla Co., Prescott","UMMZ","Dice, Lee",""
1987315147,"CC_BY_NC_4_0","Urocitellus columbianus","PRESERVED_SPECIMEN",NA,NA,NA,NA,NA,NA,"CA","Alberta","","SHEEP RIVER RANGER STATION, 50DEG 39'N, 114DEG 38'W, 1500M","CANADA: ALBERTA:  CO.; SHEEP RIVER RANGER STATION, 50DEG 39'N, 114DEG 38'W, 1500M; , ;","UMMZ","Zammuto, R.",""
1987314999,"CC_BY_NC_4_0","Urocitellus columbianus","PRESERVED_SPECIMEN",-114.7007874,50.42479,2.5,NA,NA,NA,"CA","Alberta","","CAT CREEK, 50DEG 26'N,114DEG 44'W, 1675M","CANADA: ALBERTA:  CO.; CAT CREEK, 50DEG 26'N,114DEG 44'W, 1675M; 50.425, -114.7;","UMMZ","Zammuto, R.",""
1987314627,"CC_BY_NC_4_0","Urocitellus columbianus","PRESERVED_SPECIMEN",-114.1965832,49.4567316,0.5,NA,NA,NA,"CA","Alberta","","BEAVER MINES; 49DEG26'N, 114DEG13'W; 1300M","CANADA: ALBERTA:  CO.; BEAVER MINES; 49DEG26'N, 114DEG13'W; 1300M; 49.45694, -114.19583;","UMMZ","Zammuto, R.",""
1987314564,"CC_BY_NC_4_0","Urocitellus columbianus","PRESERVED_SPECIMEN",NA,NA,NA,NA,NA,NA,"CA","Alberta","","SHEEP RIVER RANGER STATION; 50DEG39'N, 114DEG38'W; 1500M","CANADA: ALBERTA:  CO.; SHEEP RIVER RANGER STATION; 50DEG39'N, 114DEG38'W; 1500M; , ;","UMMZ","Zammuto, R.",""
1987314560,"CC_BY_NC_4_0","Urocitellus columbianus","PRESERVED_SPECIMEN",-114.7007874,50.42479,2.5,NA,NA,NA,"CA","Alberta","","CAT CREEK, 50DEG 26'N,114DEG 44'W, 1675M","CANADA: ALBERTA:  CO.; CAT CREEK, 50DEG 26'N,114DEG 44'W, 1675M; 50.425, -114.7;","UMMZ","Zammuto, R.",""
1987314413,"CC_BY_NC_4_0","Urocitellus columbianus","PRESERVED_SPECIMEN",NA,NA,NA,NA,NA,NA,"CA","Alberta","","STREETER BASIN, 50DEG 3'N, 114DEG 10'W, 1360M","CANADA: ALBERTA:  CO.; STREETER BASIN, 50DEG 3'N, 114DEG 10'W, 1360M; , ;","UMMZ","Zammuto, R.",""
1987313821,"CC_BY_NC_4_0","Urocitellus columbianus","PRESERVED_SPECIMEN",-113.6949388,43.3497206,1,1937,7,8,"US","Idaho","BLAINE","28MI SW ARCO","UNITED STATES: IDAHO: BLAINE CO.; 28MI SW ARCO; 43.3499, -113.6943;","UMMZ","Blossom, P.",""
1987313765,"CC_BY_NC_4_0","Urocitellus columbianus","PRESERVED_SPECIMEN",NA,NA,NA,NA,NA,NA,"CA","Alberta","","STREETER BASIN, 50DEG 3'N, 114DEG 10'W, 1360M","CANADA: ALBERTA:  CO.; STREETER BASIN, 50DEG 3'N, 114DEG 10'W, 1360M; , ;","UMMZ","Zammuto, R.",""
1987313371,"CC_BY_NC_4_0","Urocitellus columbianus","PRESERVED_SPECIMEN",-114.4757763,50.2095112,1.5,NA,NA,NA,"CA","Alberta","","HAILSTONE BUTTE; 50DEG12'N, 114DEG27'W; 2000M","CANADA: ALBERTA:  CO.; HAILSTONE BUTTE; 50DEG12'N, 114DEG27'W; 2000M; 50.20972, -114.475;","UMMZ","Zammuto, R.",""
1987313330,"CC_BY_NC_4_0","Urocitellus columbianus","PRESERVED_SPECIMEN",-114.1965832,49.4567316,0.5,NA,NA,NA,"CA","Alberta","","BEAVER MINES; 49DEG26'N, 114DEG13'W; 1300M","CANADA: ALBERTA:  CO.; BEAVER MINES; 49DEG26'N, 114DEG13'W; 1300M; 49.45694, -114.19583;","UMMZ","Zammuto, R.",""
1987312936,"CC_BY_NC_4_0","Urocitellus columbianus","PRESERVED_SPECIMEN",NA,NA,NA,NA,NA,NA,"CA","Alberta","","STREETER BASIN, 50DEG 3'N, 114DEG 10'W, 1360M","CANADA: ALBERTA:  CO.; STREETER BASIN, 50DEG 3'N, 114DEG 10'W, 1360M; , ;","UMMZ","Zammuto, R.",""
1987312800,"CC_BY_NC_4_0","Urocitellus columbianus","PRESERVED_SPECIMEN",-114.4757763,50.2095112,1.5,NA,NA,NA,"CA","Alberta","","HAILSTONE BUTTE; 50DEG12'N, 114DEG27'W; 2000M","CANADA: ALBERTA:  CO.; HAILSTONE BUTTE; 50DEG12'N, 114DEG27'W; 2000M; 50.20972, -114.475;","UMMZ","Zammuto, R.",""
1987312749,"CC_BY_NC_4_0","Urocitellus columbianus","PRESERVED_SPECIMEN",NA,NA,NA,NA,NA,NA,"CA","Alberta","","SHEEP RIVER RANGER STATION; 50DEG39'N, 114DEG38'W; 1500M","CANADA: ALBERTA:  CO.; SHEEP RIVER RANGER STATION; 50DEG39'N, 114DEG38'W; 1500M; , ;","UMMZ","Zammuto, R.",""
1987312735,"CC_BY_NC_4_0","Urocitellus columbianus","PRESERVED_SPECIMEN",-114.7007874,50.42479,2.5,NA,NA,NA,"CA","Alberta","","CAT CREEK, 50DEG 26'N,114DEG 44'W, 1675M","CANADA: ALBERTA:  CO.; CAT CREEK, 50DEG 26'N,114DEG 44'W, 1675M; 50.425, -114.7;","UMMZ","Zammuto, R.",""
1987312666,"CC_BY_NC_4_0","Urocitellus columbianus","PRESERVED_SPECIMEN",-114.4757763,50.2095112,1.5,NA,NA,NA,"CA","Alberta","","HAILSTONE BUTTE; 50DEG12'N, 114DEG27'W; 2000M","CANADA: ALBERTA:  CO.; HAILSTONE BUTTE; 50DEG12'N, 114DEG27'W; 2000M; 50.20972, -114.475;","UMMZ","Zammuto, R.",""
1987312450,"CC_BY_NC_4_0","Urocitellus columbianus","PRESERVED_SPECIMEN",NA,NA,NA,NA,NA,NA,"CA","Alberta","","SHEEP RIVER RANGER STATION; 50DEG39'N, 114DEG38'W; 1500M","CANADA: ALBERTA:  CO.; SHEEP RIVER RANGER STATION; 50DEG39'N, 114DEG38'W; 1500M; , ;","UMMZ","Zammuto, R.",""
1987311499,"CC_BY_NC_4_0","Urocitellus columbianus","PRESERVED_SPECIMEN",NA,NA,NA,NA,NA,NA,"CA","Alberta","","50DEG 3'N, 114DEG 10'W, STREETER BASIN, 1360M","CANADA: ALBERTA:  CO.; 50DEG 3'N, 114DEG 10'W, STREETER BASIN, 1360M; , ;","UMMZ","Zammuto, R.",""
1987311304,"CC_BY_NC_4_0","Urocitellus columbianus","PRESERVED_SPECIMEN",NA,NA,NA,NA,NA,NA,"CA","Alberta","","SHEEP RIVER RANGER STATION, 50DEG 39'N, 114DEG 38'W, 1500M","CANADA: ALBERTA:  CO.; SHEEP RIVER RANGER STATION, 50DEG 39'N, 114DEG 38'W, 1500M; , ;","UMMZ","Zammuto, R.",""
1987311238,"CC_BY_NC_4_0","Urocitellus columbianus","PRESERVED_SPECIMEN",NA,NA,NA,NA,NA,NA,"CA","Alberta","","SHEEP RIVER RANGER STATION; 50DEG39'N, 114DEG38'W; 1500M","CANADA: ALBERTA:  CO.; SHEEP RIVER RANGER STATION; 50DEG39'N, 114DEG38'W; 1500M; , ;","UMMZ","Zammuto, R.",""
1987311128,"CC_BY_NC_4_0","Urocitellus columbianus","PRESERVED_SPECIMEN",-114.1965832,49.4567316,0.5,NA,NA,NA,"CA","Alberta","","BEAVER MINES; 49DEG26'N, 114DEG13'W; 1300M","CANADA: ALBERTA:  CO.; BEAVER MINES; 49DEG26'N, 114DEG13'W; 1300M; 49.45694, -114.19583;","UMMZ","Zammuto, R.",""
1987311038,"CC_BY_NC_4_0","Urocitellus columbianus","PRESERVED_SPECIMEN",-114.7007874,50.42479,2.5,NA,NA,NA,"CA","Alberta","","CAT CREEK, 50DEG 26'N,114DEG 44'W, 1675M","CANADA: ALBERTA:  CO.; CAT CREEK, 50DEG 26'N,114DEG 44'W, 1675M; 50.425, -114.7;","UMMZ","Zammuto, R.",""
1987310913,"CC_BY_NC_4_0","Urocitellus columbianus","PRESERVED_SPECIMEN",NA,NA,NA,NA,NA,NA,"CA","Alberta","","SHEEP RIVER RANGER STATION; 50DEG39'N, 114DEG38'W; 1500M","CANADA: ALBERTA:  CO.; SHEEP RIVER RANGER STATION; 50DEG39'N, 114DEG38'W; 1500M; , ;","UMMZ","Zammuto, R.",""
1987310541,"CC_BY_NC_4_0","Urocitellus columbianus","PRESERVED_SPECIMEN",-114.4757763,50.2095112,1.5,NA,NA,NA,"CA","Alberta","","HAILSTONE BUTTE; 50DEG12'N, 114DEG27'W; 2000M","CANADA: ALBERTA:  CO.; HAILSTONE BUTTE; 50DEG12'N, 114DEG27'W; 2000M; 50.20972, -114.475;","UMMZ","Zammuto, R.",""
1987310484,"CC_BY_NC_4_0","Urocitellus columbianus","PRESERVED_SPECIMEN",-114.7007874,50.42479,2.5,NA,NA,NA,"CA","Alberta","","CAT CREEK, 50DEG 26'N,114DEG 44'W, 1675M","CANADA: ALBERTA:  CO.; CAT CREEK, 50DEG 26'N,114DEG 44'W, 1675M; 50.425, -114.7;","UMMZ","Zammuto, R.",""
1987310462,"CC_BY_NC_4_0","Urocitellus columbianus","PRESERVED_SPECIMEN",-114.4757763,50.2095112,1.5,NA,NA,NA,"CA","Alberta","","HAILSTONE BUTTE; 50DEG12'N, 114DEG27'W; 2000M","CANADA: ALBERTA:  CO.; HAILSTONE BUTTE; 50DEG12'N, 114DEG27'W; 2000M; 50.20972, -114.475;","UMMZ","Zammuto, R.",""
1987310307,"CC_BY_NC_4_0","Urocitellus columbianus","PRESERVED_SPECIMEN",NA,NA,NA,NA,NA,NA,"CA","Alberta","","SHEEP RIVER RANGER STATION; 50DEG39'N, 114DEG38'W; 1500M","CANADA: ALBERTA:  CO.; SHEEP RIVER RANGER STATION; 50DEG39'N, 114DEG38'W; 1500M; , ;","UMMZ","Zammuto, R.",""
1987310276,"CC_BY_NC_4_0","Urocitellus columbianus","PRESERVED_SPECIMEN",-116.0888082,43.771498,0.1,1929,7,8,"US","Idaho","BOISE","SHAFER BUTTE","UNITED STATES: IDAHO: BOISE CO.; SHAFER BUTTE; 43.7717, -116.0881;","UMMZ","",""
1987310121,"CC_BY_NC_4_0","Urocitellus columbianus","PRESERVED_SPECIMEN",NA,NA,NA,1982,6,22,"CA","Alberta","","50DEG 30MIN N, 114DEG 20MIN W, RIO ALTO RANCH","CANADA: ALBERTA:  CO.; 50DEG 30MIN N, 114DEG 20MIN W, RIO ALTO RANCH; , ;","UMMZ","Dobson, F.",""
1987309885,"CC_BY_NC_4_0","Urocitellus columbianus","PRESERVED_SPECIMEN",-114.7007874,50.42479,2.5,NA,NA,NA,"CA","Alberta","","CAT CREEK, 50DEG 26'N,114DEG 44'W, 1675M","CANADA: ALBERTA:  CO.; CAT CREEK, 50DEG 26'N,114DEG 44'W, 1675M; 50.425, -114.7;","UMMZ","Zammuto, R.",""
1987309768,"CC_BY_NC_4_0","Urocitellus columbianus","PRESERVED_SPECIMEN",NA,NA,NA,NA,NA,NA,"CA","Alberta","","STREETER BASIN, 50DEG 3'N, 114DEG 10'W, 1360M","CANADA: ALBERTA:  CO.; STREETER BASIN, 50DEG 3'N, 114DEG 10'W, 1360M; , ;","UMMZ","Zammuto, R.",""
1987309251,"CC_BY_NC_4_0","Urocitellus columbianus","PRESERVED_SPECIMEN",-114.1965832,49.4567316,0.5,NA,NA,NA,"CA","Alberta","","BEAVER MINES; 49DEG26'N, 114DEG13'W; 1300M","CANADA: ALBERTA:  CO.; BEAVER MINES; 49DEG26'N, 114DEG13'W; 1300M; 49.45694, -114.19583;","UMMZ","Zammuto, R.",""
1987308800,"CC_BY_NC_4_0","Urocitellus columbianus","PRESERVED_SPECIMEN",-114.1965832,49.4567316,0.5,NA,NA,NA,"CA","Alberta","","BEAVER MINES; 49DEG26'N, 114DEG13'W; 1300M","CANADA: ALBERTA:  CO.; BEAVER MINES; 49DEG26'N, 114DEG13'W; 1300M; 49.45694, -114.19583;","UMMZ","Zammuto, R.",""
1987308530,"CC_BY_NC_4_0","Urocitellus columbianus","PRESERVED_SPECIMEN",-114.1965832,49.4567316,0.5,NA,NA,NA,"CA","Alberta","","BEAVER MINES; 49DEG26'N, 114DEG13'W; 1300M","CANADA: ALBERTA:  CO.; BEAVER MINES; 49DEG26'N, 114DEG13'W; 1300M; 49.45694, -114.19583;","UMMZ","Zammuto, R.",""
1987308399,"CC_BY_NC_4_0","Urocitellus columbianus","PRESERVED_SPECIMEN",NA,NA,NA,NA,NA,NA,"CA","Alberta","","50DEG 3'N, 114DEG 10'W, STREETER BASIN, 1360M","CANADA: ALBERTA:  CO.; 50DEG 3'N, 114DEG 10'W, STREETER BASIN, 1360M; , ;","UMMZ","Zammuto, R.",""
1987308297,"CC_BY_NC_4_0","Urocitellus columbianus","PRESERVED_SPECIMEN",-114.4757763,50.2095112,1.5,NA,NA,NA,"CA","Alberta","","HAILSTONE BUTTE; 50DEG12'N, 114DEG27'W; 2000M","CANADA: ALBERTA:  CO.; HAILSTONE BUTTE; 50DEG12'N, 114DEG27'W; 2000M; 50.20972, -114.475;","UMMZ","Zammuto, R.",""
1987308249,"CC_BY_NC_4_0","Urocitellus columbianus","PRESERVED_SPECIMEN",-114.4757763,50.2095112,1.5,NA,NA,NA,"CA","Alberta","","HAILSTONE BUTTE; 50DEG12'N, 114DEG27'W; 2000M","CANADA: ALBERTA:  CO.; HAILSTONE BUTTE; 50DEG12'N, 114DEG27'W; 2000M; 50.20972, -114.475;","UMMZ","Zammuto, R.",""
1987307929,"CC_BY_NC_4_0","Urocitellus columbianus","PRESERVED_SPECIMEN",-114.4757763,50.2095112,1.5,NA,NA,NA,"CA","Alberta","","HAILSTONE BUTTE; 50DEG12'N, 114DEG27'W; 2000M","CANADA: ALBERTA:  CO.; HAILSTONE BUTTE; 50DEG12'N, 114DEG27'W; 2000M; 50.20972, -114.475;","UMMZ","Zammuto, R.",""
1987307638,"CC_BY_NC_4_0","Urocitellus columbianus","PRESERVED_SPECIMEN",-114.7007874,50.42479,2.5,NA,NA,NA,"CA","Alberta","","CAT CREEK, 50DEG 26'N,114DEG 44'W, 1675M","CANADA: ALBERTA:  CO.; CAT CREEK, 50DEG 26'N,114DEG 44'W, 1675M; 50.425, -114.7;","UMMZ","Zammuto, R.",""
1987307391,"CC_BY_NC_4_0","Urocitellus columbianus","PRESERVED_SPECIMEN",NA,NA,NA,NA,NA,NA,"CA","Alberta","","SHEEP RIVER RANGER STATION; 50DEG39'N, 114DEG38'W; 1500M","CANADA: ALBERTA:  CO.; SHEEP RIVER RANGER STATION; 50DEG39'N, 114DEG38'W; 1500M; , ;","UMMZ","Zammuto, R.",""
1987307088,"CC_BY_NC_4_0","Urocitellus columbianus","PRESERVED_SPECIMEN",-114.1965832,49.4567316,0.5,NA,NA,NA,"CA","Alberta","","BEAVER MINES; 49DEG26'N, 114DEG13'W; 1300M","CANADA: ALBERTA:  CO.; BEAVER MINES; 49DEG26'N, 114DEG13'W; 1300M; 49.45694, -114.19583;","UMMZ","Zammuto, R.",""
1987307077,"CC_BY_NC_4_0","Urocitellus columbianus","PRESERVED_SPECIMEN",-114.4757763,50.2095112,1.5,NA,NA,NA,"CA","Alberta","","HAILSTONE BUTTE; 50DEG12'N, 114DEG27'W; 2000M","CANADA: ALBERTA:  CO.; HAILSTONE BUTTE; 50DEG12'N, 114DEG27'W; 2000M; 50.20972, -114.475;","UMMZ","Zammuto, R.",""
1987307061,"CC_BY_NC_4_0","Urocitellus columbianus","PRESERVED_SPECIMEN",-112.0147406,46.601111,2.5,1936,6,23,"US","Montana","LEWIS AND CLARK","NEAR HELENA, MCDONALD PASS","UNITED STATES: MONTANA: LEWIS AND CLARK CO.; NEAR HELENA, MCDONALD PASS; 46.6013, -112.0141;","UMMZ","Test, F.",""
1987306731,"CC_BY_NC_4_0","Urocitellus columbianus","PRESERVED_SPECIMEN",NA,NA,NA,NA,NA,NA,"CA","Alberta","","STREETER BASIN, 50DEG 3'N, 114DEG 10'W, 1360M","CANADA: ALBERTA:  CO.; STREETER BASIN, 50DEG 3'N, 114DEG 10'W, 1360M; , ;","UMMZ","Zammuto, R.",""
1987306505,"CC_BY_NC_4_0","Urocitellus columbianus","PRESERVED_SPECIMEN",NA,NA,NA,NA,NA,NA,"CA","Alberta","","SHEEP RIVER RANGER STATION; 50DEG39'N, 114DEG38'W; 1500M","CANADA: ALBERTA:  CO.; SHEEP RIVER RANGER STATION; 50DEG39'N, 114DEG38'W; 1500M; , ;","UMMZ","Zammuto, R.",""
1987306317,"CC_BY_NC_4_0","Urocitellus columbianus","PRESERVED_SPECIMEN",-114.4757763,50.2095112,1.5,NA,NA,NA,"CA","Alberta","","HAILSTONE BUTTE; 50DEG12'N, 114DEG27'W; 2000M","CANADA: ALBERTA:  CO.; HAILSTONE BUTTE; 50DEG12'N, 114DEG27'W; 2000M; 50.20972, -114.475;","UMMZ","Zammuto, R.",""
1987306218,"CC_BY_NC_4_0","Urocitellus columbianus","PRESERVED_SPECIMEN",NA,NA,NA,NA,NA,NA,"CA","Alberta","","50DEG 3'N, 114DEG 10'W, STREETER BASIN, 1360M","CANADA: ALBERTA:  CO.; 50DEG 3'N, 114DEG 10'W, STREETER BASIN, 1360M; , ;","UMMZ","Zammuto, R.",""
1987306038,"CC_BY_NC_4_0","Urocitellus columbianus","PRESERVED_SPECIMEN",-114.7007874,50.42479,2.5,NA,NA,NA,"CA","Alberta","","CAT CREEK, 50DEG 26'N,114DEG 44'W, 1675M","CANADA: ALBERTA:  CO.; CAT CREEK, 50DEG 26'N,114DEG 44'W, 1675M; 50.425, -114.7;","UMMZ","Zammuto, R.",""
1987306024,"CC_BY_NC_4_0","Urocitellus columbianus","PRESERVED_SPECIMEN",-114.4757763,50.2095112,1.5,NA,NA,NA,"CA","Alberta","","HAILSTONE BUTTE; 50DEG12'N, 114DEG27'W; 2000M","CANADA: ALBERTA:  CO.; HAILSTONE BUTTE; 50DEG12'N, 114DEG27'W; 2000M; 50.20972, -114.475;","UMMZ","Zammuto, R.",""
1987305790,"CC_BY_NC_4_0","Urocitellus columbianus","PRESERVED_SPECIMEN",-113.4287174,48.7437969,0.1,1927,6,20,"US","Montana","TETON","GLACIER NAT'L PARK,ST.MARYS","UNITED STATES: MONTANA: TETON CO.; GLACIER NAT'L PARK,ST.MARYS; , ;","UMMZ","Murie, A.",""
1987305487,"CC_BY_NC_4_0","Urocitellus columbianus","PRESERVED_SPECIMEN",-114.1965832,49.4567316,0.5,NA,NA,NA,"CA","Alberta","","BEAVER MINES; 49DEG26'N, 114DEG13'W; 1300M","CANADA: ALBERTA:  CO.; BEAVER MINES; 49DEG26'N, 114DEG13'W; 1300M; 49.45694, -114.19583;","UMMZ","Zammuto, R.",""
1987305082,"CC_BY_NC_4_0","Urocitellus columbianus","PRESERVED_SPECIMEN",-114.1965832,49.4567316,0.5,NA,NA,NA,"CA","Alberta","","BEAVER MINES; 49DEG26'N, 114DEG13'W; 1300M","CANADA: ALBERTA:  CO.; BEAVER MINES; 49DEG26'N, 114DEG13'W; 1300M; 49.45694, -114.19583;","UMMZ","Zammuto, R.",""
1987304644,"CC_BY_NC_4_0","Urocitellus columbianus","PRESERVED_SPECIMEN",-117.9721903,46.3236542,1.7,1927,4,9,"US","Washington","COLUMBIA","DAYTON","UNITED STATES: WASHINGTON: COLUMBIA CO.; DAYTON; 46.32389, -117.97139;","UMMZ","Lyman, S.",""
1987304607,"CC_BY_NC_4_0","Urocitellus columbianus","PRESERVED_SPECIMEN",-114.7007874,50.42479,2.5,NA,NA,NA,"CA","Alberta","","CAT CREEK, 50DEG 26'N,114DEG 44'W, 1675M","CANADA: ALBERTA:  CO.; CAT CREEK, 50DEG 26'N,114DEG 44'W, 1675M; 50.425, -114.7;","UMMZ","Zammuto, R.",""
1987304355,"CC_BY_NC_4_0","Urocitellus columbianus","PRESERVED_SPECIMEN",NA,NA,NA,NA,NA,NA,"CA","Alberta","","SHEEP RIVER RANGER STATION; 50DEG39'N, 114DEG38'W; 1500M","CANADA: ALBERTA:  CO.; SHEEP RIVER RANGER STATION; 50DEG39'N, 114DEG38'W; 1500M; , ;","UMMZ","Zammuto, R.",""
1987303802,"CC_BY_NC_4_0","Urocitellus columbianus","PRESERVED_SPECIMEN",-114.4757763,50.2095112,1.5,NA,NA,NA,"CA","Alberta","","HAILSTONE BUTTE; 50DEG12'N, 114DEG27'W; 2000M","CANADA: ALBERTA:  CO.; HAILSTONE BUTTE; 50DEG12'N, 114DEG27'W; 2000M; 50.20972, -114.475;","UMMZ","Zammuto, R.",""
1987303660,"CC_BY_NC_4_0","Urocitellus columbianus","PRESERVED_SPECIMEN",NA,NA,NA,NA,NA,NA,"CA","Alberta","","STREETER BASIN, 50DEG 3'N, 114DEG 10'W, 1360M","CANADA: ALBERTA:  CO.; STREETER BASIN, 50DEG 3'N, 114DEG 10'W, 1360M; , ;","UMMZ","Zammuto, R.",""
1987303592,"CC_BY_NC_4_0","Urocitellus columbianus","PRESERVED_SPECIMEN",-117.6325237,48.0614619,0.4,1921,4,8,"US","Washington","STEVENS","LOON LAKE","UNITED STATES: WASHINGTON: STEVENS CO.; LOON LAKE; , ;","UMMZ","BROWN, D.",""
1987302669,"CC_BY_NC_4_0","Urocitellus columbianus","PRESERVED_SPECIMEN",NA,NA,NA,NA,NA,NA,"CA","Alberta","","50DEG 57'N, 115DEG 11'W, MARMOT BASIN, 2200M","CANADA: ALBERTA:  CO.; 50DEG 57'N, 115DEG 11'W, MARMOT BASIN, 2200M; , ;","UMMZ","Zammuto, R.",""
1987302375,"CC_BY_NC_4_0","Urocitellus columbianus","PRESERVED_SPECIMEN",-114.4757763,50.2095112,1.5,NA,NA,NA,"CA","Alberta","","HAILSTONE BUTTE; 50DEG12'N, 114DEG27'W; 2000M","CANADA: ALBERTA:  CO.; HAILSTONE BUTTE; 50DEG12'N, 114DEG27'W; 2000M; 50.20972, -114.475;","UMMZ","Zammuto, R.",""
1987301905,"CC_BY_NC_4_0","Urocitellus columbianus","PRESERVED_SPECIMEN",-114.7007874,50.42479,2.5,NA,NA,NA,"CA","Alberta","","CAT CREEK, 50DEG 26'N,114DEG 44'W, 1675M","CANADA: ALBERTA:  CO.; CAT CREEK, 50DEG 26'N,114DEG 44'W, 1675M; 50.425, -114.7;","UMMZ","Zammuto, R.",""
1987301679,"CC_BY_NC_4_0","Urocitellus columbianus","PRESERVED_SPECIMEN",-114.4757763,50.2095112,1.5,NA,NA,NA,"CA","Alberta","","HAILSTONE BUTTE; 50DEG12'N, 114DEG27'W; 2000M","CANADA: ALBERTA:  CO.; HAILSTONE BUTTE; 50DEG12'N, 114DEG27'W; 2000M; 50.20972, -114.475;","UMMZ","Zammuto, R.",""
1987301502,"CC_BY_NC_4_0","Urocitellus columbianus","PRESERVED_SPECIMEN",-114.1965832,49.4567316,0.5,NA,NA,NA,"CA","Alberta","","BEAVER MINES; 49DEG26'N, 114DEG13'W; 1300M","CANADA: ALBERTA:  CO.; BEAVER MINES; 49DEG26'N, 114DEG13'W; 1300M; 49.45694, -114.19583;","UMMZ","Zammuto, R.",""
1987301079,"CC_BY_NC_4_0","Urocitellus columbianus","PRESERVED_SPECIMEN",-118.9050207,46.0853572,0.5,1922,6,11,"US","Washington","WALLA WALLA","WALLULA","Washington: Walla Walla Co., Prescott","UMMZ","Dice, L.",""
1987300962,"CC_BY_NC_4_0","Urocitellus columbianus","PRESERVED_SPECIMEN",-114.1965832,49.4567316,0.5,NA,NA,NA,"CA","Alberta","","BEAVER MINES; 49DEG26'N, 114DEG13'W; 1300M","CANADA: ALBERTA:  CO.; BEAVER MINES; 49DEG26'N, 114DEG13'W; 1300M; 49.45694, -114.19583;","UMMZ","Zammuto, R.",""
1987300665,"CC_BY_NC_4_0","Urocitellus columbianus","PRESERVED_SPECIMEN",-114.4757763,50.2095112,1.5,NA,NA,NA,"CA","Alberta","","HAILSTONE BUTTE; 50DEG12'N, 114DEG27'W; 2000M","CANADA: ALBERTA:  CO.; HAILSTONE BUTTE; 50DEG12'N, 114DEG27'W; 2000M; 50.20972, -114.475;","UMMZ","Zammuto, R.",""
1987300637,"CC_BY_NC_4_0","Urocitellus columbianus","PRESERVED_SPECIMEN",-114.7007874,50.42479,2.5,NA,NA,NA,"CA","Alberta","","CAT CREEK, 50DEG 26'N,114DEG 44'W, 1675M","CANADA: ALBERTA:  CO.; CAT CREEK, 50DEG 26'N,114DEG 44'W, 1675M; 50.425, -114.7;","UMMZ","Zammuto, R.",""
1987300447,"CC_BY_NC_4_0","Urocitellus columbianus","PRESERVED_SPECIMEN",NA,NA,NA,NA,NA,NA,"CA","Alberta","","STREETER BASIN, 50DEG 3'N, 114DEG 10'W, 1360M","CANADA: ALBERTA:  CO.; STREETER BASIN, 50DEG 3'N, 114DEG 10'W, 1360M; , ;","UMMZ","Zammuto, R.",""
1987300371,"CC_BY_NC_4_0","Urocitellus columbianus","PRESERVED_SPECIMEN",NA,NA,NA,NA,NA,NA,"CA","Alberta","","SHEEP RIVER RANGER STATION; 50DEG39'N, 114DEG38'W; 1500M","CANADA: ALBERTA:  CO.; SHEEP RIVER RANGER STATION; 50DEG39'N, 114DEG38'W; 1500M; , ;","UMMZ","Zammuto, R.",""
1987300030,"CC_BY_NC_4_0","Urocitellus columbianus","PRESERVED_SPECIMEN",-114.4757763,50.2095112,1.5,NA,NA,NA,"CA","Alberta","","HAILSTONE BUTTE; 50DEG12'N, 114DEG27'W; 2000M","CANADA: ALBERTA:  CO.; HAILSTONE BUTTE; 50DEG12'N, 114DEG27'W; 2000M; 50.20972, -114.475;","UMMZ","Zammuto, R.",""
1987299871,"CC_BY_NC_4_0","Urocitellus columbianus","PRESERVED_SPECIMEN",NA,NA,NA,NA,NA,NA,"CA","Alberta","","STREETER BASIN, 50DEG 3'N, 114DEG 10'W, 1360M","CANADA: ALBERTA:  CO.; STREETER BASIN, 50DEG 3'N, 114DEG 10'W, 1360M; , ;","UMMZ","Zammuto, R.",""
1987299578,"CC_BY_NC_4_0","Urocitellus columbianus","PRESERVED_SPECIMEN",NA,NA,NA,NA,NA,NA,"CA","Alberta","","STREETER BASIN, 50DEG 3'N, 114DEG 10'W, 1360M","CANADA: ALBERTA:  CO.; STREETER BASIN, 50DEG 3'N, 114DEG 10'W, 1360M; , ;","UMMZ","Zammuto, R.",""
1987299319,"CC_BY_NC_4_0","Urocitellus columbianus","PRESERVED_SPECIMEN",-118.9050207,46.0853572,0.5,1922,6,11,"US","Washington","WALLA WALLA","WALLULA","Washington: Walla Walla Co., Prescott","UMMZ","Dice, L.",""
1987299260,"CC_BY_NC_4_0","Urocitellus columbianus","PRESERVED_SPECIMEN",NA,NA,NA,NA,NA,NA,"CA","Alberta","","50DEG 57'N, 115DEG 11'W, MARMOT BASIN, 2200M","CANADA: ALBERTA:  CO.; 50DEG 57'N, 115DEG 11'W, MARMOT BASIN, 2200M; , ;","UMMZ","Zammuto, R.",""
1987299204,"CC_BY_NC_4_0","Urocitellus columbianus","PRESERVED_SPECIMEN",NA,NA,NA,NA,NA,NA,"CA","Alberta","","SHEEP RIVER RANGER STATION; 50DEG39'N, 114DEG38'W; 1500M","CANADA: ALBERTA:  CO.; SHEEP RIVER RANGER STATION; 50DEG39'N, 114DEG38'W; 1500M; , ;","UMMZ","Zammuto, R.",""
1987298879,"CC_BY_NC_4_0","Urocitellus columbianus","PRESERVED_SPECIMEN",-114.1965832,49.4567316,0.5,NA,NA,NA,"CA","Alberta","","BEAVER MINES; 49DEG26'N, 114DEG13'W; 1300M","CANADA: ALBERTA:  CO.; BEAVER MINES; 49DEG26'N, 114DEG13'W; 1300M; 49.45694, -114.19583;","UMMZ","Zammuto, R.",""
1987298561,"CC_BY_NC_4_0","Urocitellus columbianus","PRESERVED_SPECIMEN",-114.7007874,50.42479,2.5,NA,NA,NA,"CA","Alberta","","CAT CREEK, 50DEG 26'N,114DEG 44'W, 1675M","CANADA: ALBERTA:  CO.; CAT CREEK, 50DEG 26'N,114DEG 44'W, 1675M; 50.425, -114.7;","UMMZ","Zammuto, R.",""
1987298456,"CC_BY_NC_4_0","Urocitellus columbianus","PRESERVED_SPECIMEN",-114.4757763,50.2095112,1.5,NA,NA,NA,"CA","Alberta","","HAILSTONE BUTTE; 50DEG12'N, 114DEG27'W; 2000M","CANADA: ALBERTA:  CO.; HAILSTONE BUTTE; 50DEG12'N, 114DEG27'W; 2000M; 50.20972, -114.475;","UMMZ","Zammuto, R.",""
1987297148,"CC_BY_NC_4_0","Urocitellus columbianus","PRESERVED_SPECIMEN",-114.4757763,50.2095112,1.5,NA,NA,NA,"CA","Alberta","","HAILSTONE BUTTE; 50DEG12'N, 114DEG27'W; 2000M","CANADA: ALBERTA:  CO.; HAILSTONE BUTTE; 50DEG12'N, 114DEG27'W; 2000M; 50.20972, -114.475;","UMMZ","Zammuto, R.",""
1987296365,"CC_BY_NC_4_0","Urocitellus columbianus","PRESERVED_SPECIMEN",-114.4757763,50.2095112,1.5,NA,NA,NA,"CA","Alberta","","HAILSTONE BUTTE; 50DEG12'N, 114DEG27'W; 2000M","CANADA: ALBERTA:  CO.; HAILSTONE BUTTE; 50DEG12'N, 114DEG27'W; 2000M; 50.20972, -114.475;","UMMZ","Zammuto, R.",""
1987296045,"CC_BY_NC_4_0","Urocitellus columbianus","PRESERVED_SPECIMEN",NA,NA,NA,NA,NA,NA,"CA","Alberta","","SHEEP RIVER RANGER STATION; 50DEG39'N, 114DEG38'W; 1500M","CANADA: ALBERTA:  CO.; SHEEP RIVER RANGER STATION; 50DEG39'N, 114DEG38'W; 1500M; , ;","UMMZ","Zammuto, R.",""
1987295631,"CC_BY_NC_4_0","Urocitellus columbianus","PRESERVED_SPECIMEN",-114.3634634,43.825511,1.3,1929,8,14,"US","Idaho","BLAINE","10MI N KETCHUM","UNITED STATES: IDAHO: BLAINE CO.; 10MI N KETCHUM; 43.8257, -114.3628;","UMMZ","",""
1987295620,"CC_BY_NC_4_0","Urocitellus columbianus","PRESERVED_SPECIMEN",-114.3634634,43.825511,1.3,1929,8,14,"US","Idaho","BLAINE","10MI N KETCHUM","UNITED STATES: IDAHO: BLAINE CO.; 10MI N KETCHUM; 43.8257, -114.3628;","UMMZ","",""
1987295602,"CC_BY_NC_4_0","Urocitellus columbianus","PRESERVED_SPECIMEN",NA,NA,NA,NA,NA,NA,"CA","Alberta","","50DEG 3'N, 114DEG 10'W, STREETER BASIN, 1360M","CANADA: ALBERTA:  CO.; 50DEG 3'N, 114DEG 10'W, STREETER BASIN, 1360M; , ;","UMMZ","Zammuto, R.",""
1987295509,"CC_BY_NC_4_0","Urocitellus columbianus","PRESERVED_SPECIMEN",NA,NA,NA,NA,NA,NA,"CA","Alberta","","SHEEP RIVER RANGER STATION; 50DEG39'N, 114DEG38'W; 1500M","CANADA: ALBERTA:  CO.; SHEEP RIVER RANGER STATION; 50DEG39'N, 114DEG38'W; 1500M; , ;","UMMZ","Zammuto, R.",""
1987295507,"CC_BY_NC_4_0","Urocitellus columbianus","PRESERVED_SPECIMEN",-114.7007874,50.42479,2.5,NA,NA,NA,"CA","Alberta","","CAT CREEK, 50DEG 26'N,114DEG 44'W, 1675M","CANADA: ALBERTA:  CO.; CAT CREEK, 50DEG 26'N,114DEG 44'W, 1675M; 50.425, -114.7;","UMMZ","Zammuto, R.",""
1987295104,"CC_BY_NC_4_0","Urocitellus columbianus","PRESERVED_SPECIMEN",-116.7693753,46.7366727,0.5,1928,7,30,"US","Idaho","LATAH","TROY","UNITED STATES: IDAHO: LATAH CO.; TROY; 46.7369, -116.7686;","UMMZ","Dice, L.",""
1987294787,"CC_BY_NC_4_0","Urocitellus columbianus","PRESERVED_SPECIMEN",-114.7007874,50.42479,2.5,NA,NA,NA,"CA","Alberta","","CAT CREEK, 50DEG 26'N,114DEG 44'W, 1675M","CANADA: ALBERTA:  CO.; CAT CREEK, 50DEG 26'N,114DEG 44'W, 1675M; 50.425, -114.7;","UMMZ","Zammuto, R.",""
1987294600,"CC_BY_NC_4_0","Urocitellus columbianus","PRESERVED_SPECIMEN",-118.314709,46.2994613,0.5,1922,6,10,"US","Washington","WALLA WALLA","PRESCOTT","Washington: Walla Walla Co., Prescott","UMMZ","Dice, L.",""
1987294366,"CC_BY_NC_4_0","Urocitellus columbianus","PRESERVED_SPECIMEN",NA,NA,NA,NA,NA,NA,"CA","Alberta","","50DEG 3'N, 114DEG 10'W, STREETER BASIN, 1360M","CANADA: ALBERTA:  CO.; 50DEG 3'N, 114DEG 10'W, STREETER BASIN, 1360M; , ;","UMMZ","Zammuto, R.",""
1987294296,"CC_BY_NC_4_0","Urocitellus columbianus","PRESERVED_SPECIMEN",-114.4757763,50.2095112,1.5,NA,NA,NA,"CA","Alberta","","HAILSTONE BUTTE; 50DEG12'N, 114DEG27'W; 2000M","CANADA: ALBERTA:  CO.; HAILSTONE BUTTE; 50DEG12'N, 114DEG27'W; 2000M; 50.20972, -114.475;","UMMZ","Zammuto, R.",""
1987294205,"CC_BY_NC_4_0","Urocitellus columbianus","PRESERVED_SPECIMEN",NA,NA,NA,NA,NA,NA,"CA","Alberta","","SHEEP RIVER RANGER STATION; 50DEG39'N, 114DEG38'W; 1500M","CANADA: ALBERTA:  CO.; SHEEP RIVER RANGER STATION; 50DEG39'N, 114DEG38'W; 1500M; , ;","UMMZ","Zammuto, R.",""
1987293896,"CC_BY_NC_4_0","Urocitellus columbianus","PRESERVED_SPECIMEN",-114.1965832,49.4567316,0.5,NA,NA,NA,"CA","Alberta","","BEAVER MINES; 49DEG26'N, 114DEG13'W; 1300M","CANADA: ALBERTA:  CO.; BEAVER MINES; 49DEG26'N, 114DEG13'W; 1300M; 49.45694, -114.19583;","UMMZ","Zammuto, R.",""
1987293886,"CC_BY_NC_4_0","Urocitellus columbianus","PRESERVED_SPECIMEN",NA,NA,NA,NA,NA,NA,"CA","Alberta","","SHEEP RIVER RANGER STATION; 50DEG39'N, 114DEG38'W; 1500M","CANADA: ALBERTA:  CO.; SHEEP RIVER RANGER STATION; 50DEG39'N, 114DEG38'W; 1500M; , ;","UMMZ","Zammuto, R.",""
1987293788,"CC_BY_NC_4_0","Urocitellus columbianus","PRESERVED_SPECIMEN",-118.9050207,46.0853572,0.5,1922,6,13,"US","Washington","WALLA WALLA","WALLULA","Washington: Walla Walla Co., Prescott","UMMZ","Dice, L.",""
1987293637,"CC_BY_NC_4_0","Urocitellus columbianus","PRESERVED_SPECIMEN",-114.1965832,49.4567316,0.5,NA,NA,NA,"CA","Alberta","","BEAVER MINES; 49DEG26'N, 114DEG13'W; 1300M","CANADA: ALBERTA:  CO.; BEAVER MINES; 49DEG26'N, 114DEG13'W; 1300M; 49.45694, -114.19583;","UMMZ","Zammuto, R.",""
1987293265,"CC_BY_NC_4_0","Urocitellus columbianus","PRESERVED_SPECIMEN",NA,NA,NA,NA,NA,NA,"CA","Alberta","","STREETER BASIN, 50DEG 3'N, 114DEG 10'W, 1360M","CANADA: ALBERTA:  CO.; STREETER BASIN, 50DEG 3'N, 114DEG 10'W, 1360M; , ;","UMMZ","Zammuto, R.",""
1987293204,"CC_BY_NC_4_0","Urocitellus columbianus","PRESERVED_SPECIMEN",NA,NA,NA,NA,NA,NA,"CA","Alberta","","SHEEP RIVER RANGER STATION, 50DEG 39'N, 114DEG 38'W, 1500M","CANADA: ALBERTA:  CO.; SHEEP RIVER RANGER STATION, 50DEG 39'N, 114DEG 38'W, 1500M; , ;","UMMZ","Zammuto, R.",""
1987292324,"CC_BY_NC_4_0","Urocitellus columbianus","PRESERVED_SPECIMEN",-114.7007874,50.42479,2.5,NA,NA,NA,"CA","Alberta","","CAT CREEK, 50DEG 26'N,114DEG 44'W, 1675M","CANADA: ALBERTA:  CO.; CAT CREEK, 50DEG 26'N,114DEG 44'W, 1675M; 50.425, -114.7;","UMMZ","Zammuto, R.",""
1987291983,"CC_BY_NC_4_0","Urocitellus columbianus","PRESERVED_SPECIMEN",-114.1965832,49.4567316,0.5,NA,NA,NA,"CA","Alberta","","BEAVER MINES; 49DEG26'N, 114DEG13'W; 1300M","CANADA: ALBERTA:  CO.; BEAVER MINES; 49DEG26'N, 114DEG13'W; 1300M; 49.45694, -114.19583;","UMMZ","Zammuto, R.",""
1987291900,"CC_BY_NC_4_0","Urocitellus columbianus","PRESERVED_SPECIMEN",-117.1934368,45.0079887,NA,1922,6,28,"US","Oregon","Baker","Cornucopia","Oregon: Baker Co., Cornucopia","UMMZ","Dice, L.",""
1987291789,"CC_BY_NC_4_0","Urocitellus columbianus","PRESERVED_SPECIMEN",NA,NA,NA,NA,NA,NA,"CA","Alberta","","SHEEP RIVER RANGER STATION, 50DEG 39'N, 114DEG 38'W, 1500M","CANADA: ALBERTA:  CO.; SHEEP RIVER RANGER STATION, 50DEG 39'N, 114DEG 38'W, 1500M; , ;","UMMZ","Zammuto, R.",""
1987291522,"CC_BY_NC_4_0","Urocitellus columbianus","PRESERVED_SPECIMEN",-114.1965832,49.4567316,0.5,NA,NA,NA,"CA","Alberta","","BEAVER MINES; 49DEG26'N, 114DEG13'W; 1300M","CANADA: ALBERTA:  CO.; BEAVER MINES; 49DEG26'N, 114DEG13'W; 1300M; 49.45694, -114.19583;","UMMZ","Zammuto, R.",""
1987291137,"CC_BY_NC_4_0","Urocitellus columbianus","PRESERVED_SPECIMEN",-114.4757763,50.2095112,1.5,NA,NA,NA,"CA","Alberta","","HAILSTONE BUTTE; 50DEG12'N, 114DEG27'W; 2000M","CANADA: ALBERTA:  CO.; HAILSTONE BUTTE; 50DEG12'N, 114DEG27'W; 2000M; 50.20972, -114.475;","UMMZ","Zammuto, R.",""
1987291025,"CC_BY_NC_4_0","Urocitellus columbianus","PRESERVED_SPECIMEN",-114.7007874,50.42479,2.5,NA,NA,NA,"CA","Alberta","","CAT CREEK, 50DEG 26'N,114DEG 44'W, 1675M","CANADA: ALBERTA:  CO.; CAT CREEK, 50DEG 26'N,114DEG 44'W, 1675M; 50.425, -114.7;","UMMZ","Zammuto, R.",""
1987290862,"CC_BY_NC_4_0","Urocitellus columbianus","PRESERVED_SPECIMEN",-114.4757763,50.2095112,1.5,NA,NA,NA,"CA","Alberta","","HAILSTONE BUTTE; 50DEG12'N, 114DEG27'W; 2000M","CANADA: ALBERTA:  CO.; HAILSTONE BUTTE; 50DEG12'N, 114DEG27'W; 2000M; 50.20972, -114.475;","UMMZ","Zammuto, R.",""
1987290729,"CC_BY_NC_4_0","Urocitellus columbianus","PRESERVED_SPECIMEN",-117.7411267,48.057261,1,NA,NA,NA,"US","Washington","STEVENS","SPRINGDALE","Springdale, Stevens Co., Washington","UMMZ","Blanchard, F.",""
1987290389,"CC_BY_NC_4_0","Urocitellus columbianus","PRESERVED_SPECIMEN",-114.1965832,49.4567316,0.5,NA,NA,NA,"CA","Alberta","","BEAVER MINES; 49DEG26'N, 114DEG13'W; 1300M","CANADA: ALBERTA:  CO.; BEAVER MINES; 49DEG26'N, 114DEG13'W; 1300M; 49.45694, -114.19583;","UMMZ","Zammuto, R.",""
1987290266,"CC_BY_NC_4_0","Urocitellus columbianus","PRESERVED_SPECIMEN",-117.6325237,48.0614619,0.4,1921,4,8,"US","Washington","STEVENS","LOON LAKE","UNITED STATES: WASHINGTON: STEVENS CO.; LOON LAKE; , ;","UMMZ","BROWN, D.",""
1987290065,"CC_BY_NC_4_0","Urocitellus columbianus","PRESERVED_SPECIMEN",-114.1965832,49.4567316,0.5,NA,NA,NA,"CA","Alberta","","BEAVER MINES; 49DEG26'N, 114DEG13'W; 1300M","CANADA: ALBERTA:  CO.; BEAVER MINES; 49DEG26'N, 114DEG13'W; 1300M; 49.45694, -114.19583;","UMMZ","Zammuto, R.",""
1987289813,"CC_BY_NC_4_0","Urocitellus columbianus","PRESERVED_SPECIMEN",NA,NA,NA,NA,NA,NA,"CA","Alberta","","50DEG 3'N, 114DEG 10'W, STREETER BASIN, 1360M","CANADA: ALBERTA:  CO.; 50DEG 3'N, 114DEG 10'W, STREETER BASIN, 1360M; , ;","UMMZ","Zammuto, R.",""
1987289750,"CC_BY_NC_4_0","Urocitellus columbianus","PRESERVED_SPECIMEN",NA,NA,NA,NA,NA,NA,"CA","Alberta","","50DEG 3'N, 114DEG 10'W, STREETER BASIN, 1360M","CANADA: ALBERTA:  CO.; 50DEG 3'N, 114DEG 10'W, STREETER BASIN, 1360M; , ;","UMMZ","Zammuto, R.",""
1987289055,"CC_BY_NC_4_0","Urocitellus columbianus","PRESERVED_SPECIMEN",NA,NA,NA,NA,NA,NA,"CA","Alberta","","STREETER BASIN, 50DEG 3'N, 114DEG 10'W, 1360M","CANADA: ALBERTA:  CO.; STREETER BASIN, 50DEG 3'N, 114DEG 10'W, 1360M; , ;","UMMZ","Zammuto, R.",""
1987288905,"CC_BY_NC_4_0","Urocitellus columbianus","PRESERVED_SPECIMEN",-114.1965832,49.4567316,0.5,NA,NA,NA,"CA","Alberta","","BEAVER MINES; 49DEG26'N, 114DEG13'W; 1300M","CANADA: ALBERTA:  CO.; BEAVER MINES; 49DEG26'N, 114DEG13'W; 1300M; 49.45694, -114.19583;","UMMZ","Zammuto, R.",""
1987288720,"CC_BY_NC_4_0","Urocitellus columbianus","PRESERVED_SPECIMEN",NA,NA,NA,NA,NA,NA,"CA","Alberta","","50DEG 3'N, 114DEG 10'W, STREETER BASIN, 1360M","CANADA: ALBERTA:  CO.; 50DEG 3'N, 114DEG 10'W, STREETER BASIN, 1360M; , ;","UMMZ","Zammuto, R.",""
1987288698,"CC_BY_NC_4_0","Urocitellus columbianus","PRESERVED_SPECIMEN",-114.7007874,50.42479,2.5,NA,NA,NA,"CA","Alberta","","CAT CREEK, 50DEG 26'N,114DEG 44'W, 1675M","CANADA: ALBERTA:  CO.; CAT CREEK, 50DEG 26'N,114DEG 44'W, 1675M; 50.425, -114.7;","UMMZ","Zammuto, R.",""
1987288322,"CC_BY_NC_4_0","Urocitellus columbianus","PRESERVED_SPECIMEN",-118.314709,46.2994613,0.5,1928,7,21,"US","Washington","WALLA WALLA","PRESCOTT","UNITED STATES: WASHINGTON: WALLA WALLA CO.; PRESCOTT; , ;","UMMZ","Dice, L.",""
1987288248,"CC_BY_NC_4_0","Urocitellus columbianus","PRESERVED_SPECIMEN",NA,NA,NA,NA,NA,NA,"CA","Alberta","","STREETER BASIN, 50DEG 3'N, 114DEG 10'W, 1360M","CANADA: ALBERTA:  CO.; STREETER BASIN, 50DEG 3'N, 114DEG 10'W, 1360M; , ;","UMMZ","Zammuto, R.",""
1987287613,"CC_BY_NC_4_0","Urocitellus columbianus","PRESERVED_SPECIMEN",-114.4757763,50.2095112,1.5,NA,NA,NA,"CA","Alberta","","HAILSTONE BUTTE; 50DEG12'N, 114DEG27'W; 2000M","CANADA: ALBERTA:  CO.; HAILSTONE BUTTE; 50DEG12'N, 114DEG27'W; 2000M; 50.20972, -114.475;","UMMZ","Zammuto, R.",""
1987286741,"CC_BY_NC_4_0","Urocitellus columbianus","PRESERVED_SPECIMEN",-114.4757763,50.2095112,1.5,NA,NA,NA,"CA","Alberta","","HAILSTONE BUTTE; 50DEG12'N, 114DEG27'W; 2000M","CANADA: ALBERTA:  CO.; HAILSTONE BUTTE; 50DEG12'N, 114DEG27'W; 2000M; 50.20972, -114.475;","UMMZ","Zammuto, R.",""
1987286673,"CC_BY_NC_4_0","Urocitellus columbianus","PRESERVED_SPECIMEN",NA,NA,NA,NA,NA,NA,"CA","Alberta","","STREETER BASIN, 50DEG 3'N, 114DEG 10'W, 1360M","CANADA: ALBERTA:  CO.; STREETER BASIN, 50DEG 3'N, 114DEG 10'W, 1360M; , ;","UMMZ","Zammuto, R.",""
1987286191,"CC_BY_NC_4_0","Urocitellus columbianus","PRESERVED_SPECIMEN",-114.7007874,50.42479,2.5,NA,NA,NA,"CA","Alberta","","CAT CREEK, 50DEG 26'N,114DEG 44'W, 1675M","CANADA: ALBERTA:  CO.; CAT CREEK, 50DEG 26'N,114DEG 44'W, 1675M; 50.425, -114.7;","UMMZ","Zammuto, R.",""
1987286145,"CC_BY_NC_4_0","Urocitellus columbianus","PRESERVED_SPECIMEN",NA,NA,NA,NA,NA,NA,"CA","Alberta","","SHEEP RIVER RANGER STATION; 50DEG39'N, 114DEG38'W; 1500M","CANADA: ALBERTA:  CO.; SHEEP RIVER RANGER STATION; 50DEG39'N, 114DEG38'W; 1500M; , ;","UMMZ","Zammuto, R.",""
1987286115,"CC_BY_NC_4_0","Urocitellus columbianus","PRESERVED_SPECIMEN",-114.155194,46.1811964,30,1926,5,2,"US","Montana","RAVALLI","HAMILTON","UNITED STATES: MONTANA: RAVALLI CO.; HAMILTON; , ;","UMMZ","Murie, Adolph",""
1987285559,"CC_BY_NC_4_0","Urocitellus columbianus","PRESERVED_SPECIMEN",NA,NA,NA,NA,NA,NA,"CA","Alberta","","SHEEP RIVER RANGER STATION; 50DEG39'N, 114DEG38'W; 1500M","CANADA: ALBERTA:  CO.; SHEEP RIVER RANGER STATION; 50DEG39'N, 114DEG38'W; 1500M; , ;","UMMZ","Zammuto, R.",""
1987285530,"CC_BY_NC_4_0","Urocitellus columbianus","PRESERVED_SPECIMEN",-114.1965832,49.4567316,0.5,NA,NA,NA,"CA","Alberta","","BEAVER MINES; 49DEG26'N, 114DEG13'W; 1300M","CANADA: ALBERTA:  CO.; BEAVER MINES; 49DEG26'N, 114DEG13'W; 1300M; 49.45694, -114.19583;","UMMZ","Zammuto, R.",""
1987285518,"CC_BY_NC_4_0","Urocitellus columbianus","PRESERVED_SPECIMEN",-114.1965832,49.4567316,0.5,NA,NA,NA,"CA","Alberta","","BEAVER MINES; 49DEG26'N, 114DEG13'W; 1300M","CANADA: ALBERTA:  CO.; BEAVER MINES; 49DEG26'N, 114DEG13'W; 1300M; 49.45694, -114.19583;","UMMZ","Zammuto, R.",""
1987285499,"CC_BY_NC_4_0","Urocitellus columbianus","PRESERVED_SPECIMEN",-114.4757763,50.2095112,1.5,NA,NA,NA,"CA","Alberta","","HAILSTONE BUTTE; 50DEG12'N, 114DEG27'W; 2000M","CANADA: ALBERTA:  CO.; HAILSTONE BUTTE; 50DEG12'N, 114DEG27'W; 2000M; 50.20972, -114.475;","UMMZ","Zammuto, R.",""
1987285226,"CC_BY_NC_4_0","Urocitellus columbianus","PRESERVED_SPECIMEN",-114.1965832,49.4567316,0.5,NA,NA,NA,"CA","Alberta","","BEAVER MINES; 49DEG26'N, 114DEG13'W; 1300M","CANADA: ALBERTA:  CO.; BEAVER MINES; 49DEG26'N, 114DEG13'W; 1300M; 49.45694, -114.19583;","UMMZ","Zammuto, R.",""
1987284551,"CC_BY_NC_4_0","Urocitellus columbianus","PRESERVED_SPECIMEN",-114.7007874,50.42479,2.5,NA,NA,NA,"CA","Alberta","","CAT CREEK, 50DEG 26'N,114DEG 44'W, 1675M","CANADA: ALBERTA:  CO.; CAT CREEK, 50DEG 26'N,114DEG 44'W, 1675M; 50.425, -114.7;","UMMZ","Zammuto, R.",""
1987284403,"CC_BY_NC_4_0","Urocitellus columbianus","PRESERVED_SPECIMEN",-114.1965832,49.4567316,0.5,NA,NA,NA,"CA","Alberta","","BEAVER MINES; 49DEG26'N, 114DEG13'W; 1300M","CANADA: ALBERTA:  CO.; BEAVER MINES; 49DEG26'N, 114DEG13'W; 1300M; 49.45694, -114.19583;","UMMZ","Zammuto, R.",""
1987284391,"CC_BY_NC_4_0","Urocitellus columbianus","PRESERVED_SPECIMEN",-114.4757763,50.2095112,1.5,NA,NA,NA,"CA","Alberta","","HAILSTONE BUTTE; 50DEG12'N, 114DEG27'W; 2000M","CANADA: ALBERTA:  CO.; HAILSTONE BUTTE; 50DEG12'N, 114DEG27'W; 2000M; 50.20972, -114.475;","UMMZ","Zammuto, R.",""
1987284253,"CC_BY_NC_4_0","Urocitellus columbianus","PRESERVED_SPECIMEN",-114.4757763,50.2095112,1.5,NA,NA,NA,"CA","Alberta","","HAILSTONE BUTTE; 50DEG12'N, 114DEG27'W; 2000M","CANADA: ALBERTA:  CO.; HAILSTONE BUTTE; 50DEG12'N, 114DEG27'W; 2000M; 50.20972, -114.475;","UMMZ","Zammuto, R.",""
1987283763,"CC_BY_NC_4_0","Urocitellus columbianus","PRESERVED_SPECIMEN",NA,NA,NA,NA,NA,NA,"CA","Alberta","","50DEG 3'N, 114DEG 10'W, STREETER BASIN, 1360M","CANADA: ALBERTA:  CO.; 50DEG 3'N, 114DEG 10'W, STREETER BASIN, 1360M; , ;","UMMZ","Zammuto, R.",""
1987283252,"CC_BY_NC_4_0","Urocitellus columbianus","PRESERVED_SPECIMEN",NA,NA,NA,NA,NA,NA,"CA","Alberta","","SHEEP RIVER RANGER STATION; 50DEG39'N, 114DEG38'W; 1500M","CANADA: ALBERTA:  CO.; SHEEP RIVER RANGER STATION; 50DEG39'N, 114DEG38'W; 1500M; , ;","UMMZ","Zammuto, R.",""
1987283028,"CC_BY_NC_4_0","Urocitellus columbianus","PRESERVED_SPECIMEN",-114.1965832,49.4567316,0.5,NA,NA,NA,"CA","Alberta","","BEAVER MINES; 49DEG26'N, 114DEG13'W; 1300M","CANADA: ALBERTA:  CO.; BEAVER MINES; 49DEG26'N, 114DEG13'W; 1300M; 49.45694, -114.19583;","UMMZ","Zammuto, R.",""
1987282663,"CC_BY_NC_4_0","Urocitellus columbianus","PRESERVED_SPECIMEN",NA,NA,NA,NA,NA,NA,"CA","Alberta","","50DEG 3'N, 114DEG 10'W, STREETER BASIN, 1360M","CANADA: ALBERTA:  CO.; 50DEG 3'N, 114DEG 10'W, STREETER BASIN, 1360M; , ;","UMMZ","Zammuto, R.",""
1987282507,"CC_BY_NC_4_0","Urocitellus columbianus","PRESERVED_SPECIMEN",NA,NA,NA,NA,NA,NA,"CA","Alberta","","SHEEP RIVER RANGER STATION; 50DEG39'N, 114DEG38'W; 1500M","CANADA: ALBERTA:  CO.; SHEEP RIVER RANGER STATION; 50DEG39'N, 114DEG38'W; 1500M; , ;","UMMZ","Zammuto, R.",""
1987282387,"CC_BY_NC_4_0","Urocitellus columbianus","PRESERVED_SPECIMEN",-114.4757763,50.2095112,1.5,NA,NA,NA,"CA","Alberta","","HAILSTONE BUTTE; 50DEG12'N, 114DEG27'W; 2000M","CANADA: ALBERTA:  CO.; HAILSTONE BUTTE; 50DEG12'N, 114DEG27'W; 2000M; 50.20972, -114.475;","UMMZ","Zammuto, R.",""
1987282362,"CC_BY_NC_4_0","Urocitellus columbianus","PRESERVED_SPECIMEN",-114.1965832,49.4567316,0.5,NA,NA,NA,"CA","Alberta","","BEAVER MINES; 49DEG26'N, 114DEG13'W; 1300M","CANADA: ALBERTA:  CO.; BEAVER MINES; 49DEG26'N, 114DEG13'W; 1300M; 49.45694, -114.19583;","UMMZ","Zammuto, R.",""
1987282239,"CC_BY_NC_4_0","Urocitellus columbianus","PRESERVED_SPECIMEN",-114.1965832,49.4567316,0.5,NA,NA,NA,"CA","Alberta","","BEAVER MINES; 49DEG26'N, 114DEG13'W; 1300M","CANADA: ALBERTA:  CO.; BEAVER MINES; 49DEG26'N, 114DEG13'W; 1300M; 49.45694, -114.19583;","UMMZ","Zammuto, R.",""
1987281740,"CC_BY_NC_4_0","Urocitellus columbianus","PRESERVED_SPECIMEN",-114.4757763,50.2095112,1.5,NA,NA,NA,"CA","Alberta","","HAILSTONE BUTTE; 50DEG12'N, 114DEG27'W; 2000M","CANADA: ALBERTA:  CO.; HAILSTONE BUTTE; 50DEG12'N, 114DEG27'W; 2000M; 50.20972, -114.475;","UMMZ","Zammuto, R.",""
1987281282,"CC_BY_NC_4_0","Urocitellus columbianus","PRESERVED_SPECIMEN",NA,NA,NA,NA,NA,NA,"CA","Alberta","","SHEEP RIVER RANGER STATION; 50DEG39'N, 114DEG38'W; 1500M","CANADA: ALBERTA:  CO.; SHEEP RIVER RANGER STATION; 50DEG39'N, 114DEG38'W; 1500M; , ;","UMMZ","Zammuto, R.",""
1987280800,"CC_BY_NC_4_0","Urocitellus columbianus","PRESERVED_SPECIMEN",-114.1965832,49.4567316,0.5,NA,NA,NA,"CA","Alberta","","BEAVER MINES; 49DEG26'N, 114DEG13'W; 1300M","CANADA: ALBERTA:  CO.; BEAVER MINES; 49DEG26'N, 114DEG13'W; 1300M; 49.45694, -114.19583;","UMMZ","Zammuto, R.",""
1987280651,"CC_BY_NC_4_0","Urocitellus columbianus","PRESERVED_SPECIMEN",-118.314709,46.2994613,0.5,1922,6,10,"US","Washington","WALLA WALLA","PRESCOTT","Washington: Walla Walla Co., Prescott","UMMZ","Dice, L.",""
1987280157,"CC_BY_NC_4_0","Urocitellus columbianus","PRESERVED_SPECIMEN",-114.1965832,49.4567316,0.5,NA,NA,NA,"CA","Alberta","","BEAVER MINES; 49DEG26'N, 114DEG13'W; 1300M","CANADA: ALBERTA:  CO.; BEAVER MINES; 49DEG26'N, 114DEG13'W; 1300M; 49.45694, -114.19583;","UMMZ","Zammuto, R.",""
1987280151,"CC_BY_NC_4_0","Urocitellus columbianus","PRESERVED_SPECIMEN",NA,NA,NA,NA,NA,NA,"CA","Alberta","","SHEEP RIVER RANGER STATION; 50DEG39'N, 114DEG38'W; 1500M","CANADA: ALBERTA:  CO.; SHEEP RIVER RANGER STATION; 50DEG39'N, 114DEG38'W; 1500M; , ;","UMMZ","Zammuto, R.",""
1987280061,"CC_BY_NC_4_0","Urocitellus columbianus","PRESERVED_SPECIMEN",NA,NA,NA,NA,NA,NA,"CA","Alberta","","STREETER BASIN, 50DEG 3'N, 114DEG 10'W, 1360M","CANADA: ALBERTA:  CO.; STREETER BASIN, 50DEG 3'N, 114DEG 10'W, 1360M; , ;","UMMZ","Zammuto, R.",""
1987280027,"CC_BY_NC_4_0","Urocitellus columbianus","PRESERVED_SPECIMEN",-117.8340698,44.774775,1.5,1922,6,25,"US","Oregon","BAKER","BAKER","Oregon: Baker Co., Baker","UMMZ","Dice, L.",""
1987279710,"CC_BY_NC_4_0","Urocitellus columbianus","PRESERVED_SPECIMEN",-114.1965832,49.4567316,0.5,NA,NA,NA,"CA","Alberta","","BEAVER MINES; 49DEG26'N, 114DEG13'W; 1300M","CANADA: ALBERTA:  CO.; BEAVER MINES; 49DEG26'N, 114DEG13'W; 1300M; 49.45694, -114.19583;","UMMZ","Zammuto, R.",""
1987279329,"CC_BY_NC_4_0","Urocitellus columbianus","PRESERVED_SPECIMEN",NA,NA,NA,NA,NA,NA,"CA","Alberta","","STREETER BASIN, 50DEG 3'N, 114DEG 10'W, 1360M","CANADA: ALBERTA:  CO.; STREETER BASIN, 50DEG 3'N, 114DEG 10'W, 1360M; , ;","UMMZ","Zammuto, R.",""
1987279202,"CC_BY_NC_4_0","Urocitellus columbianus","PRESERVED_SPECIMEN",NA,NA,NA,NA,NA,NA,"CA","Alberta","","STREETER BASIN, 50DEG 3'N, 114DEG 10'W, 1360M","CANADA: ALBERTA:  CO.; STREETER BASIN, 50DEG 3'N, 114DEG 10'W, 1360M; , ;","UMMZ","Zammuto, R.",""
1987279138,"CC_BY_NC_4_0","Urocitellus columbianus","PRESERVED_SPECIMEN",NA,NA,NA,NA,NA,NA,"CA","Alberta","","SHEEP RIVER RANGER STATION, 50DEG 39'N, 114DEG 38'W, 1500M","CANADA: ALBERTA:  CO.; SHEEP RIVER RANGER STATION, 50DEG 39'N, 114DEG 38'W, 1500M; , ;","UMMZ","Zammuto, R.",""
1987278758,"CC_BY_NC_4_0","Urocitellus columbianus","PRESERVED_SPECIMEN",NA,NA,NA,NA,NA,NA,"CA","Alberta","","50DEG 57'N, 115DEG 11'W, MARMOT BASIN, 2200M","CANADA: ALBERTA:  CO.; 50DEG 57'N, 115DEG 11'W, MARMOT BASIN, 2200M; , ;","UMMZ","Zammuto, R.",""
1987278696,"CC_BY_NC_4_0","Urocitellus columbianus","PRESERVED_SPECIMEN",NA,NA,NA,NA,NA,NA,"CA","Alberta","","SHEEP RIVER RANGER STATION; 50DEG39'N, 114DEG38'W; 1500M","CANADA: ALBERTA:  CO.; SHEEP RIVER RANGER STATION; 50DEG39'N, 114DEG38'W; 1500M; , ;","UMMZ","Zammuto, R.",""
1987278201,"CC_BY_NC_4_0","Urocitellus columbianus","PRESERVED_SPECIMEN",-114.1965832,49.4567316,0.5,NA,NA,NA,"CA","Alberta","","BEAVER MINES; 49DEG26'N, 114DEG13'W; 1300M","CANADA: ALBERTA:  CO.; BEAVER MINES; 49DEG26'N, 114DEG13'W; 1300M; 49.45694, -114.19583;","UMMZ","Zammuto, R.",""
1987278105,"CC_BY_NC_4_0","Urocitellus columbianus","PRESERVED_SPECIMEN",NA,NA,NA,NA,NA,NA,"CA","Alberta","","STREETER BASIN, 50DEG 3'N, 114DEG 10'W, 1360M","CANADA: ALBERTA:  CO.; STREETER BASIN, 50DEG 3'N, 114DEG 10'W, 1360M; , ;","UMMZ","Zammuto, R.",""
1987278011,"CC_BY_NC_4_0","Urocitellus columbianus","PRESERVED_SPECIMEN",NA,NA,NA,NA,NA,NA,"CA","Alberta","","SHEEP RIVER RANGER STATION; 50DEG39'N, 114DEG38'W; 1500M","CANADA: ALBERTA:  CO.; SHEEP RIVER RANGER STATION; 50DEG39'N, 114DEG38'W; 1500M; , ;","UMMZ","Zammuto, R.",""
1987277706,"CC_BY_NC_4_0","Urocitellus columbianus","PRESERVED_SPECIMEN",NA,NA,NA,NA,NA,NA,"CA","Alberta","","50DEG 3'N, 114DEG 10'W, STREETER BASIN, 1360M","CANADA: ALBERTA:  CO.; 50DEG 3'N, 114DEG 10'W, STREETER BASIN, 1360M; , ;","UMMZ","Zammuto, R.",""
1987277262,"CC_BY_NC_4_0","Urocitellus columbianus","PRESERVED_SPECIMEN",-114.1965832,49.4567316,0.5,NA,NA,NA,"CA","Alberta","","BEAVER MINES; 49DEG26'N, 114DEG13'W; 1300M","CANADA: ALBERTA:  CO.; BEAVER MINES; 49DEG26'N, 114DEG13'W; 1300M; 49.45694, -114.19583;","UMMZ","Zammuto, R.",""
1987276843,"CC_BY_NC_4_0","Urocitellus columbianus","PRESERVED_SPECIMEN",NA,NA,NA,NA,NA,NA,"CA","Alberta","","SHEEP RIVER RANGER STATION; 50DEG39'N, 114DEG38'W; 1500M","CANADA: ALBERTA:  CO.; SHEEP RIVER RANGER STATION; 50DEG39'N, 114DEG38'W; 1500M; , ;","UMMZ","Zammuto, R.",""
1987276587,"CC_BY_NC_4_0","Urocitellus columbianus","PRESERVED_SPECIMEN",-114.1965832,49.4567316,0.5,NA,NA,NA,"CA","Alberta","","BEAVER MINES; 49DEG26'N, 114DEG13'W; 1300M","CANADA: ALBERTA:  CO.; BEAVER MINES; 49DEG26'N, 114DEG13'W; 1300M; 49.45694, -114.19583;","UMMZ","Zammuto, R.",""
1987276527,"CC_BY_NC_4_0","Urocitellus columbianus","PRESERVED_SPECIMEN",-114.4757763,50.2095112,1.5,NA,NA,NA,"CA","Alberta","","HAILSTONE BUTTE; 50DEG12'N, 114DEG27'W; 2000M","CANADA: ALBERTA:  CO.; HAILSTONE BUTTE; 50DEG12'N, 114DEG27'W; 2000M; 50.20972, -114.475;","UMMZ","Zammuto, R.",""
1987276501,"CC_BY_NC_4_0","Urocitellus columbianus","PRESERVED_SPECIMEN",NA,NA,NA,NA,NA,NA,"CA","Alberta","","SHEEP RIVER RANGER STATION, 50DEG 39'N, 114DEG 38'W, 1500M","CANADA: ALBERTA:  CO.; SHEEP RIVER RANGER STATION, 50DEG 39'N, 114DEG 38'W, 1500M; , ;","UMMZ","Zammuto, R.",""
1987276471,"CC_BY_NC_4_0","Urocitellus columbianus","PRESERVED_SPECIMEN",-118.9050207,46.0853572,0.5,1922,6,11,"US","Washington","WALLA WALLA","WALLULA","Washington: Walla Walla Co., Prescott","UMMZ","Dice, L.",""
1987276378,"CC_BY_NC_4_0","Urocitellus columbianus","PRESERVED_SPECIMEN",NA,NA,NA,NA,NA,NA,"CA","Alberta","","STREETER BASIN, 50DEG 3'N, 114DEG 10'W, 1360M","CANADA: ALBERTA:  CO.; STREETER BASIN, 50DEG 3'N, 114DEG 10'W, 1360M; , ;","UMMZ","Zammuto, R.",""
1987276251,"CC_BY_NC_4_0","Urocitellus columbianus","PRESERVED_SPECIMEN",NA,NA,NA,NA,NA,NA,"CA","Alberta","","SHEEP RIVER RANGER STATION; 50DEG39'N, 114DEG38'W; 1500M","CANADA: ALBERTA:  CO.; SHEEP RIVER RANGER STATION; 50DEG39'N, 114DEG38'W; 1500M; , ;","UMMZ","Zammuto, R.",""
1987275877,"CC_BY_NC_4_0","Urocitellus columbianus","PRESERVED_SPECIMEN",-114.4757763,50.2095112,1.5,NA,NA,NA,"CA","Alberta","","HAILSTONE BUTTE; 50DEG12'N, 114DEG27'W; 2000M","CANADA: ALBERTA:  CO.; HAILSTONE BUTTE; 50DEG12'N, 114DEG27'W; 2000M; 50.20972, -114.475;","UMMZ","Zammuto, R.",""
1987275784,"CC_BY_NC_4_0","Urocitellus columbianus","PRESERVED_SPECIMEN",-114.1965832,49.4567316,0.5,NA,NA,NA,"CA","Alberta","","BEAVER MINES; 49DEG26'N, 114DEG13'W; 1300M","CANADA: ALBERTA:  CO.; BEAVER MINES; 49DEG26'N, 114DEG13'W; 1300M; 49.45694, -114.19583;","UMMZ","Zammuto, R.",""
1987275602,"CC_BY_NC_4_0","Urocitellus columbianus","PRESERVED_SPECIMEN",NA,NA,NA,NA,NA,NA,"CA","Alberta","","STREETER BASIN, 50DEG 3'N, 114DEG 10'W, 1360M","CANADA: ALBERTA:  CO.; STREETER BASIN, 50DEG 3'N, 114DEG 10'W, 1360M; , ;","UMMZ","Zammuto, R.",""
1987275177,"CC_BY_NC_4_0","Urocitellus columbianus","PRESERVED_SPECIMEN",NA,NA,NA,NA,NA,NA,"CA","Alberta","","STREETER BASIN, 50DEG 3'N, 114DEG 10'W, 1360M","CANADA: ALBERTA:  CO.; STREETER BASIN, 50DEG 3'N, 114DEG 10'W, 1360M; , ;","UMMZ","Zammuto, R.",""
1987274942,"CC_BY_NC_4_0","Urocitellus columbianus","PRESERVED_SPECIMEN",NA,NA,NA,NA,NA,NA,"CA","Alberta","","50DEG 57'N, 115DEG 11'W, MARMOT BASIN, 2200M","CANADA: ALBERTA:  CO.; 50DEG 57'N, 115DEG 11'W, MARMOT BASIN, 2200M; , ;","UMMZ","Zammuto, R.",""
1987274724,"CC_BY_NC_4_0","Urocitellus columbianus","PRESERVED_SPECIMEN",-114.1965832,49.4567316,0.5,NA,NA,NA,"CA","Alberta","","BEAVER MINES; 49DEG26'N, 114DEG13'W; 1300M","CANADA: ALBERTA:  CO.; BEAVER MINES; 49DEG26'N, 114DEG13'W; 1300M; 49.45694, -114.19583;","UMMZ","Zammuto, R.",""
1987274616,"CC_BY_NC_4_0","Urocitellus columbianus","PRESERVED_SPECIMEN",NA,NA,NA,NA,NA,NA,"CA","Alberta","","SHEEP RIVER RANGER STATION; 50DEG39'N, 114DEG38'W; 1500M","CANADA: ALBERTA:  CO.; SHEEP RIVER RANGER STATION; 50DEG39'N, 114DEG38'W; 1500M; , ;","UMMZ","Zammuto, R.",""
1987274608,"CC_BY_NC_4_0","Urocitellus columbianus","PRESERVED_SPECIMEN",-116.0888082,43.771498,0.1,1929,7,7,"US","Idaho","BOISE","SHAFER BUTTE","UNITED STATES: IDAHO: BOISE CO.; SHAFER BUTTE; 43.7717, -116.0881;","UMMZ","",""
1987274147,"CC_BY_NC_4_0","Urocitellus columbianus","PRESERVED_SPECIMEN",-114.1965832,49.4567316,0.5,NA,NA,NA,"CA","Alberta","","BEAVER MINES; 49DEG26'N, 114DEG13'W; 1300M","CANADA: ALBERTA:  CO.; BEAVER MINES; 49DEG26'N, 114DEG13'W; 1300M; 49.45694, -114.19583;","UMMZ","Zammuto, R.",""
1987273919,"CC_BY_NC_4_0","Urocitellus columbianus","PRESERVED_SPECIMEN",-114.4757763,50.2095112,1.5,NA,NA,NA,"CA","Alberta","","HAILSTONE BUTTE; 50DEG12'N, 114DEG27'W; 2000M","CANADA: ALBERTA:  CO.; HAILSTONE BUTTE; 50DEG12'N, 114DEG27'W; 2000M; 50.20972, -114.475;","UMMZ","Zammuto, R.",""
1987273662,"CC_BY_NC_4_0","Urocitellus columbianus","PRESERVED_SPECIMEN",-114.155194,46.1811964,30,1926,5,2,"US","Montana","RAVALLI","HAMILTON","UNITED STATES: MONTANA: RAVALLI CO.; HAMILTON; , ;","UMMZ","Murie, Adolph",""
1987273401,"CC_BY_NC_4_0","Urocitellus columbianus","PRESERVED_SPECIMEN",-113.4287174,48.7437969,0.1,1927,7,25,"US","Montana","TETON","GLACIER NAT'L PARK,ST.MARYS","UNITED STATES: MONTANA: TETON CO.; GLACIER NAT'L PARK,ST.MARYS; , ;","UMMZ","Murie, A.",""
1987273281,"CC_BY_NC_4_0","Urocitellus columbianus","PRESERVED_SPECIMEN",-114.1965832,49.4567316,0.5,NA,NA,NA,"CA","Alberta","","BEAVER MINES; 49DEG26'N, 114DEG13'W; 1300M","CANADA: ALBERTA:  CO.; BEAVER MINES; 49DEG26'N, 114DEG13'W; 1300M; 49.45694, -114.19583;","UMMZ","Zammuto, R.",""
1987273255,"CC_BY_NC_4_0","Urocitellus columbianus","PRESERVED_SPECIMEN",-114.4757763,50.2095112,1.5,NA,NA,NA,"CA","Alberta","","HAILSTONE BUTTE; 50DEG12'N, 114DEG27'W; 2000M","CANADA: ALBERTA:  CO.; HAILSTONE BUTTE; 50DEG12'N, 114DEG27'W; 2000M; 50.20972, -114.475;","UMMZ","Zammuto, R.",""
1987272901,"CC_BY_NC_4_0","Urocitellus columbianus","PRESERVED_SPECIMEN",NA,NA,NA,NA,NA,NA,"CA","Alberta","","SHEEP RIVER RANGER STATION, 50DEG 39'N, 114DEG 38'W, 1500M","CANADA: ALBERTA:  CO.; SHEEP RIVER RANGER STATION, 50DEG 39'N, 114DEG 38'W, 1500M; , ;","UMMZ","Zammuto, R.",""
1987272863,"CC_BY_NC_4_0","Urocitellus columbianus","PRESERVED_SPECIMEN",NA,NA,NA,NA,NA,NA,"CA","Alberta","","STREETER BASIN, 50DEG 3'N, 114DEG 10'W, 1360M","CANADA: ALBERTA:  CO.; STREETER BASIN, 50DEG 3'N, 114DEG 10'W, 1360M; , ;","UMMZ","Zammuto, R.",""
1987272850,"CC_BY_NC_4_0","Urocitellus columbianus","PRESERVED_SPECIMEN",-114.7007874,50.42479,2.5,NA,NA,NA,"CA","Alberta","","CAT CREEK, 50DEG 26'N,114DEG 44'W, 1675M","CANADA: ALBERTA:  CO.; CAT CREEK, 50DEG 26'N,114DEG 44'W, 1675M; 50.425, -114.7;","UMMZ","Zammuto, R.",""
1987272381,"CC_BY_NC_4_0","Urocitellus columbianus","PRESERVED_SPECIMEN",-114.4757763,50.2095112,1.5,NA,NA,NA,"CA","Alberta","","HAILSTONE BUTTE; 50DEG12'N, 114DEG27'W; 2000M","CANADA: ALBERTA:  CO.; HAILSTONE BUTTE; 50DEG12'N, 114DEG27'W; 2000M; 50.20972, -114.475;","UMMZ","Zammuto, R.",""
1987272238,"CC_BY_NC_4_0","Urocitellus columbianus","PRESERVED_SPECIMEN",NA,NA,NA,NA,NA,NA,"CA","Alberta","","SHEEP RIVER RANGER STATION, 50DEG 39'N, 114DEG 38'W, 1500M","CANADA: ALBERTA:  CO.; SHEEP RIVER RANGER STATION, 50DEG 39'N, 114DEG 38'W, 1500M; , ;","UMMZ","Zammuto, R.",""
1987271979,"CC_BY_NC_4_0","Urocitellus columbianus","PRESERVED_SPECIMEN",-114.7007874,50.42479,2.5,NA,NA,NA,"CA","Alberta","","50DEG 20'N, 114DEG 44'W, CAT CREEK, 1675M","CANADA: ALBERTA:  CO.; 50DEG 20'N, 114DEG 44'W, CAT CREEK, 1675M; 50.425, -114.7;","UMMZ","Zammuto, R.",""
1987271870,"CC_BY_NC_4_0","Urocitellus columbianus","PRESERVED_SPECIMEN",-117.682511,47.328363,1.1,1922,6,26,"US","Washington","SPOKANE","WILLIAMS LAKE","Washington: Williams L., Spokane Co.","UMMZ","Dice, L.",""
1987271841,"CC_BY_NC_4_0","Urocitellus columbianus","PRESERVED_SPECIMEN",-114.7007874,50.42479,2.5,NA,NA,NA,"CA","Alberta","","50DEG 20'N, 114DEG 44'W, CAT CREEK, 1675M","CANADA: ALBERTA:  CO.; 50DEG 20'N, 114DEG 44'W, CAT CREEK, 1675M; 50.425, -114.7;","UMMZ","Zammuto, R.",""
1987271732,"CC_BY_NC_4_0","Urocitellus columbianus","PRESERVED_SPECIMEN",-114.155194,46.1811964,30,1926,5,23,"US","Montana","RAVALLI","HAMILTON","UNITED STATES: MONTANA: RAVALLI CO.; HAMILTON; , ;","UMMZ","Murie, Adolph",""
1987271708,"CC_BY_NC_4_0","Urocitellus columbianus","PRESERVED_SPECIMEN",-114.1965832,49.4567316,0.5,NA,NA,NA,"CA","Alberta","","BEAVER MINES; 49DEG26'N, 114DEG13'W; 1300M","CANADA: ALBERTA:  CO.; BEAVER MINES; 49DEG26'N, 114DEG13'W; 1300M; 49.45694, -114.19583;","UMMZ","Zammuto, R.",""
1987271287,"CC_BY_NC_4_0","Urocitellus columbianus","PRESERVED_SPECIMEN",NA,NA,NA,NA,NA,NA,"CA","Alberta","","SHEEP RIVER RANGER STATION; 50DEG39'N, 114DEG38'W; 1500M","CANADA: ALBERTA:  CO.; SHEEP RIVER RANGER STATION; 50DEG39'N, 114DEG38'W; 1500M; , ;","UMMZ","Zammuto, R.",""
1987271250,"CC_BY_NC_4_0","Urocitellus columbianus","PRESERVED_SPECIMEN",NA,NA,NA,NA,NA,NA,"CA","Alberta","","SHEEP RIVER RANGER STATION; 50DEG39'N, 114DEG38'W; 1500M","CANADA: ALBERTA:  CO.; SHEEP RIVER RANGER STATION; 50DEG39'N, 114DEG38'W; 1500M; , ;","UMMZ","Zammuto, R.",""
1987271206,"CC_BY_NC_4_0","Urocitellus columbianus","PRESERVED_SPECIMEN",-117.1924568,45.0080787,NA,1922,6,29,"US","Oregon","BAKER","CORNUCOPIA","Oregon: Baker Co., Cornucopia","UMMZ","Hatt, R.",""
1987270947,"CC_BY_NC_4_0","Urocitellus columbianus","PRESERVED_SPECIMEN",-116.0888082,43.771498,0.1,1929,7,10,"US","Idaho","BOISE","SHAFER BUTTE","UNITED STATES: IDAHO: BOISE CO.; SHAFER BUTTE; 43.7717, -116.0881;","UMMZ","",""
1987270581,"CC_BY_NC_4_0","Urocitellus columbianus","PRESERVED_SPECIMEN",NA,NA,NA,NA,NA,NA,"CA","Alberta","","STREETER BASIN, 50DEG 3'N, 114DEG 10'W, 1360M","CANADA: ALBERTA:  CO.; STREETER BASIN, 50DEG 3'N, 114DEG 10'W, 1360M; , ;","UMMZ","Zammuto, R.",""
1987270457,"CC_BY_NC_4_0","Urocitellus columbianus","PRESERVED_SPECIMEN",NA,NA,NA,NA,NA,NA,"CA","Alberta","","SHEEP RIVER RANGER STATION; 50DEG39'N, 114DEG38'W; 1500M","CANADA: ALBERTA:  CO.; SHEEP RIVER RANGER STATION; 50DEG39'N, 114DEG38'W; 1500M; , ;","UMMZ","Zammuto, R.",""
1987270158,"CC_BY_NC_4_0","Urocitellus columbianus","PRESERVED_SPECIMEN",NA,NA,NA,NA,NA,NA,"CA","Alberta","","STREETER BASIN, 50DEG 3'N, 114DEG 10'W, 1360M","CANADA: ALBERTA:  CO.; STREETER BASIN, 50DEG 3'N, 114DEG 10'W, 1360M; , ;","UMMZ","Zammuto, R.",""
1987269253,"CC_BY_NC_4_0","Urocitellus columbianus","PRESERVED_SPECIMEN",NA,NA,NA,NA,NA,NA,"CA","Alberta","","SHEEP RIVER RANGER STATION, 50DEG 39'N, 114DEG 38'W, 1500M","CANADA: ALBERTA:  CO.; SHEEP RIVER RANGER STATION, 50DEG 39'N, 114DEG 38'W, 1500M; , ;","UMMZ","Zammuto, R.",""
1987269221,"CC_BY_NC_4_0","Urocitellus columbianus","PRESERVED_SPECIMEN",NA,NA,NA,NA,NA,NA,"CA","Alberta","","STREETER BASIN, 50DEG 3'N, 114DEG 10'W, 1360M","CANADA: ALBERTA:  CO.; STREETER BASIN, 50DEG 3'N, 114DEG 10'W, 1360M; , ;","UMMZ","Zammuto, R.",""
1987269165,"CC_BY_NC_4_0","Urocitellus columbianus","PRESERVED_SPECIMEN",-114.4757763,50.2095112,1.5,NA,NA,NA,"CA","Alberta","","HAILSTONE BUTTE; 50DEG12'N, 114DEG27'W; 2000M","CANADA: ALBERTA:  CO.; HAILSTONE BUTTE; 50DEG12'N, 114DEG27'W; 2000M; 50.20972, -114.475;","UMMZ","Zammuto, R.",""
1987268913,"CC_BY_NC_4_0","Urocitellus columbianus","PRESERVED_SPECIMEN",-118.4619081,46.0336224,0.4,1951,3,26,"US","Washington","WALLA WALLA","0.5MI S WHITMAN MON.","UNITED STATES: WASHINGTON: WALLA WALLA CO.; 0.5MI S WHITMAN MON.; , ;","UMMZ","Mitchell, R.",""
1987268662,"CC_BY_NC_4_0","Urocitellus columbianus","PRESERVED_SPECIMEN",NA,NA,NA,NA,NA,NA,"CA","Alberta","","STREETER BASIN, 50DEG 3'N, 114DEG 10'W, 1360M","CANADA: ALBERTA:  CO.; STREETER BASIN, 50DEG 3'N, 114DEG 10'W, 1360M; , ;","UMMZ","Zammuto, R.",""
1987268645,"CC_BY_NC_4_0","Urocitellus columbianus","PRESERVED_SPECIMEN",NA,NA,NA,NA,NA,NA,"CA","Alberta","","STREETER BASIN, 50DEG 3'N, 114DEG 10'W, 1360M","CANADA: ALBERTA:  CO.; STREETER BASIN, 50DEG 3'N, 114DEG 10'W, 1360M; , ;","UMMZ","Zammuto, R.",""
1987268294,"CC_BY_NC_4_0","Urocitellus columbianus","PRESERVED_SPECIMEN",NA,NA,NA,NA,NA,NA,"CA","Alberta","","SHEEP RIVER RANGER STATION; 50DEG39'N, 114DEG38'W; 1500M","CANADA: ALBERTA:  CO.; SHEEP RIVER RANGER STATION; 50DEG39'N, 114DEG38'W; 1500M; , ;","UMMZ","Zammuto, R.",""
1987268272,"CC_BY_NC_4_0","Urocitellus columbianus","PRESERVED_SPECIMEN",-114.7007874,50.42479,2.5,NA,NA,NA,"CA","Alberta","","CAT CREEK, 50DEG 26'N,114DEG 44'W, 1675M","CANADA: ALBERTA:  CO.; CAT CREEK, 50DEG 26'N,114DEG 44'W, 1675M; 50.425, -114.7;","UMMZ","Zammuto, R.",""
1987268013,"CC_BY_NC_4_0","Urocitellus columbianus","PRESERVED_SPECIMEN",-114.7007874,50.42479,2.5,NA,NA,NA,"CA","Alberta","","50DEG 20'N, 114DEG 44'W, CAT CREEK, 1675M","CANADA: ALBERTA:  CO.; 50DEG 20'N, 114DEG 44'W, CAT CREEK, 1675M; 50.425, -114.7;","UMMZ","Zammuto, R.",""
1987267870,"CC_BY_NC_4_0","Urocitellus columbianus","PRESERVED_SPECIMEN",NA,NA,NA,1982,5,18,"CA","Alberta","","50DEG 30MIN N, 114DEG 20MIN W, RIO ALTO RANCH","CANADA: ALBERTA:  CO.; 50DEG 30MIN N, 114DEG 20MIN W, RIO ALTO RANCH; , ;","UMMZ","Dobson, F.",""
1987267731,"CC_BY_NC_4_0","Urocitellus columbianus","PRESERVED_SPECIMEN",-119.4508938,49.033045,1.1,1938,7,7,"CA","British Columbia","","OSOYOOS","CANADA: BRITISH COLUMBIA:  CO.; OSOYOOS; 49.0333, -119.45;","UMMZ","Bartlett, K.",""
1987267514,"CC_BY_NC_4_0","Urocitellus columbianus","PRESERVED_SPECIMEN",-114.1965832,49.4567316,0.5,NA,NA,NA,"CA","Alberta","","BEAVER MINES; 49DEG26'N, 114DEG13'W; 1300M","CANADA: ALBERTA:  CO.; BEAVER MINES; 49DEG26'N, 114DEG13'W; 1300M; 49.45694, -114.19583;","UMMZ","Zammuto, R.",""
1987267021,"CC_BY_NC_4_0","Urocitellus columbianus","PRESERVED_SPECIMEN",NA,NA,NA,NA,NA,NA,"CA","Alberta","","STREETER BASIN, 50DEG 3'N, 114DEG 10'W, 1360M","CANADA: ALBERTA:  CO.; STREETER BASIN, 50DEG 3'N, 114DEG 10'W, 1360M; , ;","UMMZ","Zammuto, R.",""
1987266856,"CC_BY_NC_4_0","Urocitellus columbianus","PRESERVED_SPECIMEN",-117.9721903,46.3236542,1.7,1927,6,15,"US","Washington","COLUMBIA","DAYTON","UNITED STATES: WASHINGTON: COLUMBIA CO.; DAYTON; 46.32389, -117.97139;","UMMZ","Lyman, S.",""
1987266496,"CC_BY_NC_4_0","Urocitellus columbianus","PRESERVED_SPECIMEN",-114.4757763,50.2095112,1.5,NA,NA,NA,"CA","Alberta","","HAILSTONE BUTTE; 50DEG12'N, 114DEG27'W; 2000M","CANADA: ALBERTA:  CO.; HAILSTONE BUTTE; 50DEG12'N, 114DEG27'W; 2000M; 50.20972, -114.475;","UMMZ","Zammuto, R.",""
1987266301,"CC_BY_NC_4_0","Urocitellus columbianus","PRESERVED_SPECIMEN",-118.6719137,46.0397595,2.1,1951,4,1,"US","Washington","WALLA WALLA","TOUCHET","UNITED STATES: WASHINGTON: WALLA WALLA CO.; TOUCHET; , ;","UMMZ","CLIFTON, P.",""
1987266176,"CC_BY_NC_4_0","Urocitellus columbianus","PRESERVED_SPECIMEN",-116.0888082,43.771498,0.1,1929,7,9,"US","Idaho","BOISE","SHAFER BUTTE","UNITED STATES: IDAHO: BOISE CO.; SHAFER BUTTE; 43.7717, -116.0881;","UMMZ","",""
1987266112,"CC_BY_NC_4_0","Urocitellus columbianus","PRESERVED_SPECIMEN",-114.4757763,50.2095112,1.5,NA,NA,NA,"CA","Alberta","","HAILSTONE BUTTE; 50DEG12'N, 114DEG27'W; 2000M","CANADA: ALBERTA:  CO.; HAILSTONE BUTTE; 50DEG12'N, 114DEG27'W; 2000M; 50.20972, -114.475;","UMMZ","Zammuto, R.",""
1987265823,"CC_BY_NC_4_0","Urocitellus columbianus","PRESERVED_SPECIMEN",-114.4757763,50.2095112,1.5,NA,NA,NA,"CA","Alberta","","HAILSTONE BUTTE; 50DEG12'N, 114DEG27'W; 2000M","CANADA: ALBERTA:  CO.; HAILSTONE BUTTE; 50DEG12'N, 114DEG27'W; 2000M; 50.20972, -114.475;","UMMZ","Zammuto, R.",""
1987265639,"CC_BY_NC_4_0","Urocitellus columbianus","PRESERVED_SPECIMEN",-114.1965832,49.4567316,0.5,NA,NA,NA,"CA","Alberta","","BEAVER MINES; 49DEG26'N, 114DEG13'W; 1300M","CANADA: ALBERTA:  CO.; BEAVER MINES; 49DEG26'N, 114DEG13'W; 1300M; 49.45694, -114.19583;","UMMZ","Zammuto, R.",""
1987265247,"CC_BY_NC_4_0","Urocitellus columbianus","PRESERVED_SPECIMEN",-114.4757763,50.2095112,1.5,NA,NA,NA,"CA","Alberta","","HAILSTONE BUTTE; 50DEG12'N, 114DEG27'W; 2000M","CANADA: ALBERTA:  CO.; HAILSTONE BUTTE; 50DEG12'N, 114DEG27'W; 2000M; 50.20972, -114.475;","UMMZ","Zammuto, R.",""
1987264885,"CC_BY_NC_4_0","Urocitellus columbianus","PRESERVED_SPECIMEN",-114.1965832,49.4567316,0.5,NA,NA,NA,"CA","Alberta","","BEAVER MINES; 49DEG26'N, 114DEG13'W; 1300M","CANADA: ALBERTA:  CO.; BEAVER MINES; 49DEG26'N, 114DEG13'W; 1300M; 49.45694, -114.19583;","UMMZ","Zammuto, R.",""
1987264870,"CC_BY_NC_4_0","Urocitellus columbianus","PRESERVED_SPECIMEN",-114.4757763,50.2095112,1.5,NA,NA,NA,"CA","Alberta","","HAILSTONE BUTTE; 50DEG12'N, 114DEG27'W; 2000M","CANADA: ALBERTA:  CO.; HAILSTONE BUTTE; 50DEG12'N, 114DEG27'W; 2000M; 50.20972, -114.475;","UMMZ","Zammuto, R.",""
1987264524,"CC_BY_NC_4_0","Urocitellus columbianus","PRESERVED_SPECIMEN",-114.4757763,50.2095112,1.5,NA,NA,NA,"CA","Alberta","","HAILSTONE BUTTE; 50DEG12'N, 114DEG27'W; 2000M","CANADA: ALBERTA:  CO.; HAILSTONE BUTTE; 50DEG12'N, 114DEG27'W; 2000M; 50.20972, -114.475;","UMMZ","Zammuto, R.",""
1987264179,"CC_BY_NC_4_0","Urocitellus columbianus","PRESERVED_SPECIMEN",NA,NA,NA,NA,NA,NA,"CA","Alberta","","STREETER BASIN, 50DEG 3'N, 114DEG 10'W, 1360M","CANADA: ALBERTA:  CO.; STREETER BASIN, 50DEG 3'N, 114DEG 10'W, 1360M; , ;","UMMZ","Zammuto, R.",""
1987264150,"CC_BY_NC_4_0","Urocitellus columbianus","PRESERVED_SPECIMEN",-114.1965832,49.4567316,0.5,NA,NA,NA,"CA","Alberta","","BEAVER MINES; 49DEG26'N, 114DEG13'W; 1300M","CANADA: ALBERTA:  CO.; BEAVER MINES; 49DEG26'N, 114DEG13'W; 1300M; 49.45694, -114.19583;","UMMZ","Zammuto, R.",""
1987264061,"CC_BY_NC_4_0","Urocitellus columbianus","PRESERVED_SPECIMEN",-114.7007874,50.42479,2.5,NA,NA,NA,"CA","Alberta","","50DEG 20'N, 114DEG 44'W, CAT CREEK, 1675M","CANADA: ALBERTA:  CO.; 50DEG 20'N, 114DEG 44'W, CAT CREEK, 1675M; 50.425, -114.7;","UMMZ","Zammuto, R.",""
1987263894,"CC_BY_NC_4_0","Urocitellus columbianus","PRESERVED_SPECIMEN",-114.4757763,50.2095112,1.5,NA,NA,NA,"CA","Alberta","","HAILSTONE BUTTE; 50DEG12'N, 114DEG27'W; 2000M","CANADA: ALBERTA:  CO.; HAILSTONE BUTTE; 50DEG12'N, 114DEG27'W; 2000M; 50.20972, -114.475;","UMMZ","Zammuto, R.",""
1987263782,"CC_BY_NC_4_0","Urocitellus columbianus","PRESERVED_SPECIMEN",NA,NA,NA,NA,NA,NA,"CA","Alberta","","STREETER BASIN, 50DEG 3'N, 114DEG 10'W, 1360M","CANADA: ALBERTA:  CO.; STREETER BASIN, 50DEG 3'N, 114DEG 10'W, 1360M; , ;","UMMZ","Zammuto, R.",""
1987263755,"CC_BY_NC_4_0","Urocitellus columbianus","PRESERVED_SPECIMEN",-116.8685792,46.8033716,11,1909,4,18,"US","Idaho","LATAH","MOSCOW MTS.","Moscow Mts., Latah Co., Idaho","UMMZ","Dice, L.",""
1987263547,"CC_BY_NC_4_0","Urocitellus columbianus","PRESERVED_SPECIMEN",-114.1965832,49.4567316,0.5,NA,NA,NA,"CA","Alberta","","BEAVER MINES; 49DEG26'N, 114DEG13'W; 1300M","CANADA: ALBERTA:  CO.; BEAVER MINES; 49DEG26'N, 114DEG13'W; 1300M; 49.45694, -114.19583;","UMMZ","Zammuto, R.",""
1987263427,"CC_BY_NC_4_0","Urocitellus columbianus","PRESERVED_SPECIMEN",NA,NA,NA,NA,NA,NA,"CA","Alberta","","50DEG 3'N, 114DEG 10'W, STREETER BASIN, 1360M","CANADA: ALBERTA:  CO.; 50DEG 3'N, 114DEG 10'W, STREETER BASIN, 1360M; , ;","UMMZ","Zammuto, R.",""
1987263137,"CC_BY_NC_4_0","Urocitellus columbianus","PRESERVED_SPECIMEN",NA,NA,NA,NA,NA,NA,"CA","Alberta","","SHEEP RIVER RANGER STATION, 50DEG 39'N, 114DEG 38'W, 1500M","CANADA: ALBERTA:  CO.; SHEEP RIVER RANGER STATION, 50DEG 39'N, 114DEG 38'W, 1500M; , ;","UMMZ","Zammuto, R.",""
1987262921,"CC_BY_NC_4_0","Urocitellus columbianus","PRESERVED_SPECIMEN",NA,NA,NA,NA,NA,NA,"CA","Alberta","","STREETER BASIN, 50DEG 3'N, 114DEG 10'W, 1360M","CANADA: ALBERTA:  CO.; STREETER BASIN, 50DEG 3'N, 114DEG 10'W, 1360M; , ;","UMMZ","Zammuto, R.",""
1987262813,"CC_BY_NC_4_0","Urocitellus columbianus","PRESERVED_SPECIMEN",NA,NA,NA,NA,NA,NA,"CA","Alberta","","MARMOT BASIN, 50DEG 57'N, 115DEG 11'W, 2200M","CANADA: ALBERTA:  CO.; MARMOT BASIN, 50DEG 57'N, 115DEG 11'W, 2200M; , ;","UMMZ","Zammuto, R.",""
1987262803,"CC_BY_NC_4_0","Urocitellus columbianus","PRESERVED_SPECIMEN",NA,NA,NA,NA,NA,NA,"CA","Alberta","","50DEG 57'N, 115DEG 11'W,MARMOT BASIN, 2200M","CANADA: ALBERTA:  CO.; 50DEG 57'N, 115DEG 11'W,MARMOT BASIN, 2200M; , ;","UMMZ","Zammuto, R.",""
1987262748,"CC_BY_NC_4_0","Urocitellus columbianus","PRESERVED_SPECIMEN",NA,NA,NA,NA,NA,NA,"CA","Alberta","","STREETER BASIN, 50DEG 3'N, 114DEG 10'W, 1360M","CANADA: ALBERTA:  CO.; STREETER BASIN, 50DEG 3'N, 114DEG 10'W, 1360M; , ;","UMMZ","Zammuto, R.",""
1987262737,"CC_BY_NC_4_0","Urocitellus columbianus","PRESERVED_SPECIMEN",-114.1965832,49.4567316,0.5,NA,NA,NA,"CA","Alberta","","BEAVER MINES; 49DEG26'N, 114DEG13'W; 1300M","CANADA: ALBERTA:  CO.; BEAVER MINES; 49DEG26'N, 114DEG13'W; 1300M; 49.45694, -114.19583;","UMMZ","Zammuto, R.",""
1987262598,"CC_BY_NC_4_0","Urocitellus columbianus","PRESERVED_SPECIMEN",-114.1965832,49.4567316,0.5,NA,NA,NA,"CA","Alberta","","BEAVER MINES; 49DEG26'N, 114DEG13'W; 1300M","CANADA: ALBERTA:  CO.; BEAVER MINES; 49DEG26'N, 114DEG13'W; 1300M; 49.45694, -114.19583;","UMMZ","Zammuto, R.",""
1987262261,"CC_BY_NC_4_0","Urocitellus columbianus","PRESERVED_SPECIMEN",-114.6716215,50.6650712,0.5,1960,6,19,"CA","Alberta","","SW SLOPE MISSINGLINK MT.","CANADA: ALBERTA:  CO.; SW SLOPE MISSINGLINK MT.; 50.66528, -114.67083;","UMMZ","Storer, R.",""
1987262186,"CC_BY_NC_4_0","Urocitellus columbianus","PRESERVED_SPECIMEN",-114.7007874,50.42479,2.5,NA,NA,NA,"CA","Alberta","","50DEG 20'N, 114DEG 44'W, CAT CREEK, 1675M","CANADA: ALBERTA:  CO.; 50DEG 20'N, 114DEG 44'W, CAT CREEK, 1675M; 50.425, -114.7;","UMMZ","Zammuto, R.",""
1987261885,"CC_BY_NC_4_0","Urocitellus columbianus","PRESERVED_SPECIMEN",NA,NA,NA,NA,NA,NA,"CA","Alberta","","STREETER BASIN, 50DEG 3'N, 114DEG 10'W, 1360M","CANADA: ALBERTA:  CO.; STREETER BASIN, 50DEG 3'N, 114DEG 10'W, 1360M; , ;","UMMZ","Zammuto, R.",""
1987261790,"CC_BY_NC_4_0","Urocitellus columbianus","PRESERVED_SPECIMEN",-114.4757763,50.2095112,1.5,NA,NA,NA,"CA","Alberta","","HAILSTONE BUTTE; 50DEG12'N, 114DEG27'W; 2000M","CANADA: ALBERTA:  CO.; HAILSTONE BUTTE; 50DEG12'N, 114DEG27'W; 2000M; 50.20972, -114.475;","UMMZ","Zammuto, R.",""
1987261747,"CC_BY_NC_4_0","Urocitellus columbianus","PRESERVED_SPECIMEN",-113.6949388,43.3497206,1,1937,7,8,"US","Idaho","BLAINE","28MI SW ARCO","UNITED STATES: IDAHO: BLAINE CO.; 28MI SW ARCO; 43.3499, -113.6943;","UMMZ","Blossom, P.",""
1987261476,"CC_BY_NC_4_0","Urocitellus columbianus","PRESERVED_SPECIMEN",-118.314709,46.2994613,0.5,1922,5,20,"US","Washington","WALLA WALLA","PRESCOTT","Washington: Walla Walla Co., Prescott","UMMZ","Dice, L.",""
1987261453,"CC_BY_NC_4_0","Urocitellus columbianus","PRESERVED_SPECIMEN",NA,NA,NA,NA,NA,NA,"CA","Alberta","","SHEEP RIVER RANGER STATION, 50DEG 39'N, 114DEG 38'W, 1500M","CANADA: ALBERTA:  CO.; SHEEP RIVER RANGER STATION, 50DEG 39'N, 114DEG 38'W, 1500M; , ;","UMMZ","Zammuto, R.",""
1987261120,"CC_BY_NC_4_0","Urocitellus columbianus","PRESERVED_SPECIMEN",-114.1965832,49.4567316,0.5,NA,NA,NA,"CA","Alberta","","BEAVER MINES; 49DEG26'N, 114DEG13'W; 1300M","CANADA: ALBERTA:  CO.; BEAVER MINES; 49DEG26'N, 114DEG13'W; 1300M; 49.45694, -114.19583;","UMMZ","Zammuto, R.",""
1987261034,"CC_BY_NC_4_0","Urocitellus columbianus","PRESERVED_SPECIMEN",-114.7007874,50.42479,2.5,NA,NA,NA,"CA","Alberta","","CAT CREEK, 50DEG 26'N,114DEG 44'W, 1675M","CANADA: ALBERTA:  CO.; CAT CREEK, 50DEG 26'N,114DEG 44'W, 1675M; 50.425, -114.7;","UMMZ","Zammuto, R.",""
1987260919,"CC_BY_NC_4_0","Urocitellus columbianus","PRESERVED_SPECIMEN",NA,NA,NA,NA,NA,NA,"CA","Alberta","","STREETER BASIN, 50DEG 3'N, 114DEG 10'W, 1360M","CANADA: ALBERTA:  CO.; STREETER BASIN, 50DEG 3'N, 114DEG 10'W, 1360M; , ;","UMMZ","Zammuto, R.",""
1987260716,"CC_BY_NC_4_0","Urocitellus columbianus","PRESERVED_SPECIMEN",-114.4757763,50.2095112,1.5,NA,NA,NA,"CA","Alberta","","HAILSTONE BUTTE; 50DEG12'N, 114DEG27'W; 2000M","CANADA: ALBERTA:  CO.; HAILSTONE BUTTE; 50DEG12'N, 114DEG27'W; 2000M; 50.20972, -114.475;","UMMZ","Zammuto, R.",""
1987260655,"CC_BY_NC_4_0","Urocitellus columbianus","PRESERVED_SPECIMEN",NA,NA,NA,NA,NA,NA,"CA","Alberta","","SHEEP RIVER RANGER STATION; 50DEG39'N, 114DEG38'W; 1500M","CANADA: ALBERTA:  CO.; SHEEP RIVER RANGER STATION; 50DEG39'N, 114DEG38'W; 1500M; , ;","UMMZ","Zammuto, R.",""
1987260101,"CC_BY_NC_4_0","Urocitellus columbianus","PRESERVED_SPECIMEN",-114.1965832,49.4567316,0.5,NA,NA,NA,"CA","Alberta","","BEAVER MINES; 49DEG26'N, 114DEG13'W; 1300M","CANADA: ALBERTA:  CO.; BEAVER MINES; 49DEG26'N, 114DEG13'W; 1300M; 49.45694, -114.19583;","UMMZ","Zammuto, R.",""
1987259926,"CC_BY_NC_4_0","Urocitellus columbianus","PRESERVED_SPECIMEN",NA,NA,NA,1982,6,22,"CA","Alberta","","50DEG 30MIN N, 114DEG 20MIN W, RIO ALTO RANCH","CANADA: ALBERTA:  CO.; 50DEG 30MIN N, 114DEG 20MIN W, RIO ALTO RANCH; , ;","UMMZ","Dobson, F.",""
1987259380,"CC_BY_NC_4_0","Urocitellus columbianus","PRESERVED_SPECIMEN",-114.1965832,49.4567316,0.5,NA,NA,NA,"CA","Alberta","","BEAVER MINES; 49DEG26'N, 114DEG13'W; 1300M","CANADA: ALBERTA:  CO.; BEAVER MINES; 49DEG26'N, 114DEG13'W; 1300M; 49.45694, -114.19583;","UMMZ","Zammuto, R.",""
1987259366,"CC_BY_NC_4_0","Urocitellus columbianus","PRESERVED_SPECIMEN",-114.7007874,50.42479,2.5,NA,NA,NA,"CA","Alberta","","CAT CREEK, 50DEG 26'N,114DEG 44'W, 1675M","CANADA: ALBERTA:  CO.; CAT CREEK, 50DEG 26'N,114DEG 44'W, 1675M; 50.425, -114.7;","UMMZ","Zammuto, R.",""
1987259082,"CC_BY_NC_4_0","Urocitellus columbianus","PRESERVED_SPECIMEN",NA,NA,NA,NA,NA,NA,"CA","Alberta","","STREETER BASIN, 50DEG 3'N, 114DEG 10'W, 1360M","CANADA: ALBERTA:  CO.; STREETER BASIN, 50DEG 3'N, 114DEG 10'W, 1360M; , ;","UMMZ","Zammuto, R.",""
1987258925,"CC_BY_NC_4_0","Urocitellus columbianus","PRESERVED_SPECIMEN",NA,NA,NA,NA,NA,NA,"CA","Alberta","","50DEG 3'N, 114DEG 10'W, STREETER BASIN, 1360M","CANADA: ALBERTA:  CO.; 50DEG 3'N, 114DEG 10'W, STREETER BASIN, 1360M; , ;","UMMZ","Zammuto, R.",""
1987258883,"CC_BY_NC_4_0","Urocitellus columbianus","PRESERVED_SPECIMEN",NA,NA,NA,NA,NA,NA,"CA","Alberta","","STREETER BASIN, 50DEG 3'N, 114DEG 10'W, 1360M","CANADA: ALBERTA:  CO.; STREETER BASIN, 50DEG 3'N, 114DEG 10'W, 1360M; , ;","UMMZ","Zammuto, R.",""
1987258861,"CC_BY_NC_4_0","Urocitellus columbianus","PRESERVED_SPECIMEN",-114.7007874,50.42479,2.5,NA,NA,NA,"CA","Alberta","","50DEG 20'N, 114DEG 44'W, CAT CREEK, 1675M","CANADA: ALBERTA:  CO.; 50DEG 20'N, 114DEG 44'W, CAT CREEK, 1675M; 50.425, -114.7;","UMMZ","Zammuto, R.",""
1987258732,"CC_BY_NC_4_0","Urocitellus columbianus","PRESERVED_SPECIMEN",NA,NA,NA,NA,NA,NA,"CA","Alberta","","STREETER BASIN, 50DEG 3'N, 114DEG 10'W, 1360M","CANADA: ALBERTA:  CO.; STREETER BASIN, 50DEG 3'N, 114DEG 10'W, 1360M; , ;","UMMZ","Zammuto, R.",""
1987258355,"CC_BY_NC_4_0","Urocitellus columbianus","PRESERVED_SPECIMEN",-114.4757763,50.2095112,1.5,NA,NA,NA,"CA","Alberta","","HAILSTONE BUTTE; 50DEG12'N, 114DEG27'W; 2000M","CANADA: ALBERTA:  CO.; HAILSTONE BUTTE; 50DEG12'N, 114DEG27'W; 2000M; 50.20972, -114.475;","UMMZ","Zammuto, R.",""
1987258317,"CC_BY_NC_4_0","Urocitellus columbianus","PRESERVED_SPECIMEN",-118.1530041,46.2703629,0.9,1945,4,26,"US","Washington","WALLA WALLA","WAITSBURG","UNITED STATES: WASHINGTON: WALLA WALLA CO.; WAITSBURG; , ;","UMMZ","Broadkorb, Pierce",""
1987258241,"CC_BY_NC_4_0","Urocitellus columbianus","PRESERVED_SPECIMEN",-114.1965832,49.4567316,0.5,NA,NA,NA,"CA","Alberta","","BEAVER MINES; 49DEG26'N, 114DEG13'W; 1300M","CANADA: ALBERTA:  CO.; BEAVER MINES; 49DEG26'N, 114DEG13'W; 1300M; 49.45694, -114.19583;","UMMZ","Zammuto, R.",""
1987257375,"CC_BY_NC_4_0","Urocitellus columbianus","PRESERVED_SPECIMEN",NA,NA,NA,NA,NA,NA,"CA","Alberta","","MARMOT BASIN, 50DEG 57'N, 115DEG 11'W, 2200M","CANADA: ALBERTA:  CO.; MARMOT BASIN, 50DEG 57'N, 115DEG 11'W, 2200M; , ;","UMMZ","Zammuto, R.",""
1987257104,"CC_BY_NC_4_0","Urocitellus columbianus","PRESERVED_SPECIMEN",-114.1965832,49.4567316,0.5,NA,NA,NA,"CA","Alberta","","BEAVER MINES; 49DEG26'N, 114DEG13'W; 1300M","CANADA: ALBERTA:  CO.; BEAVER MINES; 49DEG26'N, 114DEG13'W; 1300M; 49.45694, -114.19583;","UMMZ","Zammuto, R.",""
1987257079,"CC_BY_NC_4_0","Urocitellus columbianus","PRESERVED_SPECIMEN",-117.2293636,45.354176,0.9,1919,4,20,"US","Oregon","WALLOWA","JOSEPH","UNITED STATES: OREGON: WALLOWA CO.; JOSEPH; , ;","UMMZ","BROWN, D.",""
1987256751,"CC_BY_NC_4_0","Urocitellus columbianus","PRESERVED_SPECIMEN",-117.1934376,45.0514384,NA,1922,7,1,"US","Oregon","Baker","3 mi. N Cornucopia","Oregon: Baker Co., Cornucopia","UMMZ","Dice, L.",""
1987255980,"CC_BY_NC_4_0","Urocitellus columbianus","PRESERVED_SPECIMEN",-117.1924568,45.0080787,NA,1922,7,2,"US","Oregon","BAKER","CORNUCOPIA","Oregon: Baker Co., Cornucopia","UMMZ","Hatt, R.",""
1987255559,"CC_BY_NC_4_0","Urocitellus columbianus","PRESERVED_SPECIMEN",NA,NA,NA,NA,NA,NA,"CA","Alberta","","STREETER BASIN, 50DEG 3'N, 114DEG 10'W, 1360M","CANADA: ALBERTA:  CO.; STREETER BASIN, 50DEG 3'N, 114DEG 10'W, 1360M; , ;","UMMZ","Zammuto, R.",""
1987255193,"CC_BY_NC_4_0","Urocitellus columbianus","PRESERVED_SPECIMEN",-114.4757763,50.2095112,1.5,NA,NA,NA,"CA","Alberta","","HAILSTONE BUTTE; 50DEG12'N, 114DEG27'W; 2000M","CANADA: ALBERTA:  CO.; HAILSTONE BUTTE; 50DEG12'N, 114DEG27'W; 2000M; 50.20972, -114.475;","UMMZ","Zammuto, R.",""
1987254789,"CC_BY_NC_4_0","Urocitellus columbianus","PRESERVED_SPECIMEN",-114.1965832,49.4567316,0.5,NA,NA,NA,"CA","Alberta","","BEAVER MINES; 49DEG26'N, 114DEG13'W; 1300M","CANADA: ALBERTA:  CO.; BEAVER MINES; 49DEG26'N, 114DEG13'W; 1300M; 49.45694, -114.19583;","UMMZ","Zammuto, R.",""
1987254613,"CC_BY_NC_4_0","Urocitellus columbianus","PRESERVED_SPECIMEN",-114.4757763,50.2095112,1.5,NA,NA,NA,"CA","Alberta","","HAILSTONE BUTTE; 50DEG12'N, 114DEG27'W; 2000M","CANADA: ALBERTA:  CO.; HAILSTONE BUTTE; 50DEG12'N, 114DEG27'W; 2000M; 50.20972, -114.475;","UMMZ","Zammuto, R.",""
1987254607,"CC_BY_NC_4_0","Urocitellus columbianus","PRESERVED_SPECIMEN",-114.1965832,49.4567316,0.5,NA,NA,NA,"CA","Alberta","","BEAVER MINES; 49DEG26'N, 114DEG13'W; 1300M","CANADA: ALBERTA:  CO.; BEAVER MINES; 49DEG26'N, 114DEG13'W; 1300M; 49.45694, -114.19583;","UMMZ","Zammuto, R.",""
1987254361,"CC_BY_NC_4_0","Urocitellus columbianus","PRESERVED_SPECIMEN",-118.314709,46.2994613,0.5,1922,6,13,"US","Washington","WALLA WALLA","PRESCOTT","Washington: Walla Walla Co., Prescott","UMMZ","Dice, L.",""
1987254339,"CC_BY_NC_4_0","Urocitellus columbianus","PRESERVED_SPECIMEN",-114.1965832,49.4567316,0.5,NA,NA,NA,"CA","Alberta","","BEAVER MINES; 49DEG26'N, 114DEG13'W; 1300M","CANADA: ALBERTA:  CO.; BEAVER MINES; 49DEG26'N, 114DEG13'W; 1300M; 49.45694, -114.19583;","UMMZ","Zammuto, R.",""
1987254144,"CC_BY_NC_4_0","Urocitellus columbianus","PRESERVED_SPECIMEN",-118.9050207,46.0853572,0.5,1922,6,15,"US","Washington","WALLA WALLA","WALLULA","Washington: Walla Walla Co., Prescott","UMMZ","Hatt, R.",""
1987254007,"CC_BY_NC_4_0","Urocitellus columbianus","PRESERVED_SPECIMEN",NA,NA,NA,1982,6,25,"CA","Alberta","","50DEG 30MIN N, 114DEG 20MIN W, RIO ALTO RANCH","CANADA: ALBERTA:  CO.; 50DEG 30MIN N, 114DEG 20MIN W, RIO ALTO RANCH; , ;","UMMZ","Dobson, F.",""
1987253950,"CC_BY_NC_4_0","Urocitellus columbianus","PRESERVED_SPECIMEN",-114.4757763,50.2095112,1.5,NA,NA,NA,"CA","Alberta","","HAILSTONE BUTTE; 50DEG12'N, 114DEG27'W; 2000M","CANADA: ALBERTA:  CO.; HAILSTONE BUTTE; 50DEG12'N, 114DEG27'W; 2000M; 50.20972, -114.475;","UMMZ","Zammuto, R.",""
1987253914,"CC_BY_NC_4_0","Urocitellus columbianus","PRESERVED_SPECIMEN",-114.1965832,49.4567316,0.5,NA,NA,NA,"CA","Alberta","","BEAVER MINES; 49DEG26'N, 114DEG13'W; 1300M","CANADA: ALBERTA:  CO.; BEAVER MINES; 49DEG26'N, 114DEG13'W; 1300M; 49.45694, -114.19583;","UMMZ","Zammuto, R.",""
1987253666,"CC_BY_NC_4_0","Urocitellus columbianus","PRESERVED_SPECIMEN",NA,NA,NA,NA,NA,NA,"CA","Alberta","","50DEG 3'N, 114DEG 10'W, STREETER BASIN, 1360M","CANADA: ALBERTA:  CO.; 50DEG 3'N, 114DEG 10'W, STREETER BASIN, 1360M; , ;","UMMZ","Zammuto, R.",""
1987252747,"CC_BY_NC_4_0","Urocitellus columbianus","PRESERVED_SPECIMEN",NA,NA,NA,NA,NA,NA,"CA","Alberta","","SHEEP RIVER RANGER STATION, 50DEG 39'N, 114DEG 38'W, 1500M","CANADA: ALBERTA:  CO.; SHEEP RIVER RANGER STATION, 50DEG 39'N, 114DEG 38'W, 1500M; , ;","UMMZ","Zammuto, R.",""
1987252725,"CC_BY_NC_4_0","Urocitellus columbianus","PRESERVED_SPECIMEN",-114.7007874,50.42479,2.5,NA,NA,NA,"CA","Alberta","","CAT CREEK, 50DEG 26'N,114DEG 44'W, 1675M","CANADA: ALBERTA:  CO.; CAT CREEK, 50DEG 26'N,114DEG 44'W, 1675M; 50.425, -114.7;","UMMZ","Zammuto, R.",""
1987252075,"CC_BY_NC_4_0","Urocitellus columbianus","PRESERVED_SPECIMEN",NA,NA,NA,NA,NA,NA,"CA","Alberta","","STREETER BASIN, 50DEG 3'N, 114DEG 10'W, 1360M","CANADA: ALBERTA:  CO.; STREETER BASIN, 50DEG 3'N, 114DEG 10'W, 1360M; , ;","UMMZ","Zammuto, R.",""
1987251783,"CC_BY_NC_4_0","Urocitellus columbianus","PRESERVED_SPECIMEN",NA,NA,NA,NA,NA,NA,"CA","Alberta","","STREETER BASIN, 50DEG 3'N, 114DEG 10'W, 1360M","CANADA: ALBERTA:  CO.; STREETER BASIN, 50DEG 3'N, 114DEG 10'W, 1360M; , ;","UMMZ","Zammuto, R.",""
1987251560,"CC_BY_NC_4_0","Urocitellus columbianus","PRESERVED_SPECIMEN",-114.4757763,50.2095112,1.5,NA,NA,NA,"CA","Alberta","","HAILSTONE BUTTE; 50DEG12'N, 114DEG27'W; 2000M","CANADA: ALBERTA:  CO.; HAILSTONE BUTTE; 50DEG12'N, 114DEG27'W; 2000M; 50.20972, -114.475;","UMMZ","Zammuto, R.",""
1987251262,"CC_BY_NC_4_0","Urocitellus columbianus","PRESERVED_SPECIMEN",-113.7231393,43.3292206,1,1937,7,9,"US","Idaho","BLAINE","30MI SW ARCO","UNITED STATES: IDAHO: BLAINE CO.; 30MI SW ARCO; 43.3294, -113.7225;","UMMZ","Blossom, P.",""
1987251259,"CC_BY_NC_4_0","Urocitellus columbianus","PRESERVED_SPECIMEN",-114.1965832,49.4567316,0.5,NA,NA,NA,"CA","Alberta","","BEAVER MINES; 49DEG26'N, 114DEG13'W; 1300M","CANADA: ALBERTA:  CO.; BEAVER MINES; 49DEG26'N, 114DEG13'W; 1300M; 49.45694, -114.19583;","UMMZ","Zammuto, R.",""
1987250731,"CC_BY_NC_4_0","Urocitellus columbianus","PRESERVED_SPECIMEN",NA,NA,NA,NA,NA,NA,"CA","Alberta","","SHEEP RIVER RANGER STATION, 50DEG 39'N, 114DEG 38'W, 1500M","CANADA: ALBERTA:  CO.; SHEEP RIVER RANGER STATION, 50DEG 39'N, 114DEG 38'W, 1500M; , ;","UMMZ","Zammuto, R.",""
1987250400,"CC_BY_NC_4_0","Urocitellus columbianus","PRESERVED_SPECIMEN",-114.1965832,49.4567316,0.5,NA,NA,NA,"CA","Alberta","","BEAVER MINES; 49DEG26'N, 114DEG13'W; 1300M","CANADA: ALBERTA:  CO.; BEAVER MINES; 49DEG26'N, 114DEG13'W; 1300M; 49.45694, -114.19583;","UMMZ","Zammuto, R.",""
1987250300,"CC_BY_NC_4_0","Urocitellus columbianus","PRESERVED_SPECIMEN",NA,NA,NA,NA,NA,NA,"CA","Alberta","","SHEEP RIVER RANGER STATION; 50DEG39'N, 114DEG38'W; 1500M","CANADA: ALBERTA:  CO.; SHEEP RIVER RANGER STATION; 50DEG39'N, 114DEG38'W; 1500M; , ;","UMMZ","Zammuto, R.",""
1987249965,"CC_BY_NC_4_0","Urocitellus columbianus","PRESERVED_SPECIMEN",NA,NA,NA,NA,NA,NA,"CA","Alberta","","SHEEP RIVER RANGER STATION; 50DEG39'N, 114DEG38'W; 1500M","CANADA: ALBERTA:  CO.; SHEEP RIVER RANGER STATION; 50DEG39'N, 114DEG38'W; 1500M; , ;","UMMZ","Zammuto, R.",""
1987249875,"CC_BY_NC_4_0","Urocitellus columbianus","PRESERVED_SPECIMEN",NA,NA,NA,NA,NA,NA,"CA","Alberta","","STREETER BASIN, 50DEG 3'N, 114DEG 10'W, 1360M","CANADA: ALBERTA:  CO.; STREETER BASIN, 50DEG 3'N, 114DEG 10'W, 1360M; , ;","UMMZ","Zammuto, R.",""
1987249591,"CC_BY_NC_4_0","Urocitellus columbianus","PRESERVED_SPECIMEN",NA,NA,NA,NA,NA,NA,"CA","Alberta","","SHEEP RIVER RANGER STATION; 50DEG39'N, 114DEG38'W; 1500M","CANADA: ALBERTA:  CO.; SHEEP RIVER RANGER STATION; 50DEG39'N, 114DEG38'W; 1500M; , ;","UMMZ","Zammuto, R.",""
1987249482,"CC_BY_NC_4_0","Urocitellus columbianus","PRESERVED_SPECIMEN",-114.1965832,49.4567316,0.5,NA,NA,NA,"CA","Alberta","","BEAVER MINES; 49DEG26'N, 114DEG13'W; 1300M","CANADA: ALBERTA:  CO.; BEAVER MINES; 49DEG26'N, 114DEG13'W; 1300M; 49.45694, -114.19583;","UMMZ","Zammuto, R.",""
1987249235,"CC_BY_NC_4_0","Urocitellus columbianus","PRESERVED_SPECIMEN",NA,NA,NA,NA,NA,NA,"CA","Alberta","","STREETER BASIN, 50DEG 3'N, 114DEG 10'W, 1360M","CANADA: ALBERTA:  CO.; STREETER BASIN, 50DEG 3'N, 114DEG 10'W, 1360M; , ;","UMMZ","Zammuto, R.",""
1987248613,"CC_BY_NC_4_0","Urocitellus columbianus","PRESERVED_SPECIMEN",NA,NA,NA,1982,6,25,"CA","Alberta","","50DEG 30MIN N, 114DEG 20MIN W, RIO ALTO RANCH","CANADA: ALBERTA:  CO.; 50DEG 30MIN N, 114DEG 20MIN W, RIO ALTO RANCH; , ;","UMMZ","Dobson, F.",""
1987248536,"CC_BY_NC_4_0","Urocitellus columbianus","PRESERVED_SPECIMEN",-114.4757763,50.2095112,1.5,NA,NA,NA,"CA","Alberta","","HAILSTONE BUTTE; 50DEG12'N, 114DEG27'W; 2000M","CANADA: ALBERTA:  CO.; HAILSTONE BUTTE; 50DEG12'N, 114DEG27'W; 2000M; 50.20972, -114.475;","UMMZ","Zammuto, R.",""
1987248510,"CC_BY_NC_4_0","Urocitellus columbianus","PRESERVED_SPECIMEN",NA,NA,NA,NA,NA,NA,"CA","Alberta","","SHEEP RIVER RANGER STATION; 50DEG39'N, 114DEG38'W; 1500M","CANADA: ALBERTA:  CO.; SHEEP RIVER RANGER STATION; 50DEG39'N, 114DEG38'W; 1500M; , ;","UMMZ","Zammuto, R.",""
1987248498,"CC_BY_NC_4_0","Urocitellus columbianus","PRESERVED_SPECIMEN",-114.4757763,50.2095112,1.5,NA,NA,NA,"CA","Alberta","","HAILSTONE BUTTE; 50DEG12'N, 114DEG27'W; 2000M","CANADA: ALBERTA:  CO.; HAILSTONE BUTTE; 50DEG12'N, 114DEG27'W; 2000M; 50.20972, -114.475;","UMMZ","Zammuto, R.",""
1987248475,"CC_BY_NC_4_0","Urocitellus columbianus","PRESERVED_SPECIMEN",-114.1965832,49.4567316,0.5,NA,NA,NA,"CA","Alberta","","BEAVER MINES; 49DEG26'N, 114DEG13'W; 1300M","CANADA: ALBERTA:  CO.; BEAVER MINES; 49DEG26'N, 114DEG13'W; 1300M; 49.45694, -114.19583;","UMMZ","Zammuto, R.",""
1987248433,"CC_BY_NC_4_0","Urocitellus columbianus","PRESERVED_SPECIMEN",-114.1965832,49.4567316,0.5,NA,NA,NA,"CA","Alberta","","BEAVER MINES; 49DEG26'N, 114DEG13'W; 1300M","CANADA: ALBERTA:  CO.; BEAVER MINES; 49DEG26'N, 114DEG13'W; 1300M; 49.45694, -114.19583;","UMMZ","Zammuto, R.",""
1987248060,"CC_BY_NC_4_0","Urocitellus columbianus","PRESERVED_SPECIMEN",-114.4757763,50.2095112,1.5,NA,NA,NA,"CA","Alberta","","HAILSTONE BUTTE; 50DEG12'N, 114DEG27'W; 2000M","CANADA: ALBERTA:  CO.; HAILSTONE BUTTE; 50DEG12'N, 114DEG27'W; 2000M; 50.20972, -114.475;","UMMZ","Zammuto, R.",""
1987247988,"CC_BY_NC_4_0","Urocitellus columbianus","PRESERVED_SPECIMEN",-114.1965832,49.4567316,0.5,NA,NA,NA,"CA","Alberta","","BEAVER MINES; 49DEG26'N, 114DEG13'W; 1300M","CANADA: ALBERTA:  CO.; BEAVER MINES; 49DEG26'N, 114DEG13'W; 1300M; 49.45694, -114.19583;","UMMZ","Zammuto, R.",""
1987247553,"CC_BY_NC_4_0","Urocitellus columbianus","PRESERVED_SPECIMEN",NA,NA,NA,NA,NA,NA,"CA","Alberta","","STREETER BASIN, 50DEG 3'N, 114DEG 10'W, 1360M","CANADA: ALBERTA:  CO.; STREETER BASIN, 50DEG 3'N, 114DEG 10'W, 1360M; , ;","UMMZ","Zammuto, R.",""
1987247256,"CC_BY_NC_4_0","Urocitellus columbianus","PRESERVED_SPECIMEN",-117.1924568,45.0080787,NA,1922,6,30,"US","Oregon","BAKER","CORNUCOPIA","Oregon: Baker Co., Cornucopia","UMMZ","Hatt, R.",""
1987247213,"CC_BY_NC_4_0","Urocitellus columbianus","PRESERVED_SPECIMEN",NA,NA,NA,NA,NA,NA,"CA","Alberta","","50DEG 3'N, 114DEG 10'W, STREETER BASIN, 1360M","CANADA: ALBERTA:  CO.; 50DEG 3'N, 114DEG 10'W, STREETER BASIN, 1360M; , ;","UMMZ","Zammuto, R.",""
1987246883,"CC_BY_NC_4_0","Urocitellus columbianus","PRESERVED_SPECIMEN",-114.7007874,50.42479,2.5,NA,NA,NA,"CA","Alberta","","CAT CREEK, 50DEG 26'N,114DEG 44'W, 1675M","CANADA: ALBERTA:  CO.; CAT CREEK, 50DEG 26'N,114DEG 44'W, 1675M; 50.425, -114.7;","UMMZ","Zammuto, R.",""
1987246799,"CC_BY_NC_4_0","Urocitellus columbianus","PRESERVED_SPECIMEN",-114.7007874,50.42479,2.5,NA,NA,NA,"CA","Alberta","","CAT CREEK, 50DEG 26'N,114DEG 44'W, 1675M","CANADA: ALBERTA:  CO.; CAT CREEK, 50DEG 26'N,114DEG 44'W, 1675M; 50.425, -114.7;","UMMZ","Zammuto, R.",""
1987246655,"CC_BY_NC_4_0","Urocitellus columbianus","PRESERVED_SPECIMEN",NA,NA,NA,NA,NA,NA,"CA","Alberta","","50DEG 3'N, 114DEG 10'W, STREETER BASIN, 1360M","CANADA: ALBERTA:  CO.; 50DEG 3'N, 114DEG 10'W, STREETER BASIN, 1360M; , ;","UMMZ","Zammuto, R.",""
1987246571,"CC_BY_NC_4_0","Urocitellus columbianus","PRESERVED_SPECIMEN",NA,NA,NA,NA,NA,NA,"CA","Alberta","","SHEEP RIVER RANGER STATION; 50DEG39'N, 114DEG38'W; 1500M","CANADA: ALBERTA:  CO.; SHEEP RIVER RANGER STATION; 50DEG39'N, 114DEG38'W; 1500M; , ;","UMMZ","Zammuto, R.",""
1987246546,"CC_BY_NC_4_0","Urocitellus columbianus","PRESERVED_SPECIMEN",-119.3509177,50.2330479,1.1,1938,6,23,"CA","British Columbia","","OKANAGAN LANDING","CANADA: BRITISH COLUMBIA:  CO.; OKANAGAN LANDING; 50.2333, -119.35;","UMMZ","Munro, D.",""
1987246456,"CC_BY_NC_4_0","Urocitellus columbianus","PRESERVED_SPECIMEN",-114.1965832,49.4567316,0.5,NA,NA,NA,"CA","Alberta","","BEAVER MINES; 49DEG26'N, 114DEG13'W; 1300M","CANADA: ALBERTA:  CO.; BEAVER MINES; 49DEG26'N, 114DEG13'W; 1300M; 49.45694, -114.19583;","UMMZ","Zammuto, R.",""
1987246234,"CC_BY_NC_4_0","Urocitellus columbianus","PRESERVED_SPECIMEN",-114.4757763,50.2095112,1.5,NA,NA,NA,"CA","Alberta","","HAILSTONE BUTTE; 50DEG12'N, 114DEG27'W; 2000M","CANADA: ALBERTA:  CO.; HAILSTONE BUTTE; 50DEG12'N, 114DEG27'W; 2000M; 50.20972, -114.475;","UMMZ","Zammuto, R.",""
1987245866,"CC_BY_NC_4_0","Urocitellus columbianus","PRESERVED_SPECIMEN",NA,NA,NA,NA,NA,NA,"CA","Alberta","","STREETER BASIN, 50DEG 3'N, 114DEG 10'W, 1360M","CANADA: ALBERTA:  CO.; STREETER BASIN, 50DEG 3'N, 114DEG 10'W, 1360M; , ;","UMMZ","Zammuto, R.",""
1987245799,"CC_BY_NC_4_0","Urocitellus columbianus","PRESERVED_SPECIMEN",-114.4757763,50.2095112,1.5,NA,NA,NA,"CA","Alberta","","HAILSTONE BUTTE; 50DEG12'N, 114DEG27'W; 2000M","CANADA: ALBERTA:  CO.; HAILSTONE BUTTE; 50DEG12'N, 114DEG27'W; 2000M; 50.20972, -114.475;","UMMZ","Zammuto, R.",""
1987245017,"CC_BY_NC_4_0","Urocitellus columbianus","PRESERVED_SPECIMEN",NA,NA,NA,1982,5,18,"CA","Alberta","","50DEG 30MIN N, 114DEG 20MIN W, RIO ALTO RANCH","CANADA: ALBERTA:  CO.; 50DEG 30MIN N, 114DEG 20MIN W, RIO ALTO RANCH; , ;","UMMZ","Dobson, F.",""
1987244894,"CC_BY_NC_4_0","Urocitellus columbianus","PRESERVED_SPECIMEN",NA,NA,NA,NA,NA,NA,"CA","Alberta","","STREETER BASIN, 50DEG 3'N, 114DEG 10'W, 1360M","CANADA: ALBERTA:  CO.; STREETER BASIN, 50DEG 3'N, 114DEG 10'W, 1360M; , ;","UMMZ","Zammuto, R.",""
1987244822,"CC_BY_NC_4_0","Urocitellus columbianus","PRESERVED_SPECIMEN",-114.4757763,50.2095112,1.5,NA,NA,NA,"CA","Alberta","","HAILSTONE BUTTE; 50DEG12'N, 114DEG27'W; 2000M","CANADA: ALBERTA:  CO.; HAILSTONE BUTTE; 50DEG12'N, 114DEG27'W; 2000M; 50.20972, -114.475;","UMMZ","Zammuto, R.",""
1987244712,"CC_BY_NC_4_0","Urocitellus columbianus","PRESERVED_SPECIMEN",-114.4757763,50.2095112,1.5,NA,NA,NA,"CA","Alberta","","HAILSTONE BUTTE; 50DEG12'N, 114DEG27'W; 2000M","CANADA: ALBERTA:  CO.; HAILSTONE BUTTE; 50DEG12'N, 114DEG27'W; 2000M; 50.20972, -114.475;","UMMZ","Zammuto, R.",""
1987244412,"CC_BY_NC_4_0","Urocitellus columbianus","PRESERVED_SPECIMEN",NA,NA,NA,NA,NA,NA,"CA","Alberta","","STREETER BASIN, 50DEG 3'N, 114DEG 10'W, 1360M","CANADA: ALBERTA:  CO.; STREETER BASIN, 50DEG 3'N, 114DEG 10'W, 1360M; , ;","UMMZ","Zammuto, R.",""
1987244314,"CC_BY_NC_4_0","Urocitellus columbianus","PRESERVED_SPECIMEN",-114.4757763,50.2095112,1.5,NA,NA,NA,"CA","Alberta","","HAILSTONE BUTTE; 50DEG12'N, 114DEG27'W; 2000M","CANADA: ALBERTA:  CO.; HAILSTONE BUTTE; 50DEG12'N, 114DEG27'W; 2000M; 50.20972, -114.475;","UMMZ","Zammuto, R.",""
1987244210,"CC_BY_NC_4_0","Urocitellus columbianus","PRESERVED_SPECIMEN",-114.4757763,50.2095112,1.5,NA,NA,NA,"CA","Alberta","","HAILSTONE BUTTE; 50DEG12'N, 114DEG27'W; 2000M","CANADA: ALBERTA:  CO.; HAILSTONE BUTTE; 50DEG12'N, 114DEG27'W; 2000M; 50.20972, -114.475;","UMMZ","Zammuto, R.",""
1987243789,"CC_BY_NC_4_0","Urocitellus columbianus","PRESERVED_SPECIMEN",NA,NA,NA,NA,NA,NA,"CA","Alberta","","SHEEP RIVER RANGER STATION; 50DEG39'N, 114DEG38'W; 1500M","CANADA: ALBERTA:  CO.; SHEEP RIVER RANGER STATION; 50DEG39'N, 114DEG38'W; 1500M; , ;","UMMZ","Zammuto, R.",""
1987243711,"CC_BY_NC_4_0","Urocitellus columbianus","PRESERVED_SPECIMEN",NA,NA,NA,NA,NA,NA,"CA","Alberta","","SHEEP RIVER RANGER STATION; 50DEG39'N, 114DEG38'W; 1500M","CANADA: ALBERTA:  CO.; SHEEP RIVER RANGER STATION; 50DEG39'N, 114DEG38'W; 1500M; , ;","UMMZ","Zammuto, R.",""
1987243145,"CC_BY_NC_4_0","Urocitellus columbianus","PRESERVED_SPECIMEN",NA,NA,NA,NA,NA,NA,"CA","Alberta","","STREETER BASIN, 50DEG 3'N, 114DEG 10'W, 1360M","CANADA: ALBERTA:  CO.; STREETER BASIN, 50DEG 3'N, 114DEG 10'W, 1360M; , ;","UMMZ","Zammuto, R.",""
1987242926,"CC_BY_NC_4_0","Urocitellus columbianus","PRESERVED_SPECIMEN",NA,NA,NA,1982,6,25,"CA","Alberta","","50DEG 30MIN N, 114DEG 20MIN W, RIO ALTO RANCH","CANADA: ALBERTA:  CO.; 50DEG 30MIN N, 114DEG 20MIN W, RIO ALTO RANCH; , ;","UMMZ","Dobson, F.",""
1987242733,"CC_BY_NC_4_0","Urocitellus columbianus","PRESERVED_SPECIMEN",-114.4757763,50.2095112,1.5,NA,NA,NA,"CA","Alberta","","HAILSTONE BUTTE; 50DEG12'N, 114DEG27'W; 2000M","CANADA: ALBERTA:  CO.; HAILSTONE BUTTE; 50DEG12'N, 114DEG27'W; 2000M; 50.20972, -114.475;","UMMZ","Zammuto, R.",""
1987242638,"CC_BY_NC_4_0","Urocitellus columbianus","PRESERVED_SPECIMEN",NA,NA,NA,NA,NA,NA,"CA","Alberta","","STREETER BASIN, 50DEG 3'N, 114DEG 10'W, 1360M","CANADA: ALBERTA:  CO.; STREETER BASIN, 50DEG 3'N, 114DEG 10'W, 1360M; , ;","UMMZ","Zammuto, R.",""
1987242578,"CC_BY_NC_4_0","Urocitellus columbianus","PRESERVED_SPECIMEN",NA,NA,NA,NA,NA,NA,"CA","Alberta","","SHEEP RIVER RANGER STATION; 50DEG39'N, 114DEG38'W; 1500M","CANADA: ALBERTA:  CO.; SHEEP RIVER RANGER STATION; 50DEG39'N, 114DEG38'W; 1500M; , ;","UMMZ","Zammuto, R.",""
1987242171,"CC_BY_NC_4_0","Urocitellus columbianus","PRESERVED_SPECIMEN",-114.1965832,49.4567316,0.5,NA,NA,NA,"CA","Alberta","","BEAVER MINES; 49DEG26'N, 114DEG13'W; 1300M","CANADA: ALBERTA:  CO.; BEAVER MINES; 49DEG26'N, 114DEG13'W; 1300M; 49.45694, -114.19583;","UMMZ","Zammuto, R.",""
1987241696,"CC_BY_NC_4_0","Urocitellus columbianus","PRESERVED_SPECIMEN",-114.1965832,49.4567316,0.5,NA,NA,NA,"CA","Alberta","","BEAVER MINES; 49DEG26'N, 114DEG13'W; 1300M","CANADA: ALBERTA:  CO.; BEAVER MINES; 49DEG26'N, 114DEG13'W; 1300M; 49.45694, -114.19583;","UMMZ","Zammuto, R.",""
1987241678,"CC_BY_NC_4_0","Urocitellus columbianus","PRESERVED_SPECIMEN",NA,NA,NA,NA,NA,NA,"CA","Alberta","","SHEEP RIVER RANGER STATION, 50DEG 39'N, 114DEG 38'W, 1500M","CANADA: ALBERTA:  CO.; SHEEP RIVER RANGER STATION, 50DEG 39'N, 114DEG 38'W, 1500M; , ;","UMMZ","Zammuto, R.",""
1987241635,"CC_BY_NC_4_0","Urocitellus columbianus","PRESERVED_SPECIMEN",NA,NA,NA,NA,NA,NA,"CA","Alberta","","STREETER BASIN, 50DEG 3'N, 114DEG 10'W, 1360M","CANADA: ALBERTA:  CO.; STREETER BASIN, 50DEG 3'N, 114DEG 10'W, 1360M; , ;","UMMZ","Zammuto, R.",""
1987241406,"CC_BY_NC_4_0","Urocitellus columbianus","PRESERVED_SPECIMEN",NA,NA,NA,NA,NA,NA,"CA","Alberta","","50DEG 3'N, 114DEG 10'W, STREETER BASIN, 1360M","CANADA: ALBERTA:  CO.; 50DEG 3'N, 114DEG 10'W, STREETER BASIN, 1360M; , ;","UMMZ","Zammuto, R.",""
1987241148,"CC_BY_NC_4_0","Urocitellus columbianus","PRESERVED_SPECIMEN",NA,NA,NA,NA,NA,NA,"CA","Alberta","","MARMOT BASIN, 50DEG 57'N, 115DEG 11'W, 2200M","CANADA: ALBERTA:  CO.; MARMOT BASIN, 50DEG 57'N, 115DEG 11'W, 2200M; , ;","UMMZ","Zammuto, R.",""
1987240699,"CC_BY_NC_4_0","Urocitellus columbianus","PRESERVED_SPECIMEN",-114.1965832,49.4567316,0.5,NA,NA,NA,"CA","Alberta","","BEAVER MINES; 49DEG26'N, 114DEG13'W; 1300M","CANADA: ALBERTA:  CO.; BEAVER MINES; 49DEG26'N, 114DEG13'W; 1300M; 49.45694, -114.19583;","UMMZ","Zammuto, R.",""
1987240614,"CC_BY_NC_4_0","Urocitellus columbianus","PRESERVED_SPECIMEN",-116.9999814,46.7322708,2,1909,4,18,"US","Idaho","LATAH","MOSCOW","Idaho: Moscow Mts.","UMMZ","Dice, Lee",""
1987240309,"CC_BY_NC_4_0","Urocitellus columbianus","PRESERVED_SPECIMEN",NA,NA,NA,NA,NA,NA,"CA","Alberta","","50DEG 3'N, 114DEG 10'W, STREETER BASIN, 1360M","CANADA: ALBERTA:  CO.; 50DEG 3'N, 114DEG 10'W, STREETER BASIN, 1360M; , ;","UMMZ","Zammuto, R.",""
1987240292,"CC_BY_NC_4_0","Urocitellus columbianus","PRESERVED_SPECIMEN",-117.9721903,46.3236542,1.7,1927,4,5,"US","Washington","COLUMBIA","DAYTON","UNITED STATES: WASHINGTON: COLUMBIA CO.; DAYTON; 46.32389, -117.97139;","UMMZ","Lyman, S.",""
1987239995,"CC_BY_NC_4_0","Urocitellus columbianus","PRESERVED_SPECIMEN",NA,NA,NA,NA,NA,NA,"CA","Alberta","","STREETER BASIN, 50DEG 3'N, 114DEG 10'W, 1360M","CANADA: ALBERTA:  CO.; STREETER BASIN, 50DEG 3'N, 114DEG 10'W, 1360M; , ;","UMMZ","Zammuto, R.",""
1987239903,"CC_BY_NC_4_0","Urocitellus columbianus","PRESERVED_SPECIMEN",-114.4757763,50.2095112,1.5,NA,NA,NA,"CA","Alberta","","HAILSTONE BUTTE; 50DEG12'N, 114DEG27'W; 2000M","CANADA: ALBERTA:  CO.; HAILSTONE BUTTE; 50DEG12'N, 114DEG27'W; 2000M; 50.20972, -114.475;","UMMZ","Zammuto, R.",""
1987239556,"CC_BY_NC_4_0","Urocitellus columbianus","PRESERVED_SPECIMEN",-114.7007874,50.42479,2.5,NA,NA,NA,"CA","Alberta","","50DEG 20'N, 114DEG 44'W, CAT CREEK, 1675M","CANADA: ALBERTA:  CO.; 50DEG 20'N, 114DEG 44'W, CAT CREEK, 1675M; 50.425, -114.7;","UMMZ","Zammuto, R.",""
1987239410,"CC_BY_NC_4_0","Urocitellus columbianus","PRESERVED_SPECIMEN",-114.1965832,49.4567316,0.5,NA,NA,NA,"CA","Alberta","","BEAVER MINES; 49DEG26'N, 114DEG13'W; 1300M","CANADA: ALBERTA:  CO.; BEAVER MINES; 49DEG26'N, 114DEG13'W; 1300M; 49.45694, -114.19583;","UMMZ","Zammuto, R.",""
1987239060,"CC_BY_NC_4_0","Urocitellus columbianus","PRESERVED_SPECIMEN",-114.1965832,49.4567316,0.5,NA,NA,NA,"CA","Alberta","","BEAVER MINES; 49DEG26'N, 114DEG13'W; 1300M","CANADA: ALBERTA:  CO.; BEAVER MINES; 49DEG26'N, 114DEG13'W; 1300M; 49.45694, -114.19583;","UMMZ","Zammuto, R.",""
1987239002,"CC_BY_NC_4_0","Urocitellus columbianus","PRESERVED_SPECIMEN",NA,NA,NA,NA,NA,NA,"CA","Alberta","","SHEEP RIVER RANGER STATION; 50DEG39'N, 114DEG38'W; 1500M","CANADA: ALBERTA:  CO.; SHEEP RIVER RANGER STATION; 50DEG39'N, 114DEG38'W; 1500M; , ;","UMMZ","Zammuto, R.",""
1987238767,"CC_BY_NC_4_0","Urocitellus columbianus","PRESERVED_SPECIMEN",-114.4757763,50.2095112,1.5,NA,NA,NA,"CA","Alberta","","HAILSTONE BUTTE; 50DEG12'N, 114DEG27'W; 2000M","CANADA: ALBERTA:  CO.; HAILSTONE BUTTE; 50DEG12'N, 114DEG27'W; 2000M; 50.20972, -114.475;","UMMZ","Zammuto, R.",""
1987238490,"CC_BY_NC_4_0","Urocitellus columbianus","PRESERVED_SPECIMEN",-119.4508938,49.033045,1.1,1938,7,7,"CA","British Columbia","","OSOYOOS","CANADA: BRITISH COLUMBIA:  CO.; OSOYOOS; 49.0333, -119.45;","UMMZ","Bartlett, K.",""
1987238489,"CC_BY_NC_4_0","Urocitellus columbianus","PRESERVED_SPECIMEN",-117.6325237,48.0614619,0.4,1921,4,8,"US","Washington","STEVENS","LOON LAKE","UNITED STATES: WASHINGTON: STEVENS CO.; LOON LAKE; , ;","UMMZ","BROWN, D.",""
1987238042,"CC_BY_NC_4_0","Urocitellus columbianus","PRESERVED_SPECIMEN",NA,NA,NA,NA,NA,NA,"CA","Alberta","","SHEEP RIVER RANGER STATION; 50DEG39'N, 114DEG38'W; 1500M","CANADA: ALBERTA:  CO.; SHEEP RIVER RANGER STATION; 50DEG39'N, 114DEG38'W; 1500M; , ;","UMMZ","Zammuto, R.",""
1987237845,"CC_BY_NC_4_0","Urocitellus columbianus","PRESERVED_SPECIMEN",-114.1965832,49.4567316,0.5,NA,NA,NA,"CA","Alberta","","BEAVER MINES; 49DEG26'N, 114DEG13'W; 1300M","CANADA: ALBERTA:  CO.; BEAVER MINES; 49DEG26'N, 114DEG13'W; 1300M; 49.45694, -114.19583;","UMMZ","Zammuto, R.",""
1987237447,"CC_BY_NC_4_0","Urocitellus columbianus","PRESERVED_SPECIMEN",-114.4757763,50.2095112,1.5,NA,NA,NA,"CA","Alberta","","HAILSTONE BUTTE; 50DEG12'N, 114DEG27'W; 2000M","CANADA: ALBERTA:  CO.; HAILSTONE BUTTE; 50DEG12'N, 114DEG27'W; 2000M; 50.20972, -114.475;","UMMZ","Zammuto, R.",""
1987237402,"CC_BY_NC_4_0","Urocitellus columbianus","PRESERVED_SPECIMEN",-114.7007874,50.42479,2.5,NA,NA,NA,"CA","Alberta","","CAT CREEK, 50DEG 26'N,114DEG 44'W, 1675M","CANADA: ALBERTA:  CO.; CAT CREEK, 50DEG 26'N,114DEG 44'W, 1675M; 50.425, -114.7;","UMMZ","Zammuto, R.",""
1987237369,"CC_BY_NC_4_0","Urocitellus columbianus","PRESERVED_SPECIMEN",NA,NA,NA,NA,NA,NA,"CA","Alberta","","SHEEP RIVER RANGER STATION; 50DEG39'N, 114DEG38'W; 1500M","CANADA: ALBERTA:  CO.; SHEEP RIVER RANGER STATION; 50DEG39'N, 114DEG38'W; 1500M; , ;","UMMZ","Zammuto, R.",""
1987237236,"CC_BY_NC_4_0","Urocitellus columbianus","PRESERVED_SPECIMEN",-117.1934376,45.0514384,NA,1922,6,30,"US","Oregon","Baker","3 mi. N Cornucopia","Oregon: Baker Co., Cornucopia","UMMZ","Dice, L.",""
1987237218,"CC_BY_NC_4_0","Urocitellus columbianus","PRESERVED_SPECIMEN",-114.7007874,50.42479,2.5,NA,NA,NA,"CA","Alberta","","50DEG 20'N, 114DEG 44'W, CAT CREEK, 1675M","CANADA: ALBERTA:  CO.; 50DEG 20'N, 114DEG 44'W, CAT CREEK, 1675M; 50.425, -114.7;","UMMZ","Zammuto, R.",""
1987236759,"CC_BY_NC_4_0","Urocitellus columbianus","PRESERVED_SPECIMEN",NA,NA,NA,NA,NA,NA,"CA","Alberta","","SHEEP RIVER RANGER STATION, 50DEG 39'N, 114DEG 38'W, 1500M","CANADA: ALBERTA:  CO.; SHEEP RIVER RANGER STATION, 50DEG 39'N, 114DEG 38'W, 1500M; , ;","UMMZ","Zammuto, R.",""
1987236715,"CC_BY_NC_4_0","Urocitellus columbianus","PRESERVED_SPECIMEN",-114.1965832,49.4567316,0.5,NA,NA,NA,"CA","Alberta","","BEAVER MINES; 49DEG26'N, 114DEG13'W; 1300M","CANADA: ALBERTA:  CO.; BEAVER MINES; 49DEG26'N, 114DEG13'W; 1300M; 49.45694, -114.19583;","UMMZ","Zammuto, R.",""
1987236679,"CC_BY_NC_4_0","Urocitellus columbianus","PRESERVED_SPECIMEN",-114.4757763,50.2095112,1.5,NA,NA,NA,"CA","Alberta","","HAILSTONE BUTTE; 50DEG12'N, 114DEG27'W; 2000M","CANADA: ALBERTA:  CO.; HAILSTONE BUTTE; 50DEG12'N, 114DEG27'W; 2000M; 50.20972, -114.475;","UMMZ","Zammuto, R.",""
1987236677,"CC_BY_NC_4_0","Urocitellus columbianus","PRESERVED_SPECIMEN",NA,NA,NA,NA,NA,NA,"CA","Alberta","","SHEEP RIVER RANGER STATION; 50DEG39'N, 114DEG38'W; 1500M","CANADA: ALBERTA:  CO.; SHEEP RIVER RANGER STATION; 50DEG39'N, 114DEG38'W; 1500M; , ;","UMMZ","Zammuto, R.",""
1987236393,"CC_BY_NC_4_0","Urocitellus columbianus","PRESERVED_SPECIMEN",-114.4757763,50.2095112,1.5,NA,NA,NA,"CA","Alberta","","HAILSTONE BUTTE; 50DEG12'N, 114DEG27'W; 2000M","CANADA: ALBERTA:  CO.; HAILSTONE BUTTE; 50DEG12'N, 114DEG27'W; 2000M; 50.20972, -114.475;","UMMZ","Zammuto, R.",""
1987236369,"CC_BY_NC_4_0","Urocitellus columbianus","PRESERVED_SPECIMEN",NA,NA,NA,NA,NA,NA,"CA","Alberta","","STREETER BASIN, 50DEG 3'N, 114DEG 10'W, 1360M","CANADA: ALBERTA:  CO.; STREETER BASIN, 50DEG 3'N, 114DEG 10'W, 1360M; , ;","UMMZ","Zammuto, R.",""
1987236331,"CC_BY_NC_4_0","Urocitellus columbianus","PRESERVED_SPECIMEN",-117.1924568,45.0080787,NA,1922,7,1,"US","Oregon","BAKER","CORNUCOPIA","Oregon: Baker Co., Cornucopia","UMMZ","Hatt, R.",""
1987235960,"CC_BY_NC_4_0","Urocitellus columbianus","PRESERVED_SPECIMEN",-118.9050207,46.0853572,0.5,1922,6,11,"US","Washington","WALLA WALLA","WALLULA","Washington: Walla Walla Co., Prescott","UMMZ","Dice, L.",""
1987235887,"CC_BY_NC_4_0","Urocitellus columbianus","PRESERVED_SPECIMEN",-114.7007874,50.42479,2.5,NA,NA,NA,"CA","Alberta","","CAT CREEK, 50DEG 26'N,114DEG 44'W, 1675M","CANADA: ALBERTA:  CO.; CAT CREEK, 50DEG 26'N,114DEG 44'W, 1675M; 50.425, -114.7;","UMMZ","Zammuto, R.",""
1987235801,"CC_BY_NC_4_0","Urocitellus columbianus","PRESERVED_SPECIMEN",NA,NA,NA,NA,NA,NA,"CA","Alberta","","STREETER BASIN, 50DEG 3'N, 114DEG 10'W, 1360M","CANADA: ALBERTA:  CO.; STREETER BASIN, 50DEG 3'N, 114DEG 10'W, 1360M; , ;","UMMZ","Zammuto, R.",""
1987235733,"CC_BY_NC_4_0","Urocitellus columbianus","PRESERVED_SPECIMEN",-114.7007874,50.42479,2.5,NA,NA,NA,"CA","Alberta","","50DEG 20'N, 114DEG 44'W, CAT CREEK, 1675M","CANADA: ALBERTA:  CO.; 50DEG 20'N, 114DEG 44'W, CAT CREEK, 1675M; 50.425, -114.7;","UMMZ","Zammuto, R.",""
1987235554,"CC_BY_NC_4_0","Urocitellus columbianus","PRESERVED_SPECIMEN",-114.4757763,50.2095112,1.5,NA,NA,NA,"CA","Alberta","","HAILSTONE BUTTE; 50DEG12'N, 114DEG27'W; 2000M","CANADA: ALBERTA:  CO.; HAILSTONE BUTTE; 50DEG12'N, 114DEG27'W; 2000M; 50.20972, -114.475;","UMMZ","Zammuto, R.",""
1987235191,"CC_BY_NC_4_0","Urocitellus columbianus","PRESERVED_SPECIMEN",-117.682511,47.328363,1.1,1922,6,28,"US","Washington","SPOKANE","WILLIAMS LAKE","Washington: Williams L., Spokane Co.","UMMZ","Dice, L.",""
1987235108,"CC_BY_NC_4_0","Urocitellus columbianus","PRESERVED_SPECIMEN",-118.314709,46.2994613,0.5,1922,5,20,"US","Washington","WALLA WALLA","PRESCOTT","Washington: Walla Walla Co., Prescott","UMMZ","Dice, L.",""
1987234992,"CC_BY_NC_4_0","Urocitellus columbianus","PRESERVED_SPECIMEN",NA,NA,NA,NA,NA,NA,"CA","Alberta","","STREETER BASIN, 50DEG 3'N, 114DEG 10'W, 1360M","CANADA: ALBERTA:  CO.; STREETER BASIN, 50DEG 3'N, 114DEG 10'W, 1360M; , ;","UMMZ","Zammuto, R.",""
1987234900,"CC_BY_NC_4_0","Urocitellus columbianus","PRESERVED_SPECIMEN",-114.1965832,49.4567316,0.5,NA,NA,NA,"CA","Alberta","","BEAVER MINES; 49DEG26'N, 114DEG13'W; 1300M","CANADA: ALBERTA:  CO.; BEAVER MINES; 49DEG26'N, 114DEG13'W; 1300M; 49.45694, -114.19583;","UMMZ","Zammuto, R.",""
1987234822,"CC_BY_NC_4_0","Urocitellus columbianus","PRESERVED_SPECIMEN",NA,NA,NA,NA,NA,NA,"CA","Alberta","","STREETER BASIN, 50DEG 3'N, 114DEG 10'W, 1360M","CANADA: ALBERTA:  CO.; STREETER BASIN, 50DEG 3'N, 114DEG 10'W, 1360M; , ;","UMMZ","Zammuto, R.",""
1987234471,"CC_BY_NC_4_0","Urocitellus columbianus","PRESERVED_SPECIMEN",-117.1934376,45.0514384,NA,1922,7,1,"US","Oregon","Baker","3 mi. N Cornucopia","Oregon: Baker Co., Cornucopia","UMMZ","Dice, L.",""
1987234437,"CC_BY_NC_4_0","Urocitellus columbianus","PRESERVED_SPECIMEN",NA,NA,NA,NA,NA,NA,"CA","Alberta","","50DEG 3'N, 114DEG 10'W, STREETER BASIN, 1360M","CANADA: ALBERTA:  CO.; 50DEG 3'N, 114DEG 10'W, STREETER BASIN, 1360M; , ;","UMMZ","Zammuto, R.",""
1987234415,"CC_BY_NC_4_0","Urocitellus columbianus","PRESERVED_SPECIMEN",NA,NA,NA,NA,NA,NA,"CA","Alberta","","SHEEP RIVER RANGER STATION; 50DEG39'N, 114DEG38'W; 1500M","CANADA: ALBERTA:  CO.; SHEEP RIVER RANGER STATION; 50DEG39'N, 114DEG38'W; 1500M; , ;","UMMZ","Zammuto, R.",""
1987234306,"CC_BY_NC_4_0","Urocitellus columbianus","PRESERVED_SPECIMEN",-114.1965832,49.4567316,0.5,NA,NA,NA,"CA","Alberta","","BEAVER MINES; 49DEG26'N, 114DEG13'W; 1300M","CANADA: ALBERTA:  CO.; BEAVER MINES; 49DEG26'N, 114DEG13'W; 1300M; 49.45694, -114.19583;","UMMZ","Zammuto, R.",""
1987234209,"CC_BY_NC_4_0","Urocitellus columbianus","PRESERVED_SPECIMEN",-114.1965832,49.4567316,0.5,NA,NA,NA,"CA","Alberta","","BEAVER MINES; 49DEG26'N, 114DEG13'W; 1300M","CANADA: ALBERTA:  CO.; BEAVER MINES; 49DEG26'N, 114DEG13'W; 1300M; 49.45694, -114.19583;","UMMZ","Zammuto, R.",""
1987233782,"CC_BY_NC_4_0","Urocitellus columbianus","PRESERVED_SPECIMEN",-114.1965832,49.4567316,0.5,NA,NA,NA,"CA","Alberta","","BEAVER MINES; 49DEG26'N, 114DEG13'W; 1300M","CANADA: ALBERTA:  CO.; BEAVER MINES; 49DEG26'N, 114DEG13'W; 1300M; 49.45694, -114.19583;","UMMZ","Zammuto, R.",""
1987233704,"CC_BY_NC_4_0","Urocitellus columbianus","PRESERVED_SPECIMEN",-114.7007874,50.42479,2.5,NA,NA,NA,"CA","Alberta","","CAT CREEK, 50DEG 26'N,114DEG 44'W, 1675M","CANADA: ALBERTA:  CO.; CAT CREEK, 50DEG 26'N,114DEG 44'W, 1675M; 50.425, -114.7;","UMMZ","Zammuto, R.",""
1987233546,"CC_BY_NC_4_0","Urocitellus columbianus","PRESERVED_SPECIMEN",NA,NA,NA,NA,NA,NA,"CA","Alberta","","STREETER BASIN, 50DEG 3'N, 114DEG 10'W, 1360M","CANADA: ALBERTA:  CO.; STREETER BASIN, 50DEG 3'N, 114DEG 10'W, 1360M; , ;","UMMZ","Zammuto, R.",""
1987232280,"CC_BY_NC_4_0","Urocitellus columbianus","PRESERVED_SPECIMEN",-114.4757763,50.2095112,1.5,NA,NA,NA,"CA","Alberta","","HAILSTONE BUTTE; 50DEG12'N, 114DEG27'W; 2000M","CANADA: ALBERTA:  CO.; HAILSTONE BUTTE; 50DEG12'N, 114DEG27'W; 2000M; 50.20972, -114.475;","UMMZ","Zammuto, R.",""
1987231708,"CC_BY_NC_4_0","Urocitellus columbianus","PRESERVED_SPECIMEN",-114.4757763,50.2095112,1.5,NA,NA,NA,"CA","Alberta","","HAILSTONE BUTTE; 50DEG12'N, 114DEG27'W; 2000M","CANADA: ALBERTA:  CO.; HAILSTONE BUTTE; 50DEG12'N, 114DEG27'W; 2000M; 50.20972, -114.475;","UMMZ","Zammuto, R.",""
1987231349,"CC_BY_NC_4_0","Urocitellus columbianus","PRESERVED_SPECIMEN",NA,NA,NA,NA,NA,NA,"CA","Alberta","","STREETER BASIN, 50DEG 3'N, 114DEG 10'W, 1360M","CANADA: ALBERTA:  CO.; STREETER BASIN, 50DEG 3'N, 114DEG 10'W, 1360M; , ;","UMMZ","Zammuto, R.",""
1987231277,"CC_BY_NC_4_0","Urocitellus columbianus","PRESERVED_SPECIMEN",-114.1965832,49.4567316,0.5,NA,NA,NA,"CA","Alberta","","BEAVER MINES; 49DEG26'N, 114DEG13'W; 1300M","CANADA: ALBERTA:  CO.; BEAVER MINES; 49DEG26'N, 114DEG13'W; 1300M; 49.45694, -114.19583;","UMMZ","Zammuto, R.",""
1987231161,"CC_BY_NC_4_0","Urocitellus columbianus","PRESERVED_SPECIMEN",NA,NA,NA,NA,NA,NA,"CA","Alberta","","STREETER BASIN, 50DEG 3'N, 114DEG 10'W, 1360M","CANADA: ALBERTA:  CO.; STREETER BASIN, 50DEG 3'N, 114DEG 10'W, 1360M; , ;","UMMZ","Zammuto, R.",""
1987230615,"CC_BY_NC_4_0","Urocitellus columbianus","PRESERVED_SPECIMEN",-114.1965832,49.4567316,0.5,NA,NA,NA,"CA","Alberta","","BEAVER MINES; 49DEG26'N, 114DEG13'W; 1300M","CANADA: ALBERTA:  CO.; BEAVER MINES; 49DEG26'N, 114DEG13'W; 1300M; 49.45694, -114.19583;","UMMZ","Zammuto, R.",""
1987230563,"CC_BY_NC_4_0","Urocitellus columbianus","PRESERVED_SPECIMEN",-119.4508938,49.033045,1.1,1938,7,7,"CA","British Columbia","","OSOYOOS","CANADA: BRITISH COLUMBIA:  CO.; OSOYOOS; 49.0333, -119.45;","UMMZ","Bartlett, K.",""
1987230557,"CC_BY_NC_4_0","Urocitellus columbianus","PRESERVED_SPECIMEN",-114.4757763,50.2095112,1.5,NA,NA,NA,"CA","Alberta","","HAILSTONE BUTTE; 50DEG12'N, 114DEG27'W; 2000M","CANADA: ALBERTA:  CO.; HAILSTONE BUTTE; 50DEG12'N, 114DEG27'W; 2000M; 50.20972, -114.475;","UMMZ","Zammuto, R.",""
1987229688,"CC_BY_NC_4_0","Urocitellus columbianus","PRESERVED_SPECIMEN",-114.4757763,50.2095112,1.5,NA,NA,NA,"CA","Alberta","","HAILSTONE BUTTE; 50DEG12'N, 114DEG27'W; 2000M","CANADA: ALBERTA:  CO.; HAILSTONE BUTTE; 50DEG12'N, 114DEG27'W; 2000M; 50.20972, -114.475;","UMMZ","Zammuto, R.",""
1978636827,"CC0_1_0","Urocitellus columbianus","PRESERVED_SPECIMEN",-114.619952,45.705136,10,2018,8,4,"US","Idaho","Idaho County","2.5 km S, 1.5 km W Nez Perce Peak","2.5 km S, 1.5 km W Nez Perce Peak","NMU","Collector(s): Kurt Egan Galbreath","http://arctos.database.museum/guid/NMU:Mamm:2593"
1978636817,"CC0_1_0","Urocitellus columbianus","PRESERVED_SPECIMEN",-114.618262,45.704596,10,2018,8,4,"US","Idaho","Idaho County","2.5 km S, 1.5 km W Nez Perce Peak","2.5 km S, 1.5 km W Nez Perce Peak","NMU","Collector(s): Kurt Egan Galbreath","http://arctos.database.museum/guid/NMU:Mamm:2598"
1978636603,"CC0_1_0","Urocitellus columbianus","PRESERVED_SPECIMEN",-114.618228,45.704578,10,2018,8,5,"US","Idaho","Idaho County","2.5 km S, 1.5 km W Nez Perce Peak","2.5 km S, 1.5 km W Nez Perce Peak","NMU","Collector(s): Kurt Egan Galbreath","http://arctos.database.museum/guid/NMU:Mamm:2619"
1978636600,"CC0_1_0","Urocitellus columbianus","PRESERVED_SPECIMEN",-114.617126,45.705666,10,2018,8,5,"US","Idaho","Idaho County","2.5 km S, 1.5 km W Nez Perce Peak","2.5 km S, 1.5 km W Nez Perce Peak","NMU","Collector(s): Kurt Egan Galbreath","http://arctos.database.museum/guid/NMU:Mamm:2626"
1978636599,"CC0_1_0","Urocitellus columbianus","PRESERVED_SPECIMEN",-114.617295,45.705563,10,2018,8,5,"US","Idaho","Idaho County","2.5 km S, 1.5 km W Nez Perce Peak","2.5 km S, 1.5 km W Nez Perce Peak","NMU","Collector(s): Kurt Egan Galbreath","http://arctos.database.museum/guid/NMU:Mamm:2625"
1978636558,"CC0_1_0","Urocitellus columbianus","PRESERVED_SPECIMEN",-114.618251,45.704588,10,2018,8,4,"US","Idaho","Idaho County","2.5 km S, 1.5 km W Nez Perce Peak","2.5 km S, 1.5 km W Nez Perce Peak","NMU","Collector(s): Kurt Egan Galbreath","http://arctos.database.museum/guid/NMU:Mamm:2554"
1978636509,"CC0_1_0","Urocitellus columbianus","PRESERVED_SPECIMEN",-115.017648,46.958945,10,2018,7,26,"US","Idaho","Shoshone County","1 km SW Hoodoo Pass","1 km SW Hoodoo Pass","NMU","Collector(s): Kurt Egan Galbreath","http://arctos.database.museum/guid/NMU:Mamm:2394"
1934383839,"CC_BY_4_0","Urocitellus columbianus","PRESERVED_SPECIMEN",NA,NA,NA,2007,6,26,"","","","","","NSMT","","https://db.kahaku.go.jp/webmuseum_en/detail?cls=col_a1_03&pkey=NSMT-M%2C34900%2C"
1919692451,"CC0_1_0","Urocitellus columbianus","PRESERVED_SPECIMEN",NA,NA,NA,NA,NA,NA,"","","","","","NHMUK","Wilma George",""
1852480742,"CC0_1_0","Urocitellus columbianus","PRESERVED_SPECIMEN",-113.8376,47.839,26700,1964,6,26,"US","Montana","Lake","Swan Valley","North America | United States | Montana | Lake County | Swan Valley","CUMV","Nelson;  Gary; W. Robert Eadie","http://portal.vertnet.org/o/cumv/mamm?id=68b5e75c-537e-11e6-9649-a4a3446a4726"
1852474487,"CC0_1_0","Urocitellus columbianus","PRESERVED_SPECIMEN",-113.8376,47.839,26700,1964,6,26,"US","Montana","Lake","Swan Valley","North America | United States | Montana | Lake County | Swan Valley","CUMV","Nelson; W. Robert Eadie;  Gary","http://portal.vertnet.org/o/cumv/mamm?id=686b1741-537e-11e6-9649-a4a3446a4726"
1852465861,"CC0_1_0","Urocitellus columbianus","PRESERVED_SPECIMEN",-114.717,45.702,1900,1958,6,15,"US","Idaho","Idaho","Bitterroot Forest, Magruder Ranger","North America | United States | Idaho | Idaho County | Bitterroot Forest, Magruder Ranger","CUMV","R. G. Cushing","http://portal.vertnet.org/o/cumv/mamm?id=68021133-537e-11e6-9649-a4a3446a4726"
1852465387,"CC0_1_0","Urocitellus columbianus","PRESERVED_SPECIMEN",-113.9505,47.9814,6000,1956,7,2,"US","Montana","Lake","Bigfork, 8 mi. SE","North America | United States | Montana | Lake County | Bigfork, 8 mi. SE","CUMV","George DeCoursey","http://portal.vertnet.org/o/cumv/mamm?id=67fde925-537e-11e6-9649-a4a3446a4726"
1852465355,"CC0_1_0","Urocitellus columbianus","PRESERVED_SPECIMEN",-114.0726,48.0633,4000,1964,7,5,"US","Montana","Flathead","Bigfork","North America | United States | Montana | Flathead County | Bigfork","CUMV","W. Robert Eadie","http://portal.vertnet.org/o/cumv/mamm?id=67febfd2-537e-11e6-9649-a4a3446a4726"
1804100133,"CC_BY_4_0","Urocitellus columbianus","PRESERVED_SPECIMEN",-116.967,51.3,NA,1949,6,28,"CA","British Columbia (Prov.)","","Golden. Near Yoho National Park","","CMN","Jobin, Leo",""
1804099864,"CC_BY_4_0","Urocitellus columbianus","PRESERVED_SPECIMEN",-114.8,49.5833,NA,1968,7,6,"CA","British Columbia (Prov.)","","Fernie, 15 miles N.E. of (near Corbin)","","CMN","Manning, Thomas H.",""
1804099357,"CC_BY_4_0","Urocitellus columbianus","PRESERVED_SPECIMEN",-114.283,49.55,NA,1927,6,18,"CA","Alberta (Prov.)","","Burmis","","CMN","Soper, J. Dewey",""
1804098925,"CC_BY_4_0","Urocitellus columbianus","PRESERVED_SPECIMEN",-114.583,50.3833,NA,1958,6,16,"CA","Alberta (Prov.)","","Cataract Cr., Highwood R.","","CMN","Soper, J. Dewey",""
1804098903,"CC_BY_4_0","Urocitellus columbianus","PRESERVED_SPECIMEN",-117.483,51.4833,NA,1885,8,10,"CA","British Columbia (Prov.)","","Silver City","","CMN","Macoun, John",""
1804098702,"CC_BY_4_0","Urocitellus columbianus","PRESERVED_SPECIMEN",-115.2,49.2,NA,1953,6,19,"CA","British Columbia (Prov.)","","Near Waldo","","CMN","Gorham, Stanley W.",""
1804097855,"CC_BY_4_0","Urocitellus columbianus","PRESERVED_SPECIMEN",-119.133,55.15,NA,NA,NA,NA,"CA","Alberta (Prov.)","","Wembley","","CMN","Hamm, Bernard",""
1804097370,"CC_BY_4_0","Urocitellus columbianus","PRESERVED_SPECIMEN",-114.783,50.8667,NA,1958,6,8,"CA","Alberta (Prov.)","","Forks of Elbow River and Prairie Creek","","CMN","Soper, J. Dewey",""
1804096962,"CC_BY_4_0","Urocitellus columbianus","PRESERVED_SPECIMEN",-114.383,49.95,NA,1921,6,24,"CA","Alberta (Prov.)","","Livingstone River, Crow\'s Nest","","CMN","Cutler, William Edmund",""
1804096247,"CC_BY_4_0","Urocitellus columbianus","PRESERVED_SPECIMEN",-114.283,49.55,NA,1927,6,20,"CA","Alberta (Prov.)","","Burmis","","CMN","Soper, J. Dewey",""
1804095745,"CC_BY_4_0","Urocitellus columbianus","PRESERVED_SPECIMEN",-114.617,49.3667,NA,1956,7,28,"CA","British Columbia (Prov.)","","Flathead Valley","","CMN","Blanchard, J. George",""
1804095421,"CC_BY_4_0","Urocitellus columbianus","PRESERVED_SPECIMEN",-116.567,49.1,NA,1929,8,5,"CA","British Columbia (Prov.)","Kootenay Land Distr.","mouth Goat River, Creston","","CMN","Hall, Elgin R. S.",""
1804094811,"CC_BY_4_0","Urocitellus columbianus","PRESERVED_SPECIMEN",-114.8,49.5833,NA,1968,7,4,"CA","British Columbia (Prov.)","","Fernie, 15 miles N.E. of (near Corbin)","","CMN","Manning, Thomas H.",""
1804094410,"CC_BY_4_0","Urocitellus columbianus","PRESERVED_SPECIMEN",-115.2,49.0333,NA,1930,5,19,"CA","British Columbia (Prov.)","","Newgate","","CMN","McTaggart",""
1804094183,"CC_BY_4_0","Urocitellus columbianus","PRESERVED_SPECIMEN",-114.633,49.4167,NA,1968,7,8,"CA","British Columbia (Prov.)","","Fernie, approximately 18 miles E.S.E. of","","CMN","Manning, Thomas H.",""
1804093308,"CC_BY_4_0","Urocitellus columbianus","PRESERVED_SPECIMEN",-115.567,51.1667,NA,1898,8,4,"CA","Alberta (Prov.)","","(Banff National Park). Banff","","CMN","Dippie, George F.",""
1804092789,"CC_BY_4_0","Urocitellus columbianus","PRESERVED_SPECIMEN",-114.633,49.4167,NA,1968,7,28,"CA","British Columbia (Prov.)","","Fernie, approximately 18 miles E.S.E. of","","CMN","Manning, Thomas H.",""
1804092658,"CC_BY_4_0","Urocitellus columbianus","PRESERVED_SPECIMEN",-114.633,49.4167,NA,1968,7,8,"CA","British Columbia (Prov.)","","Fernie, approximately 18 miles E.S.E. of","","CMN","Manning, Thomas H.",""
1804092158,"CC_BY_4_0","Urocitellus columbianus","PRESERVED_SPECIMEN",-118.083,52.8833,NA,1917,8,31,"CA","Alberta (Prov.)","","Jasper National Park","","CMN","Spreadborough, William",""
1804091967,"CC_BY_4_0","Urocitellus columbianus","PRESERVED_SPECIMEN",-114.7,49.6333,NA,1938,8,13,"CA","British Columbia (Prov.)","","Crowsnest Pass","","CMN","Anderson, Dr. Rudolph M.",""
1804091908,"CC_BY_4_0","Urocitellus columbianus","PRESERVED_SPECIMEN",-114.283,49.55,NA,1927,6,20,"CA","Alberta (Prov.)","","Burmis","","CMN","Soper, J. Dewey",""
1804091020,"CC_BY_4_0","Urocitellus columbianus","PRESERVED_SPECIMEN",-113.9,49.05,NA,1922,7,7,"CA","Alberta (Prov.)","","Waterton Lakes National Park","","CMN","Young, Charles H.",""
1804090579,"CC_BY_4_0","Urocitellus columbianus","PRESERVED_SPECIMEN",-114.783,50.75,NA,1897,7,10,"CA","Alberta (Prov.)","","Mount Forgetmenot","","CMN","Spreadborough, William",""
1804090514,"CC_BY_4_0","Urocitellus columbianus","PRESERVED_SPECIMEN",-118.767,49,NA,1929,6,6,"CA","British Columbia (Prov.)","","Midway","","CMN","Laing, Hamilton M.",""
1804090410,"CC_BY_4_0","Urocitellus columbianus","PRESERVED_SPECIMEN",-118.333,52.7333,NA,1930,7,15,"CA","Alberta (Prov.)","","(Jasper National Park). Jasper, Tonquin Valley","","CMN","McTaggart",""
1804090283,"CC_BY_4_0","Urocitellus columbianus","PRESERVED_SPECIMEN",-118.217,49.0167,NA,1902,6,27,"CA","British Columbia (Prov.)","","Cascade","","CMN","Spreadborough, William",""
1804089833,"CC_BY_4_0","Urocitellus columbianus","PRESERVED_SPECIMEN",-114.617,49.3667,NA,1956,7,28,"CA","British Columbia (Prov.)","","Flathead Valley","","CMN","Blanchard, J. George",""
1804089487,"CC_BY_4_0","Urocitellus columbianus","PRESERVED_SPECIMEN",-118.083,52.8833,NA,1918,8,15,"CA","Alberta (Prov.)","","Jasper National Park","","CMN","Spreadborough, William",""
1804088705,"CC_BY_4_0","Urocitellus columbianus","PRESERVED_SPECIMEN",-118.083,52.8833,NA,1919,7,24,"CA","Alberta (Prov.)","","Jasper National Park","","CMN","Spreadborough, William",""
1804088313,"CC_BY_4_0","Urocitellus columbianus","PRESERVED_SPECIMEN",-115.2,49.0333,NA,1930,5,5,"CA","British Columbia (Prov.)","","Newgate","","CMN","McTaggart",""
1804086743,"CC_BY_4_0","Urocitellus columbianus","PRESERVED_SPECIMEN",-114.633,49.4167,NA,1968,7,8,"CA","British Columbia (Prov.)","","Fernie, approximately 18 miles E.S.E. of","","CMN","Carter, Charlotte",""
1804086478,"CC_BY_4_0","Urocitellus columbianus","PRESERVED_SPECIMEN",-118.767,49,NA,1929,6,4,"CA","British Columbia (Prov.)","","Midway","","CMN","Laing, Hamilton M.",""
1804086261,"CC_BY_4_0","Urocitellus columbianus","PRESERVED_SPECIMEN",-114.533,49.6333,NA,1897,7,30,"CA","Alberta (Prov.)","","Crowsnest Pass","","CMN","Spreadborough, William",""
1804086079,"CC_BY_4_0","Urocitellus columbianus","PRESERVED_SPECIMEN",-122.247,52.3122,NA,1949,4,24,"CA","British Columbia (Prov.)","","Williams Lake, 13 miles north of","","CMN","Jobin, Leo",""
1804084615,"CC_BY_4_0","Urocitellus columbianus","PRESERVED_SPECIMEN",NA,NA,NA,NA,NA,NA,"","","","","","CMN","",""
1804083687,"CC_BY_4_0","Urocitellus columbianus","PRESERVED_SPECIMEN",-115.051,51.0353,NA,1979,6,2,"CA","Alberta (Prov.)","","Kananaskis Valley Research Station, on Hwy 40","","CMN","Lawton, Todd R.",""
1804083605,"CC_BY_4_0","Urocitellus columbianus","PRESERVED_SPECIMEN",-115.35,51.0833,NA,NA,NA,NA,"CA","Alberta (Prov.)","","Canmore. Banff National Park","","CMN","R.C.A.M.C.",""
1804083250,"CC_BY_4_0","Urocitellus columbianus","PRESERVED_SPECIMEN",-118.05,49.4167,NA,1890,6,13,"CA","British Columbia (Prov.)","","Deer Park","","CMN","Spreadborough, William",""
1804083088,"CC_BY_4_0","Urocitellus columbianus","PRESERVED_SPECIMEN",-118.883,50.9833,NA,1889,7,7,"CA","British Columbia (Prov.)","","Mount Queest","","CMN","Macoun, John",""
1804082961,"CC_BY_4_0","Urocitellus columbianus","PRESERVED_SPECIMEN",-118.217,49.0167,NA,1902,6,27,"CA","British Columbia (Prov.)","","Cascade","","CMN","Spreadborough, William",""
1804082704,"CC_BY_4_0","Urocitellus columbianus","PRESERVED_SPECIMEN",NA,NA,NA,NA,NA,NA,"","","","","","CMN","Spreadborough, William",""
1804081270,"CC_BY_4_0","Urocitellus columbianus","PRESERVED_SPECIMEN",-114.7,49.6333,NA,1938,8,13,"CA","British Columbia (Prov.)","","Crowsnest Pass","","CMN","Anderson, Dr. Rudolph M.",""
1804081202,"CC_BY_4_0","Urocitellus columbianus","PRESERVED_SPECIMEN",-115.383,49.5,NA,1968,7,10,"CA","British Columbia (Prov.)","","Bull River, 16 miles west of Fernie","","CMN","Carter, Charlotte",""
1804079216,"CC_BY_4_0","Urocitellus columbianus","PRESERVED_SPECIMEN",-114.833,49.6167,NA,1933,8,9,"CA","British Columbia (Prov.)","","Michel","","CMN","Mackay, B.K.",""
1804078980,"CC_BY_4_0","Urocitellus columbianus","PRESERVED_SPECIMEN",-118.8,49.0167,NA,1905,4,18,"CA","British Columbia (Prov.)","","Midway","","CMN","Spreadborough, William",""
1804078669,"CC_BY_4_0","Urocitellus columbianus","PRESERVED_SPECIMEN",-115.567,51.1833,NA,1930,8,21,"CA","Alberta (Prov.)","","Cascade Basin","","CMN","McTaggart",""
1804078595,"CC_BY_4_0","Urocitellus columbianus","PRESERVED_SPECIMEN",-117.8,49.1,NA,1929,7,9,"CA","British Columbia (Prov.)","Kootenay Land Distr.","Rossland","","CMN","Hall, Elgin R. S.",""
1804077345,"CC_BY_4_0","Urocitellus columbianus","PRESERVED_SPECIMEN",-114.8,49.5833,NA,1968,7,16,"CA","British Columbia (Prov.)","","Fernie, 15 miles N.E. of (near Corbin)","","CMN","Manning, Thomas H.",""
1804076702,"CC_BY_4_0","Urocitellus columbianus","PRESERVED_SPECIMEN",-115.567,51.1667,NA,1898,8,11,"CA","Alberta (Prov.)","","(Banff National Park). Banff","","CMN","Dippie, George F.",""
1804076658,"CC_BY_4_0","Urocitellus columbianus","PRESERVED_SPECIMEN",-115.067,49.5,NA,1904,5,3,"CA","British Columbia (Prov.)","","Fernie","","CMN","Spreadborough, William",""
1804076628,"CC_BY_4_0","Urocitellus columbianus","PRESERVED_SPECIMEN",-114.5,49.6333,NA,1927,6,14,"CA","Alberta (Prov.)","","Coleman, Crowsnest Pass","","CMN","Soper, J. Dewey",""
1804076176,"CC_BY_4_0","Urocitellus columbianus","PRESERVED_SPECIMEN",-115.567,51.1833,NA,1930,8,21,"CA","Alberta (Prov.)","","Cascade Basin","","CMN","McTaggart",""
1804074937,"CC_BY_4_0","Urocitellus columbianus","PRESERVED_SPECIMEN",-118.083,52.8833,NA,1917,8,28,"CA","Alberta (Prov.)","","Jasper National Park","","CMN","Spreadborough, William",""
1804074546,"CC_BY_4_0","Urocitellus columbianus","PRESERVED_SPECIMEN",-115.017,50.6333,NA,1968,8,11,"CA","Alberta (Prov.)","","Highwood Summit, approx.35 mi. S. of Seebe.","","CMN","Manning, Thomas H.",""
1804073703,"CC_BY_4_0","Urocitellus columbianus","PRESERVED_SPECIMEN",-114.783,50.75,NA,1897,7,13,"CA","Alberta (Prov.)","","Mount Forgetmenot","","CMN","Spreadborough, William",""
1804073600,"CC_BY_4_0","Urocitellus columbianus","PRESERVED_SPECIMEN",-114.783,50.75,NA,1897,7,10,"CA","Alberta (Prov.)","","Mount Forgetmenot","","CMN","Spreadborough, William",""
1804073115,"CC_BY_4_0","Urocitellus columbianus","PRESERVED_SPECIMEN",-118.767,49,NA,1929,6,4,"CA","British Columbia (Prov.)","","Midway","","CMN","Laing, Hamilton M.",""
1804072042,"CC_BY_4_0","Urocitellus columbianus","PRESERVED_SPECIMEN",-114.633,49.4167,NA,1968,7,7,"CA","British Columbia (Prov.)","","Fernie, approximately 18 miles E.S.E. of","","CMN","Manning, Thomas H.",""
1804071226,"CC_BY_4_0","Urocitellus columbianus","PRESERVED_SPECIMEN",-118.8,49.0167,NA,1905,4,18,"CA","British Columbia (Prov.)","","Midway","","CMN","Spreadborough, William",""
1804070560,"CC_BY_4_0","Urocitellus columbianus","PRESERVED_SPECIMEN",-115.567,51.1667,NA,1898,8,1,"CA","Alberta (Prov.)","","(Banff National Park). Banff","","CMN","Dippie, George F.",""
1804070539,"CC_BY_4_0","Urocitellus columbianus","PRESERVED_SPECIMEN",-113.9,49.05,NA,1922,5,15,"CA","Alberta (Prov.)","","Waterton Lakes National Park","","CMN","Young, Charles H.",""
1804069703,"CC_BY_4_0","Urocitellus columbianus","PRESERVED_SPECIMEN",-113.9,49.05,NA,1922,5,16,"CA","Alberta (Prov.)","","Waterton Lakes National Park","","CMN","Young, Charles H.",""
1804069297,"CC_BY_4_0","Urocitellus columbianus","PRESERVED_SPECIMEN",-114.8,49.5833,NA,1968,7,4,"CA","British Columbia (Prov.)","","Fernie, 15 miles N.E. of (near Corbin)","","CMN","Carter, Charlotte",""
1804069205,"CC_BY_4_0","Urocitellus columbianus","PRESERVED_SPECIMEN",-118.883,50.9833,NA,1889,7,25,"CA","British Columbia (Prov.)","","Mount Queest","","CMN","Macoun, John",""
1804069155,"CC_BY_4_0","Urocitellus columbianus","PRESERVED_SPECIMEN",-118.083,52.8833,NA,1917,8,31,"CA","Alberta (Prov.)","","Jasper National Park","","CMN","Spreadborough, William",""
1804068781,"CC_BY_4_0","Urocitellus columbianus","PRESERVED_SPECIMEN",-115.2,49.0333,NA,1930,5,5,"CA","British Columbia (Prov.)","","Newgate","","CMN","Laing, Hamilton M.",""
1804068141,"CC_BY_4_0","Urocitellus columbianus","PRESERVED_SPECIMEN",-114.617,49.3667,NA,1952,7,15,"CA","British Columbia (Prov.)","","Flathead","","CMN","Thacker, Colin L.",""
1804064598,"CC_BY_4_0","Urocitellus columbianus","PRESERVED_SPECIMEN",-114.833,49.6167,NA,1933,8,11,"CA","British Columbia (Prov.)","","Michel","","CMN","Mackay, B.K.",""
1804064471,"CC_BY_4_0","Urocitellus columbianus","PRESERVED_SPECIMEN",-115.2,49.0333,NA,1930,5,22,"CA","British Columbia (Prov.)","","Newgate","","CMN","Laing, Hamilton M.",""
1804064309,"CC_BY_4_0","Urocitellus columbianus","PRESERVED_SPECIMEN",-114.633,49.4167,NA,1968,7,6,"CA","British Columbia (Prov.)","","Fernie, approximately 18 miles E.S.E. of","","CMN","Manning, Thomas H.",""
1804063818,"CC_BY_4_0","Urocitellus columbianus","PRESERVED_SPECIMEN",-115,50.5833,NA,1958,8,5,"CA","Alberta (Prov.)","","Highwood Pass","","CMN","Soper, J. Dewey",""
1804063339,"CC_BY_4_0","Urocitellus columbianus","PRESERVED_SPECIMEN",-118.217,49.0167,NA,1902,7,1,"CA","British Columbia (Prov.)","","Cascade","","CMN","Spreadborough, William",""
1804062979,"CC_BY_4_0","Urocitellus columbianus","PRESERVED_SPECIMEN",-114.783,50.75,NA,1897,7,14,"CA","Alberta (Prov.)","","Mount Forgetmenot","","CMN","Spreadborough, William",""
1804062490,"CC_BY_4_0","Urocitellus columbianus","PRESERVED_SPECIMEN",-114.983,50.6,NA,1968,8,9,"CA","Alberta (Prov.)","","Highwood Summit, approx.37 mi. S. of Seebe.","","CMN","Carter, Charlotte",""
1804062200,"CC_BY_4_0","Urocitellus columbianus","PRESERVED_SPECIMEN",-114.783,50.8667,NA,1958,6,7,"CA","Alberta (Prov.)","","Forks of Elbow River and Prairie Creek","","CMN","Soper, J. Dewey",""
1804061807,"CC_BY_4_0","Urocitellus columbianus","PRESERVED_SPECIMEN",-115.2,49.2,NA,1953,7,18,"CA","British Columbia (Prov.)","","Near Waldo","","CMN","Gorham, Stanley W.",""
1804061074,"CC_BY_4_0","Urocitellus columbianus","PRESERVED_SPECIMEN",-114.467,49,NA,1952,NA,NA,"CA","British Columbia (Prov.)","","Flathead?","","CMN","Thacker, Colin L.",""
1804060695,"CC_BY_4_0","Urocitellus columbianus","PRESERVED_SPECIMEN",-114.467,49,NA,1952,NA,NA,"CA","British Columbia (Prov.)","","Flathead?","","CMN","Thacker, Colin L.",""
1804060481,"CC_BY_4_0","Urocitellus columbianus","PRESERVED_SPECIMEN",-117.8,49.0833,NA,1929,6,23,"CA","British Columbia (Prov.)","","Rossland","","CMN","Laing, Hamilton M.",""
1804060411,"CC_BY_4_0","Urocitellus columbianus","PRESERVED_SPECIMEN",-114.617,49.3667,NA,1956,7,31,"CA","British Columbia (Prov.)","","Flathead Valley","","CMN","Blanchard, J. George",""
1804060399,"CC_BY_4_0","Urocitellus columbianus","PRESERVED_SPECIMEN",-114.983,50.6,NA,1968,8,9,"CA","Alberta (Prov.)","","Highwood Summit, approx.37 mi. S. of Seebe.","","CMN","Manning, Thomas H.",""
1804059961,"CC_BY_4_0","Urocitellus columbianus","PRESERVED_SPECIMEN",-114.217,49.5833,NA,1968,7,2,"CA","Alberta (Prov.)","","Approx. 20 mi. E. of Coleman.","","CMN","Manning, Thomas H.",""
1804059845,"CC_BY_4_0","Urocitellus columbianus","PRESERVED_SPECIMEN",-117.8,49.1,NA,1929,7,5,"CA","British Columbia (Prov.)","Kootenay Land Distr.","Rossland","","CMN","Hall, Elgin R. S.",""
1804059321,"CC_BY_4_0","Urocitellus columbianus","PRESERVED_SPECIMEN",-115.2,49.0333,NA,1930,5,12,"CA","British Columbia (Prov.)","","Newgate","","CMN","McTaggart",""
1804058184,"CC_BY_4_0","Urocitellus columbianus","PRESERVED_SPECIMEN",-114.617,49.3667,NA,1956,7,27,"CA","British Columbia (Prov.)","","Flathead Valley","","CMN","Blanchard, J. George",""
1804057413,"CC_BY_4_0","Urocitellus columbianus","PRESERVED_SPECIMEN",-118.217,49.0167,NA,1902,6,27,"CA","British Columbia (Prov.)","","Cascade","","CMN","Spreadborough, William",""
1804057217,"CC_BY_4_0","Urocitellus columbianus","PRESERVED_SPECIMEN",-114.783,50.8667,NA,1958,6,9,"CA","Alberta (Prov.)","","Forks of Elbow River and Prairie Creek","","CMN","Soper, J. Dewey",""
1804055555,"CC_BY_4_0","Urocitellus columbianus","PRESERVED_SPECIMEN",-114.383,49.2833,NA,1959,7,29,"CA","Alberta (Prov.)","","Castle River, near Mount Haig","","CMN","Soper, J. Dewey",""
1804055393,"CC_BY_4_0","Urocitellus columbianus","PRESERVED_SPECIMEN",-114.583,50.3833,NA,1958,6,16,"CA","Alberta (Prov.)","","Cataract Cr., Highwood R.","","CMN","Soper, J. Dewey",""
1804055220,"CC_BY_4_0","Urocitellus columbianus","PRESERVED_SPECIMEN",-114.983,50.6,NA,1968,8,9,"CA","Alberta (Prov.)","","Highwood Summit, approx.37 mi. S. of Seebe.","","CMN","Carter, Charlotte",""
1804054437,"CC_BY_4_0","Urocitellus columbianus","PRESERVED_SPECIMEN",-114.633,49.4167,NA,1968,7,7,"CA","British Columbia (Prov.)","","Fernie, approximately 18 miles E.S.E. of","","CMN","Manning, Thomas H.",""
1804054313,"CC_BY_4_0","Urocitellus columbianus","PRESERVED_SPECIMEN",-118.05,49.4167,NA,1890,6,7,"CA","British Columbia (Prov.)","","Deer Park","","CMN","Spreadborough, William",""
1804053544,"CC_BY_4_0","Urocitellus columbianus","PRESERVED_SPECIMEN",-114.5,49.6333,NA,1927,6,14,"CA","Alberta (Prov.)","","Coleman, Crowsnest Pass","","CMN","Soper, J. Dewey",""
1804053331,"CC_BY_4_0","Urocitellus columbianus","PRESERVED_SPECIMEN",-114.833,49.6167,NA,1933,8,5,"CA","British Columbia (Prov.)","","Michel","","CMN","Mackay, B.K.",""
1804053202,"CC_BY_4_0","Urocitellus columbianus","PRESERVED_SPECIMEN",-114.283,49.55,NA,1927,6,18,"CA","Alberta (Prov.)","","Burmis","","CMN","Soper, J. Dewey",""
1804053165,"CC_BY_4_0","Urocitellus columbianus","PRESERVED_SPECIMEN",-115.433,49.4167,NA,1953,6,14,"CA","British Columbia (Prov.)","","Wardner","","CMN","Gorham, Stanley W.",""
1804053134,"CC_BY_4_0","Urocitellus columbianus","PRESERVED_SPECIMEN",-118.767,49,NA,1929,6,4,"CA","British Columbia (Prov.)","","Midway","","CMN","Laing, Hamilton M.",""
1804052954,"CC_BY_4_0","Urocitellus columbianus","PRESERVED_SPECIMEN",-118.867,53.4167,NA,1939,8,15,"CA","Alberta (Prov.)","","Blue Creek Cabin. Jasper National Park","","CMN","Anderson, Dr. Rudolph M.",""
1804052673,"CC_BY_4_0","Urocitellus columbianus","PRESERVED_SPECIMEN",-115.383,49.5,NA,1968,7,10,"CA","British Columbia (Prov.)","","Bull River, 16 miles west of Fernie","","CMN","Manning, Thomas H.",""
1804052552,"CC_BY_4_0","Urocitellus columbianus","PRESERVED_SPECIMEN",-115.2,49.0333,NA,1930,5,12,"CA","British Columbia (Prov.)","","Newgate","","CMN","McTaggart",""
1804052314,"CC_BY_4_0","Urocitellus columbianus","PRESERVED_SPECIMEN",-115.567,51.1833,NA,NA,NA,NA,"CA","Alberta (Prov.)","","(Banff National Park). Banff (5 miles east or west of on Trans Canada Hwy)","","CMN","Flygare, Halle",""
1804051928,"CC_BY_4_0","Urocitellus columbianus","PRESERVED_SPECIMEN",-114.633,49.4167,NA,1968,7,6,"CA","British Columbia (Prov.)","","Fernie, approximately 18 miles E.S.E. of","","CMN","Manning, Thomas H.",""
1804051529,"CC_BY_4_0","Urocitellus columbianus","PRESERVED_SPECIMEN",-115.567,51.1833,NA,NA,NA,NA,"CA","Alberta (Prov.)","","(Banff National Park). Banff (5 miles east or west of on Trans Canada Hwy)","","CMN","Flygare, Halle",""
1804051256,"CC_BY_4_0","Urocitellus columbianus","PRESERVED_SPECIMEN",-117.483,51.4833,NA,1885,8,5,"CA","British Columbia (Prov.)","","Silver City","","CMN","Macoun, John",""
1804049894,"CC_BY_4_0","Urocitellus columbianus","PRESERVED_SPECIMEN",-118,53.1,NA,1930,6,26,"CA","Alberta (Prov.)","","(Jasper National Park). Talbot Lake, Jasper","","CMN","McTaggart",""
1804049647,"CC_BY_4_0","Urocitellus columbianus","PRESERVED_SPECIMEN",-114.617,49.3667,NA,1952,7,28,"CA","British Columbia (Prov.)","","Flathead","","CMN","Thacker, Colin L.",""
1804049391,"CC_BY_4_0","Urocitellus columbianus","PRESERVED_SPECIMEN",-115.567,51.1667,NA,1891,6,6,"CA","Alberta (Prov.)","","(Banff National Park). Banff","","CMN","Spreadborough, William",""
1804049001,"CC_BY_4_0","Urocitellus columbianus","PRESERVED_SPECIMEN",-114.8,49.5833,NA,1968,7,6,"CA","British Columbia (Prov.)","","Fernie, 15 miles N.E. of (near Corbin)","","CMN","Manning, Thomas H.",""
1804048070,"CC_BY_4_0","Urocitellus columbianus","PRESERVED_SPECIMEN",-113.9,49.05,NA,1922,7,7,"CA","Alberta (Prov.)","","Waterton Lakes National Park","","CMN","Young, Charles H.",""
1804047882,"CC_BY_4_0","Urocitellus columbianus","PRESERVED_SPECIMEN",-114.7,49.6333,NA,1938,8,13,"CA","British Columbia (Prov.)","","Crowsnest Pass","","CMN","Anderson, Dr. Rudolph M.",""
1804046738,"CC_BY_4_0","Urocitellus columbianus","PRESERVED_SPECIMEN",-114.5,49.6333,NA,1927,6,15,"CA","Alberta (Prov.)","","Coleman, Crowsnest Pass","","CMN","Soper, J. Dewey",""
1804045755,"CC_BY_4_0","Urocitellus columbianus","PRESERVED_SPECIMEN",-119,55.0667,NA,1945,NA,NA,"CA","Alberta (Prov.)","","Porcupine River, (tributary of Wapiti River)","","CMN","Butterworth, J.V.",""
1804045684,"CC_BY_4_0","Urocitellus columbianus","PRESERVED_SPECIMEN",-115,50.5833,NA,1958,8,5,"CA","Alberta (Prov.)","","Highwood Pass","","CMN","Soper, J. Dewey",""
1804044873,"CC_BY_4_0","Urocitellus columbianus","PRESERVED_SPECIMEN",-118.05,49.4167,NA,1890,6,5,"CA","British Columbia (Prov.)","","Deer Park","","CMN","Spreadborough, William",""
1804044392,"CC_BY_4_0","Urocitellus columbianus","PRESERVED_SPECIMEN",-118.05,49.4167,NA,1890,6,9,"CA","British Columbia (Prov.)","","Deer Park","","CMN","Spreadborough, William",""
1804043832,"CC_BY_4_0","Urocitellus columbianus","PRESERVED_SPECIMEN",NA,NA,NA,1960,6,17,"US","Montana (State)","","Near Superior","","CMN","Manning, Thomas H.",""
1804043812,"CC_BY_4_0","Urocitellus columbianus","PRESERVED_SPECIMEN",-114.5,49.6333,NA,1927,6,15,"CA","Alberta (Prov.)","","Coleman, Crowsnest Pass","","CMN","Soper, J. Dewey",""
1804041527,"CC_BY_4_0","Urocitellus columbianus","PRESERVED_SPECIMEN",-117.833,52.7833,NA,1918,8,14,"CA","Alberta (Prov.)","","(Jasper National Park). Shovel Pass","","CMN","Spreadborough, William",""
1804041520,"CC_BY_4_0","Urocitellus columbianus","PRESERVED_SPECIMEN",-118.083,52.8833,NA,1917,8,28,"CA","Alberta (Prov.)","","Jasper National Park","","CMN","Spreadborough, William",""
1804041088,"CC_BY_4_0","Urocitellus columbianus","PRESERVED_SPECIMEN",-114.8,49.5833,NA,1968,7,4,"CA","British Columbia (Prov.)","","Fernie, 15 miles N.E. of (near Corbin)","","CMN","Manning, Thomas H.",""
177163022,"CC0_1_0","Urocitellus columbianus","PRESERVED_SPECIMEN",-119.35,50.05,NA,1919,5,6,"CA","British Columbia","","OKANAGAN","NA | CAN | BC | OKANAGAN","UCLA","MUNRO, J. A.","http://portal.vertnet.org/o/ucla/mammals?id=17737"
177162788,"CC0_1_0","Urocitellus columbianus","PRESERVED_SPECIMEN",NA,NA,NA,1920,7,5,"US","Idaho","Shoshone","MC KINNIS; 7 MI E","NA | USA | ID | SHOSHONE CO. | MC KINNIS; 7 MI E","UCLA","HOWELL, A. B.","http://portal.vertnet.org/o/ucla/mammals?id=8553"
177162787,"CC0_1_0","Urocitellus columbianus","PRESERVED_SPECIMEN",NA,NA,NA,1920,7,3,"US","Idaho","Shoshone","MC KINNIS; 7 MI E","NA | USA | ID | SHOSHONE CO. | MC KINNIS; 7 MI E","UCLA","HOWELL, A. B.","http://portal.vertnet.org/o/ucla/mammals?id=8525"
177162786,"CC0_1_0","Urocitellus columbianus","PRESERVED_SPECIMEN",NA,NA,NA,1920,7,3,"US","Idaho","Shoshone","MC KINNIS; 7 MI E","NA | USA | ID | SHOSHONE CO. | MC KINNIS; 7 MI E","UCLA","HOWELL, A. B.","http://portal.vertnet.org/o/ucla/mammals?id=8524"
177162785,"CC0_1_0","Urocitellus columbianus","PRESERVED_SPECIMEN",NA,NA,NA,1920,7,2,"US","Idaho","Shoshone","MC KINNIS; 7 MI E","NA | USA | ID | SHOSHONE CO. | MC KINNIS; 7 MI E","UCLA","HOWELL, A. B.","http://portal.vertnet.org/o/ucla/mammals?id=8523"
177162784,"CC0_1_0","Urocitellus columbianus","PRESERVED_SPECIMEN",-114.883333,47.15,NA,1920,6,30,"US","Montana","Mineral","SUPERIOR","NA | USA | MT | MINERAL CO. | SUPERIOR","UCLA","HOWELL, A. B.","http://portal.vertnet.org/o/ucla/mammals?id=8511"
177162783,"CC0_1_0","Urocitellus columbianus","PRESERVED_SPECIMEN",-114.883333,47.15,NA,1920,6,30,"US","Montana","Mineral","SUPERIOR","NA | USA | MT | MINERAL CO. | SUPERIOR","UCLA","HOWELL, A. B.","http://portal.vertnet.org/o/ucla/mammals?id=8510"
177162782,"CC0_1_0","Urocitellus columbianus","PRESERVED_SPECIMEN",-114.883333,47.15,NA,1920,6,30,"US","Montana","Mineral","SUPERIOR","NA | USA | MT | MINERAL CO. | SUPERIOR","UCLA","HOWELL, A. B.","http://portal.vertnet.org/o/ucla/mammals?id=8509"
177162781,"CC0_1_0","Urocitellus columbianus","PRESERVED_SPECIMEN",-114.883333,47.15,NA,1920,6,30,"US","Montana","Mineral","SUPERIOR","NA | USA | MT | MINERAL CO. | SUPERIOR","UCLA","HOWELL, A. B.","http://portal.vertnet.org/o/ucla/mammals?id=8508"
177162780,"CC0_1_0","Urocitellus columbianus","PRESERVED_SPECIMEN",NA,NA,NA,1920,6,28,"US","Montana","Deer Lodge","DEER LODGE; 8 MI N","NA | USA | MT | DEER LODGE CO. | DEER LODGE; 8 MI N","UCLA","HOWELL, A. B.","http://portal.vertnet.org/o/ucla/mammals?id=8506"
1705974102,"CC_BY_NC_4_0","Urocitellus columbianus","PRESERVED_SPECIMEN",NA,NA,NA,1960,6,25,"US","","","Montana","","MRI-PAS","MRI PAS",""
1705927652,"CC_BY_NC_4_0","Urocitellus columbianus","PRESERVED_SPECIMEN",NA,NA,NA,NA,NA,NA,"US","","","Lake County Mont","","MRI-PAS","MRI PAS",""
1702721402,"CC0_1_0","Urocitellus columbianus","PRESERVED_SPECIMEN",-118.7375661,48.6480516,1622,1950,2,15,"US","Washington","Ferry County","Republic","USA | Washington | Ferry | Republic","UWBM","Collector(s): Arthur D. Svihla","http://arctos.database.museum/guid/UWBM:Mamm:9927"
1702721374,"CC0_1_0","Urocitellus columbianus","PRESERVED_SPECIMEN",-118.7375661,48.6480516,1622,1950,2,15,"US","Washington","Ferry County","Republic","USA | Washington | Ferry | Republic","UWBM","Collector(s): Arthur D. Svihla","http://arctos.database.museum/guid/UWBM:Mamm:9928"
1702721363,"CC0_1_0","Urocitellus columbianus","PRESERVED_SPECIMEN",-118.7375661,48.6480516,1622,1949,7,28,"US","Washington","Ferry County","Republic","USA | Washington | Ferry | Republic","UWBM","Collector(s): Arthur D. Svihla; Preparator(s): William Russell Goodge","http://arctos.database.museum/guid/UWBM:Mamm:9960"
1702721329,"CC0_1_0","Urocitellus columbianus","PRESERVED_SPECIMEN",-118.7375661,48.6480516,1622,1949,7,28,"US","Washington","Ferry County","Republic","USA | Washington | Ferry | Republic","UWBM","Collector(s): Arthur D. Svihla; Preparator(s): William Russell Goodge","http://arctos.database.museum/guid/UWBM:Mamm:9959"
1702718593,"CC0_1_0","Urocitellus columbianus","PRESERVED_SPECIMEN",NA,NA,NA,2005,8,8,"US","Washington","Okanogan County","Hart's Pass; FR5400","USA | Washington | Okanogan | Hart's Pass; FR5400","UWBM","Collector(s): Christopher M. T. Himes, Lola J. Ulvog; Preparator(s): Christopher M. T. Himes","http://arctos.database.museum/guid/UWBM:Mamm:80405"
1702713040,"CC0_1_0","Urocitellus columbianus","PRESERVED_SPECIMEN",NA,NA,NA,2000,8,10,"US","Washington","Whatcom County","Harts Pass; alpine meadow, just N of jct FR 5400 & Pacific Crest Trail; T37N R18E Sec 7","USA | Washington | Whatcom | Harts Pass; alpine meadow, just N of jct FR 5400 & Pacific Crest Trail; T37N R18E Sec 7","UWBM","Collector(s): Joshua R. Whorley; Preparator(s): Joshua R. Whorley","http://arctos.database.museum/guid/UWBM:Mamm:74875"
1702713017,"CC0_1_0","Urocitellus columbianus","PRESERVED_SPECIMEN",NA,NA,NA,2000,9,11,"US","Washington","Whatcom County","Harts Pass; alpine meadow just N of jct FR 5400 & Pacific Crest Trail; T37N R18E Sec 7","USA | Washington | Whatcom | Harts Pass; alpine meadow just N of jct FR 5400 & Pacific Crest Trail; T37N R18E Sec 7","UWBM","Collector(s): Joshua R. Whorley; Preparator(s): Joshua R. Whorley","http://arctos.database.museum/guid/UWBM:Mamm:74885"
1702713011,"CC0_1_0","Urocitellus columbianus","PRESERVED_SPECIMEN",NA,NA,NA,2000,9,11,"US","Washington","Whatcom County","Harts Pass; alpine meadow just N of jct FR 5400 & Pacific Crest Trail; T37N R18E Sec 7","USA | Washington | Whatcom | Harts Pass; alpine meadow just N of jct FR 5400 & Pacific Crest Trail; T37N R18E Sec 7","UWBM","Collector(s): Joshua R. Whorley; Preparator(s): Joshua R. Whorley","http://arctos.database.museum/guid/UWBM:Mamm:74884"
1702713004,"CC0_1_0","Urocitellus columbianus","PRESERVED_SPECIMEN",NA,NA,NA,2000,9,11,"US","Washington","Whatcom County","Harts Pass; alpine meadow just N of jct FR 5400 & Pacific Crest Trail; T37N R18E Sec 7","USA | Washington | Whatcom | Harts Pass; alpine meadow just N of jct FR 5400 & Pacific Crest Trail; T37N R18E Sec 7","UWBM","Collector(s): Joshua R. Whorley; Preparator(s): Joshua R. Whorley","http://arctos.database.museum/guid/UWBM:Mamm:74883"
1702712895,"CC0_1_0","Urocitellus columbianus","PRESERVED_SPECIMEN",NA,NA,NA,2000,8,5,"US","Washington","Columbia County","Godman Campground; 0.25 mile S of junction FR 4608 x FR 40; meadow and forest above campground; T8N R40E Sec 10","USA | Washington | Columbia | Godman Campground; 0.25 mile S of junction FR 4608 x FR 40; meadow and forest above campground; T8N R40E Sec 10","UWBM","Collector(s): Joshua R. Whorley; Preparator(s): Joshua R. Whorley","http://arctos.database.museum/guid/UWBM:Mamm:74769"
1702712885,"CC0_1_0","Urocitellus columbianus","PRESERVED_SPECIMEN",NA,NA,NA,2000,8,5,"US","Washington","Columbia County","Godman Campground; 0.25 mile S of junction FR 4608 x FR 40; meadow and forest above campground; T8N R40E Sec 10","USA | Washington | Columbia | Godman Campground; 0.25 mile S of junction FR 4608 x FR 40; meadow and forest above campground; T8N R40E Sec 10","UWBM","Collector(s): Joshua R. Whorley; Preparator(s): Joshua R. Whorley","http://arctos.database.museum/guid/UWBM:Mamm:74768"
1702712870,"CC0_1_0","Urocitellus columbianus","PRESERVED_SPECIMEN",NA,NA,NA,2000,8,5,"US","Washington","Columbia County","Godman Campground; 0.25 mile S of junction FR 4608 x FR 40; meadow and forest above campground; T8N R40E Sec 10","USA | Washington | Columbia | Godman Campground; 0.25 mile S of junction FR 4608 x FR 40; meadow and forest above campground; T8N R40E Sec 10","UWBM","Collector(s): Joshua R. Whorley; Preparator(s): Joshua R. Whorley","http://arctos.database.museum/guid/UWBM:Mamm:74771"
1702712860,"CC0_1_0","Urocitellus columbianus","PRESERVED_SPECIMEN",NA,NA,NA,1968,7,3,"US","Washington","Stevens County","Colville; Hande Creek; 4.5 mi N, 15.8 mi E","USA | Washington | Stevens | Colville; Hande Creek; 4.5 mi N, 15.8 mi E","UWBM","Collector(s): Harold E. Broadbooks; Preparator(s): Harold E. Broadbooks","http://arctos.database.museum/guid/UWBM:Mamm:74732"
1702712843,"CC0_1_0","Urocitellus columbianus","PRESERVED_SPECIMEN",NA,NA,NA,2000,8,5,"US","Washington","Columbia County","Godman Campground; 0.25 mile S of junction FR 4608 x FR 40; meadow and forest above campground; T8N R40E Sec 10","USA | Washington | Columbia | Godman Campground; 0.25 mile S of junction FR 4608 x FR 40; meadow and forest above campground; T8N R40E Sec 10","UWBM","Collector(s): Joshua R. Whorley; Preparator(s): Joshua R. Whorley","http://arctos.database.museum/guid/UWBM:Mamm:74770"
1702712613,"CC0_1_0","Urocitellus columbianus","PRESERVED_SPECIMEN",NA,NA,NA,1967,7,9,"US","Idaho","Bonner County","Albeni Falls Dam, Albeni Cove Campground, S side reservoir; (Newport, Washington, 2 mi E)","USA | Idaho | Bonner | Albeni Falls Dam, Albeni Cove Campground, S side reservoir; (Newport, Washington, 2 mi E)","UWBM","Collector(s): Harold E. Broadbooks; Preparator(s): Harold E. Broadbooks","http://arctos.database.museum/guid/UWBM:Mamm:74491"
1702712591,"CC0_1_0","Urocitellus columbianus","PRESERVED_SPECIMEN",NA,NA,NA,1966,8,6,"US","Washington","Stevens County","Colville; Middleport, ~5 mi E; Gillette Lake; 5 mi N, 17 mi E","USA | Washington | Stevens | Colville; Middleport, ~5 mi E; Gillette Lake; 5 mi N, 17 mi E","UWBM","Collector(s): Harold E. Broadbooks; Preparator(s): Harold E. Broadbooks","http://arctos.database.museum/guid/UWBM:Mamm:74490"
1702712585,"CC0_1_0","Urocitellus columbianus","PRESERVED_SPECIMEN",NA,NA,NA,1967,7,9,"US","Idaho","Bonner County","Albeni Falls Dam, Albeni Cove Campground, S side reservoir; (Newport, Washington, 2 mi E)","USA | Idaho | Bonner | Albeni Falls Dam, Albeni Cove Campground, S side reservoir; (Newport, Washington, 2 mi E)","UWBM","Collector(s): Harold E. Broadbooks; Preparator(s): Harold E. Broadbooks","http://arctos.database.museum/guid/UWBM:Mamm:74492"
1702711722,"CC0_1_0","Urocitellus columbianus","PRESERVED_SPECIMEN",NA,NA,NA,2000,6,12,"US","Oregon","Wallowa County","Nez Perce Tribe Precious Lands; Beach Property, Paradise Ridge on Buford Creek Drainage; T6N R44E Sec 13","USA | Oregon | Wallowa | Nez Perce Tribe Precious Lands; Beach Property, Paradise Ridge on Buford Creek Drainage; T6N R44E Sec 13","UWBM","","http://arctos.database.museum/guid/UWBM:Mamm:73556"
1702711714,"CC0_1_0","Urocitellus columbianus","PRESERVED_SPECIMEN",NA,NA,NA,2000,6,12,"US","Oregon","Wallowa County","Nez Perce Tribe Precious Lands; Beach Property, Paradise Ridge on Buford Creek Drainage; T6N R44E Sec 13","USA | Oregon | Wallowa | Nez Perce Tribe Precious Lands; Beach Property, Paradise Ridge on Buford Creek Drainage; T6N R44E Sec 13","UWBM","","http://arctos.database.museum/guid/UWBM:Mamm:73558"
1702711708,"CC0_1_0","Urocitellus columbianus","PRESERVED_SPECIMEN",NA,NA,NA,2000,6,12,"US","Oregon","Wallowa County","Nez Perce Tribe Precious Lands; Beach Property, Paradise Ridge on Buford Creek Drainage; T6N R44E Sec 13","USA | Oregon | Wallowa | Nez Perce Tribe Precious Lands; Beach Property, Paradise Ridge on Buford Creek Drainage; T6N R44E Sec 13","UWBM","","http://arctos.database.museum/guid/UWBM:Mamm:73557"
1702711705,"CC0_1_0","Urocitellus columbianus","PRESERVED_SPECIMEN",NA,NA,NA,2000,6,13,"US","Oregon","Wallowa County","Nez Perce Tribe Precious Lands; Beach Property, Paradise Ridge on Buford Creek Drainage; T6N R44E Sec 13","USA | Oregon | Wallowa | Nez Perce Tribe Precious Lands; Beach Property, Paradise Ridge on Buford Creek Drainage; T6N R44E Sec 13","UWBM","Collector(s): Nez Perce Tribe","http://arctos.database.museum/guid/UWBM:Mamm:73560"
1702711701,"CC0_1_0","Urocitellus columbianus","PRESERVED_SPECIMEN",NA,NA,NA,2000,5,17,"US","Oregon","Wallowa County","Nez Perce Tribe Precious Lands; Beach Property, Paradise Ridge on Buford Creek Drainage; T6N R44E Sec 13","USA | Oregon | Wallowa | Nez Perce Tribe Precious Lands; Beach Property, Paradise Ridge on Buford Creek Drainage; T6N R44E Sec 13","UWBM","Collector(s): Nez Perce Tribe","http://arctos.database.museum/guid/UWBM:Mamm:73550"
1702711674,"CC0_1_0","Urocitellus columbianus","PRESERVED_SPECIMEN",NA,NA,NA,2000,6,21,"US","Oregon","Wallowa County","Nez Perce Tribe Precious Lands; Beach Property, Paradise Ridge on Buford Creek Drainage; T6N R44E Sec 13","USA | Oregon | Wallowa | Nez Perce Tribe Precious Lands; Beach Property, Paradise Ridge on Buford Creek Drainage; T6N R44E Sec 13","UWBM","Collector(s): Nez Perce Tribe","http://arctos.database.museum/guid/UWBM:Mamm:73563"
1702711660,"CC0_1_0","Urocitellus columbianus","PRESERVED_SPECIMEN",NA,NA,NA,2000,6,21,"US","Oregon","Wallowa County","Nez Perce Tribe Precious Lands; Beach Property, Paradise Ridge on Buford Creek Drainage; T6N R44E Sec 13","USA | Oregon | Wallowa | Nez Perce Tribe Precious Lands; Beach Property, Paradise Ridge on Buford Creek Drainage; T6N R44E Sec 13","UWBM","Collector(s): Nez Perce Tribe","http://arctos.database.museum/guid/UWBM:Mamm:73562"
1702711658,"CC0_1_0","Urocitellus columbianus","PRESERVED_SPECIMEN",NA,NA,NA,2000,5,16,"US","Oregon","Wallowa County","Nez Perce Tribe Precious Lands; Beach Property, Paradise Ridge on Buford Creek Drainage; T6N R44E Sec 13","USA | Oregon | Wallowa | Nez Perce Tribe Precious Lands; Beach Property, Paradise Ridge on Buford Creek Drainage; T6N R44E Sec 13","UWBM","Collector(s): Nez Perce Tribe","http://arctos.database.museum/guid/UWBM:Mamm:73567"
1702711654,"CC0_1_0","Urocitellus columbianus","PRESERVED_SPECIMEN",NA,NA,NA,2000,6,5,"US","Oregon","Wallowa County","Nez Perce Tribe Precious Lands; Beach Property, Paradise Ridge on Buford Creek Drainage; T6N R44E Sec 13","USA | Oregon | Wallowa | Nez Perce Tribe Precious Lands; Beach Property, Paradise Ridge on Buford Creek Drainage; T6N R44E Sec 13","UWBM","Collector(s): Nez Perce Tribe","http://arctos.database.museum/guid/UWBM:Mamm:73554"
1702711641,"CC0_1_0","Urocitellus columbianus","PRESERVED_SPECIMEN",NA,NA,NA,2000,6,12,"US","Oregon","Wallowa County","Nez Perce Tribe Precious Lands; Beach Property, Paradise Ridge on Buford Creek Drainage; T6N R44E Sec 13","USA | Oregon | Wallowa | Nez Perce Tribe Precious Lands; Beach Property, Paradise Ridge on Buford Creek Drainage; T6N R44E Sec 13","UWBM","","http://arctos.database.museum/guid/UWBM:Mamm:73555"
1702711635,"CC0_1_0","Urocitellus columbianus","PRESERVED_SPECIMEN",NA,NA,NA,2000,6,5,"US","Oregon","Wallowa County","Nez Perce Tribe Precious Lands; Beach Property, Paradise Ridge on Buford Creek Drainage; T6N R44E Sec 13","USA | Oregon | Wallowa | Nez Perce Tribe Precious Lands; Beach Property, Paradise Ridge on Buford Creek Drainage; T6N R44E Sec 13","UWBM","Collector(s): Nez Perce Tribe","http://arctos.database.museum/guid/UWBM:Mamm:73553"
1702711549,"CC0_1_0","Urocitellus columbianus","PRESERVED_SPECIMEN",-120.0342713,51.6497471,2828,1965,7,8,"CA","British Columbia","","Clearwater; near Wells Gray Park","CAN | British Columbia | Clearwater; near Wells Gray Park","UWBM","Collector(s): Ernest S. Booth; Preparator(s): Ernest S. Booth","http://arctos.database.museum/guid/UWBM:Mamm:73412"
1702688875,"CC0_1_0","Urocitellus columbianus","PRESERVED_SPECIMEN",-116.7801896,47.5038703,21261,1966,7,4,"US","Idaho","Kootenai County","Coeur d'Alene; East side of Coeur d'Alene Lake; 12 mi S","USA | Idaho | Kootenai | Coeur d'Alene; East side of Coeur d'Alene Lake; 12 mi S","UWBM","Collector(s): Harold E. Broadbooks; Preparator(s): Harold E. Broadbooks","http://arctos.database.museum/guid/UWBM:Mamm:50943"
1702688861,"CC0_1_0","Urocitellus columbianus","PRESERVED_SPECIMEN",-117.5346891,48.6188234,5930,1966,8,6,"US","Washington","Stevens County","Colville; Lake Gillette; 5 mi N, 17 mi E","USA | Washington | Stevens | Colville; Lake Gillette; 5 mi N, 17 mi E","UWBM","Collector(s): Harold E. Broadbooks; Preparator(s): Harold E. Broadbooks","http://arctos.database.museum/guid/UWBM:Mamm:50976"
1702688419,"CC0_1_0","Urocitellus columbianus","PRESERVED_SPECIMEN",-118.3029778,44.5244731,174,1962,6,29,"US","Oregon","Baker County","Unity, 9 mi NW; Wetmore Forest Camp, Blue Mountains, Blue Mt. Pass, 3.9 mi SE","USA | Oregon | Baker | Unity, 9 mi NW; Wetmore Forest Camp, Blue Mountains, Blue Mt. Pass, 3.9 mi SE","UWBM","Collector(s): Harold E. Broadbooks; Preparator(s): Harold E. Broadbooks","http://arctos.database.museum/guid/UWBM:Mamm:50495"
1702680747,"CC0_1_0","Urocitellus columbianus","PRESERVED_SPECIMEN",NA,NA,NA,1978,5,10,"US","Washington","Walla Walla County","Umatilla National Forest near Walla Walla","USA | Washington | Walla Walla | Umatilla National Forest near Walla Walla","UWBM","","http://arctos.database.museum/guid/UWBM:Mamm:42789"
1702680503,"CC0_1_0","Urocitellus columbianus","PRESERVED_SPECIMEN",-118.3880064,46.0491619,3232,1958,5,2,"US","Washington","Walla Walla County","College Place","USA | Washington | Walla Walla | College Place","UWBM","","http://arctos.database.museum/guid/UWBM:Mamm:42514"
1702680500,"CC0_1_0","Urocitellus columbianus","PRESERVED_SPECIMEN",-118.3427055,46.0644623,3714,1953,4,15,"US","Washington","Walla Walla County","Walla Walla","USA | Washington | Walla Walla | Walla Walla","UWBM","","http://arctos.database.museum/guid/UWBM:Mamm:42530"
1702680497,"CC0_1_0","Urocitellus columbianus","PRESERVED_SPECIMEN",-118.413907,46.0475617,335,1954,4,22,"US","Washington","Walla Walla County","Martain Airfield","USA | Washington | Walla Walla | Martain Airfield","UWBM","","http://arctos.database.museum/guid/UWBM:Mamm:42524"
1702680489,"CC0_1_0","Urocitellus columbianus","PRESERVED_SPECIMEN",-118.3880064,46.0491619,3232,NA,NA,NA,"US","Washington","Walla Walla County","College Place","USA | Washington | Walla Walla | College Place","UWBM","","http://arctos.database.museum/guid/UWBM:Mamm:42517"
1702680481,"CC0_1_0","Urocitellus columbianus","PRESERVED_SPECIMEN",-118.4783086,46.0386612,17072,1956,3,15,"US","Washington","Walla Walla County","Mill Creek, N","USA | Washington | Walla Walla | Mill Creek, N","UWBM","","http://arctos.database.museum/guid/UWBM:Mamm:42525"
1702680480,"CC0_1_0","Urocitellus columbianus","PRESERVED_SPECIMEN",-117.1996621,45.3134765,4566,1975,8,3,"US","Oregon","Wallowa County","Wallowa Lake, along Hwy 82; T35 R45E Sec 16","USA | Oregon | Wallowa | Wallowa Lake, along Hwy 82; T35 R45E Sec 16","UWBM","","http://arctos.database.museum/guid/UWBM:Mamm:42507"
1702680478,"CC0_1_0","Urocitellus columbianus","PRESERVED_SPECIMEN",-118.6719137,46.0397595,3392,1958,4,16,"US","Washington","Walla Walla County","Touchet","USA | Washington | Walla Walla | Touchet","UWBM","Collector(s): K. Payne; Preparator(s): K. Payne","http://arctos.database.museum/guid/UWBM:Mamm:42527"
1702680476,"CC0_1_0","Urocitellus columbianus","PRESERVED_SPECIMEN",-118.5855117,46.0561602,3553,1955,3,30,"US","Washington","Walla Walla County","Lowden","USA | Washington | Walla Walla | Lowden","UWBM","","http://arctos.database.museum/guid/UWBM:Mamm:42522"
1702680473,"CC0_1_0","Urocitellus columbianus","PRESERVED_SPECIMEN",-118.3355975,46.2994611,3116,1974,7,9,"US","Washington","Walla Walla County","Prescot; 1 mi W","USA | Washington | Walla Walla | Prescot; 1 mi W","UWBM","Collector(s): T. G. Hill; Preparator(s): T. G. Hill","http://arctos.database.museum/guid/UWBM:Mamm:42526"
1702680472,"CC0_1_0","Urocitellus columbianus","PRESERVED_SPECIMEN",-118.4321181,46.0798754,5528,1950,5,31,"US","Washington","Walla Walla County","College Place, 3 mi NW","USA | Washington | Walla Walla | College Place, 3 mi NW","UWBM","","http://arctos.database.museum/guid/UWBM:Mamm:42519"
1702680471,"CC0_1_0","Urocitellus columbianus","PRESERVED_SPECIMEN",-118.1550018,46.1400635,657,1953,5,26,"US","Washington","Walla Walla County","Dixie","USA | Washington | Walla Walla | Dixie","UWBM","","http://arctos.database.museum/guid/UWBM:Mamm:42520"
1702680469,"CC0_1_0","Urocitellus columbianus","PRESERVED_SPECIMEN",-120.663558,48.727228,1835,1988,8,15,"US","Washington","Whatcom County","Slate Peak; N of Harts Pass; T37N R18E Sec 7 NW 1/4","USA | Washington | Whatcom | Slate Peak; N of Harts Pass; T37N R18E Sec 7 NW 1/4","UWBM","Collector(s): Murray L. Johnson; Preparator(s): Murray L. Johnson","http://arctos.database.museum/guid/UWBM:Mamm:42499"
1702680468,"CC0_1_0","Urocitellus columbianus","PRESERVED_SPECIMEN",-120.0342713,51.6497471,2828,1965,7,8,"CA","British Columbia","","Clearwater; near Wells Gray Park","CAN | British Columbia | Clearwater; near Wells Gray Park","UWBM","Collector(s): Lowell S. Booth; Preparator(s): Lowell S. Booth","http://arctos.database.museum/guid/UWBM:Mamm:42493"
1702680465,"CC0_1_0","Urocitellus columbianus","PRESERVED_SPECIMEN",-120.667068,48.725118,1151,1988,8,7,"US","Washington","Okanogan County","Slate Peak; N of Harts Pass; T37N R18E Sec 7 NW 1/4","USA | Washington | Okanogan | Slate Peak; N of Harts Pass; T37N R18E Sec 7 NW 1/4","UWBM","Collector(s): Murray L. Johnson; Preparator(s): Murray L. Johnson","http://arctos.database.museum/guid/UWBM:Mamm:42498"
1702680464,"CC0_1_0","Urocitellus columbianus","PRESERVED_SPECIMEN",-118.5855117,46.0561602,3553,1955,5,31,"US","Washington","Walla Walla County","Lowden","USA | Washington | Walla Walla | Lowden","UWBM","","http://arctos.database.museum/guid/UWBM:Mamm:42521"
1702680462,"CC0_1_0","Urocitellus columbianus","PRESERVED_SPECIMEN",-120.0342713,51.6497471,2828,1965,7,8,"CA","British Columbia","","Clearwater; near Wells Gray Park","CAN | British Columbia | Clearwater; near Wells Gray Park","UWBM","Collector(s): Ernest S. Booth; Preparator(s): Ernest S. Booth","http://arctos.database.museum/guid/UWBM:Mamm:42485"
1702680460,"CC0_1_0","Urocitellus columbianus","PRESERVED_SPECIMEN",-118.5855117,46.0561602,3553,1975,5,30,"US","Washington","Walla Walla County","Lowden area","USA | Washington | Walla Walla | Lowden area","UWBM","","http://arctos.database.museum/guid/UWBM:Mamm:42523"
1702680458,"CC0_1_0","Urocitellus columbianus","PRESERVED_SPECIMEN",-117.8107923,46.1207316,5768,1974,8,8,"US","Washington","Columbia County","Homepegg Falls; 3 mi S","USA | Washington | Columbia | Homepegg Falls; 3 mi S","UWBM","Collector(s): T. G. Hill; Preparator(s): T. G. Hill","http://arctos.database.museum/guid/UWBM:Mamm:42511"
1702680457,"CC0_1_0","Urocitellus columbianus","PRESERVED_SPECIMEN",-118.3880064,46.0491619,3232,1941,4,25,"US","Washington","Walla Walla County","College Place","USA | Washington | Walla Walla | College Place","UWBM","Collector(s): G. Axford; Preparator(s): G. Axford","http://arctos.database.museum/guid/UWBM:Mamm:42518"
1702680455,"CC0_1_0","Urocitellus columbianus","PRESERVED_SPECIMEN",NA,NA,NA,1951,5,31,"US","Washington","Walla Walla County","Bettyman","USA | Washington | Walla Walla | Bettyman","UWBM","","http://arctos.database.museum/guid/UWBM:Mamm:42513"
1702680454,"CC0_1_0","Urocitellus columbianus","PRESERVED_SPECIMEN",-114.9841294,50.5970083,4915,1971,8,10,"CA","Alberta","","Kananaskis; 50 mi S","CAN | Alberta | Kananaskis; 50 mi S","UWBM","Collector(s): R. E. McLin; Preparator(s): R. E. McLin","http://arctos.database.museum/guid/UWBM:Mamm:42477"
1702680453,"CC0_1_0","Urocitellus columbianus","PRESERVED_SPECIMEN",-120.0342713,51.6497471,2828,1965,7,8,"CA","British Columbia","","Clearwater; near Wells Gray Park","CAN | British Columbia | Clearwater; near Wells Gray Park","UWBM","Collector(s): Lowell S. Booth; Preparator(s): Lowell S. Booth","http://arctos.database.museum/guid/UWBM:Mamm:42489"
1702680452,"CC0_1_0","Urocitellus columbianus","PRESERVED_SPECIMEN",-118.3880064,46.0491619,3232,1950,5,28,"US","Washington","Walla Walla County","College Place","USA | Washington | Walla Walla | College Place","UWBM","","http://arctos.database.museum/guid/UWBM:Mamm:42515"
1702680451,"CC0_1_0","Urocitellus columbianus","PRESERVED_SPECIMEN",-120.8356322,49.0580319,5436,1988,8,6,"CA","British Columbia","","Manning Provincial Park; Lightning Lakes","CAN | British Columbia | Manning Provincial Park; Lightning Lakes","UWBM","Preparator(s): Murray L. Johnson","http://arctos.database.museum/guid/UWBM:Mamm:42497"
1702680450,"CC0_1_0","Urocitellus columbianus","PRESERVED_SPECIMEN",-118.3414038,45.9739628,13,1953,5,17,"US","Oregon","Umatilla County","Spofford","USA | Oregon | Umatilla | Spofford","UWBM","","http://arctos.database.museum/guid/UWBM:Mamm:42505"
1702680448,"CC0_1_0","Urocitellus columbianus","PRESERVED_SPECIMEN",-116.7801928,47.67757,9025,1953,5,2,"US","Idaho","Kootenai County","Coeur d'Alene","USA | Idaho | Kootenai | Coeur d'Alene","UWBM","","http://arctos.database.museum/guid/UWBM:Mamm:42501"
1702680446,"CC0_1_0","Urocitellus columbianus","PRESERVED_SPECIMEN",NA,NA,NA,1978,5,10,"US","Washington","Walla Walla County","Umatilla Nat. Forest","USA | Washington | Walla Walla | Umatilla Nat. Forest","UWBM","","http://arctos.database.museum/guid/UWBM:Mamm:42529"
1702680445,"CC0_1_0","Urocitellus columbianus","PRESERVED_SPECIMEN",-117.8404921,46.0616666,1622,1974,8,20,"US","Washington","Columbia County","Burnt Flat Corral","USA | Washington | Columbia | Burnt Flat Corral","UWBM","Collector(s): T. G. Hill; Preparator(s): T. G. Hill","http://arctos.database.museum/guid/UWBM:Mamm:42512"
1702680443,"CC0_1_0","Urocitellus columbianus","PRESERVED_SPECIMEN",-118.3880064,46.0491619,3232,1939,3,16,"US","Washington","Walla Walla County","College Place","USA | Washington | Walla Walla | College Place","UWBM","","http://arctos.database.museum/guid/UWBM:Mamm:42516"
1702680442,"CC0_1_0","Urocitellus columbianus","PRESERVED_SPECIMEN",-114.9841294,50.5970083,4915,1965,8,6,"CA","Alberta","","Kananaskis; 40 mi S","CAN | Alberta | Kananaskis; 40 mi S","UWBM","Collector(s): L. A. Booth; Preparator(s): L. A. Booth","http://arctos.database.museum/guid/UWBM:Mamm:42475"
1702680441,"CC0_1_0","Urocitellus columbianus","PRESERVED_SPECIMEN",-117.8050122,46.1788883,6159,1974,7,29,"US","Washington","Columbia County","Dayton; 10 mi S, 8 mi E","USA | Washington | Columbia | Dayton; 10 mi S, 8 mi E","UWBM","Collector(s): T. G. Hill; Preparator(s): T. G. Hill","http://arctos.database.museum/guid/UWBM:Mamm:42508"
1702680440,"CC0_1_0","Urocitellus columbianus","PRESERVED_SPECIMEN",-120.0342713,51.6497471,2828,1965,7,8,"CA","British Columbia","","Clearwater; near Wells Gray Park","CAN | British Columbia | Clearwater; near Wells Gray Park","UWBM","Collector(s): Lowell S. Booth; Preparator(s): Lowell S. Booth","http://arctos.database.museum/guid/UWBM:Mamm:42491"
1702680439,"CC0_1_0","Urocitellus columbianus","PRESERVED_SPECIMEN",-120.0342713,51.6497471,2828,1965,7,8,"CA","British Columbia","","Clearwater; near Wells Gray Park","CAN | British Columbia | Clearwater; near Wells Gray Park","UWBM","Collector(s): Lowell S. Booth; Preparator(s): Lowell S. Booth","http://arctos.database.museum/guid/UWBM:Mamm:42494"
1702680438,"CC0_1_0","Urocitellus columbianus","PRESERVED_SPECIMEN",-120.0342713,51.6497471,2828,1965,7,8,"CA","British Columbia","","Clearwater; near Wells Gray Park","CAN | British Columbia | Clearwater; near Wells Gray Park","UWBM","Collector(s): Ernest S. Booth; Preparator(s): Ernest S. Booth","http://arctos.database.museum/guid/UWBM:Mamm:42486"
1702680436,"CC0_1_0","Urocitellus columbianus","PRESERVED_SPECIMEN",-117.7945659,46.2874709,4110,1974,6,14,"US","Washington","Columbia County","Dayton; 2.5 mi S, 8.5 mi E","USA | Washington | Columbia | Dayton; 2.5 mi S, 8.5 mi E","UWBM","Collector(s): T. G. Hill; Preparator(s): T. G. Hill","http://arctos.database.museum/guid/UWBM:Mamm:42509"
1702680435,"CC0_1_0","Urocitellus columbianus","PRESERVED_SPECIMEN",-116.7801928,47.67757,9025,1953,5,2,"US","Idaho","Kootenai County","Coeur d'Alene","USA | Idaho | Kootenai | Coeur d'Alene","UWBM","","http://arctos.database.museum/guid/UWBM:Mamm:42502"
1702680434,"CC0_1_0","Urocitellus columbianus","PRESERVED_SPECIMEN",-118.3984037,46.0491619,3674,1956,4,27,"US","Washington","Walla Walla County","College Place; 0.5 mi W","USA | Washington | Walla Walla | College Place; 0.5 mi W","UWBM","","http://arctos.database.museum/guid/UWBM:Mamm:42531"
1702680433,"CC0_1_0","Urocitellus columbianus","PRESERVED_SPECIMEN",-120.663558,48.727228,1835,1988,8,15,"US","Washington","Whatcom County","Slate Peak; N of Harts Pass; T37N R18E Sec 7 NW 1/4","USA | Washington | Whatcom | Slate Peak; N of Harts Pass; T37N R18E Sec 7 NW 1/4","UWBM","Collector(s): Murray L. Johnson; Preparator(s): Murray L. Johnson","http://arctos.database.museum/guid/UWBM:Mamm:42500"
1702680432,"CC0_1_0","Urocitellus columbianus","PRESERVED_SPECIMEN",-116.315144,45.6391818,19780,1963,4,7,"US","Idaho","Idaho County","Riggins; Elk Creek; 15 mi N","USA | Idaho | Idaho | Riggins; Elk Creek; 15 mi N","UWBM","Collector(s): C. A. Shultz; Preparator(s): C. A. Shultz","http://arctos.database.museum/guid/UWBM:Mamm:42495"
1702680431,"CC0_1_0","Urocitellus columbianus","PRESERVED_SPECIMEN",-118.6719137,46.0397595,3392,1971,7,12,"US","Washington","Walla Walla County","Touchet","USA | Washington | Walla Walla | Touchet","UWBM","","http://arctos.database.museum/guid/UWBM:Mamm:42528"
1702680429,"CC0_1_0","Urocitellus columbianus","PRESERVED_SPECIMEN",-114.9841294,50.5970083,4915,1965,8,6,"CA","Alberta","","Kananaskis; 40 mi S","CAN | Alberta | Kananaskis; 40 mi S","UWBM","Collector(s): L. A. Booth; Preparator(s): L. A. Booth","http://arctos.database.museum/guid/UWBM:Mamm:42476"
1702680427,"CC0_1_0","Urocitellus columbianus","PRESERVED_SPECIMEN",-120.0342713,51.6497471,2828,1965,7,8,"CA","British Columbia","","Clearwater; near Wells Gray Park","CAN | British Columbia | Clearwater; near Wells Gray Park","UWBM","Collector(s): Lowell S. Booth; Preparator(s): Lowell S. Booth","http://arctos.database.museum/guid/UWBM:Mamm:42482"
1702680426,"CC0_1_0","Urocitellus columbianus","PRESERVED_SPECIMEN",-120.0342713,51.6497471,2828,1965,7,8,"CA","British Columbia","","Clearwater; near Wells Gray Park","CAN | British Columbia | Clearwater; near Wells Gray Park","UWBM","Collector(s): Lowell S. Booth; Preparator(s): Lowell S. Booth","http://arctos.database.museum/guid/UWBM:Mamm:42492"
1702680425,"CC0_1_0","Urocitellus columbianus","PRESERVED_SPECIMEN",-114.9841294,50.5970083,4915,1965,8,3,"CA","Alberta","","Kananaskis; 40 mi S","CAN | Alberta | Kananaskis; 40 mi S","UWBM","Collector(s): Lowell S. Booth; Preparator(s): Lowell S. Booth","http://arctos.database.museum/guid/UWBM:Mamm:42474"
1702680421,"CC0_1_0","Urocitellus columbianus","PRESERVED_SPECIMEN",-118.3414038,45.9739628,13,1953,5,21,"US","Oregon","Umatilla County","Spofford","USA | Oregon | Umatilla | Spofford","UWBM","","http://arctos.database.museum/guid/UWBM:Mamm:42504"
1702680420,"CC0_1_0","Urocitellus columbianus","PRESERVED_SPECIMEN",-118.5272085,45.9619612,1493,1971,7,1,"US","Oregon","Umatilla County","Umapine; 1 mi S, 1.5 mi W","USA | Oregon | Umatilla | Umapine; 1 mi S, 1.5 mi W","UWBM","","http://arctos.database.museum/guid/UWBM:Mamm:42506"
1702680419,"CC0_1_0","Urocitellus columbianus","PRESERVED_SPECIMEN",-120.0342713,51.6497471,2828,1965,7,8,"CA","British Columbia","","Clearwater; near Wells Gray Park","CAN | British Columbia | Clearwater; near Wells Gray Park","UWBM","Collector(s): Lowell S. Booth; Preparator(s): Lowell S. Booth","http://arctos.database.museum/guid/UWBM:Mamm:42488"
1702680417,"CC0_1_0","Urocitellus columbianus","PRESERVED_SPECIMEN",-120.0342713,51.6497471,2828,1965,7,8,"CA","British Columbia","","Clearwater; near Wells Gray Park","CAN | British Columbia | Clearwater; near Wells Gray Park","UWBM","Collector(s): Lowell S. Booth; Preparator(s): Lowell S. Booth","http://arctos.database.museum/guid/UWBM:Mamm:42490"
1702680414,"CC0_1_0","Urocitellus columbianus","PRESERVED_SPECIMEN",NA,NA,NA,1987,6,4,"US","Washington","Whatcom County","between Slate Pass and Harts Pass","USA | Washington | Whatcom | between Slate Pass and Harts Pass","UWBM","Preparator(s): Murray L. Johnson","http://arctos.database.museum/guid/UWBM:Mamm:42496"
1702680412,"CC0_1_0","Urocitellus columbianus","PRESERVED_SPECIMEN",-120.0342713,51.6497471,2828,1965,7,8,"CA","British Columbia","","Clearwater; near Wells Gray Park","CAN | British Columbia | Clearwater; near Wells Gray Park","UWBM","Collector(s): Ernest S. Booth; Preparator(s): Ernest S. Booth","http://arctos.database.museum/guid/UWBM:Mamm:42484"
1702680411,"CC0_1_0","Urocitellus columbianus","PRESERVED_SPECIMEN",-117.8107931,46.1641663,1622,1974,8,8,"US","Washington","Columbia County","Homepegg Falls","USA | Washington | Columbia | Homepegg Falls","UWBM","Collector(s): T. G. Hill; Preparator(s): T. G. Hill","http://arctos.database.museum/guid/UWBM:Mamm:42510"
1702680410,"CC0_1_0","Urocitellus columbianus","PRESERVED_SPECIMEN",-114.9841294,50.5970083,4915,1963,8,11,"CA","Alberta","","Seebe; Highwood Pass; 46 mi S; Kananaskis Improvement District, Census Division 15","CAN | Alberta | Kananaskis District | Seebe; Highwood Pass; 46 mi S","UWBM","Collector(s): Ernest S. Booth; Preparator(s): Ernest S. Booth","http://arctos.database.museum/guid/UWBM:Mamm:42480"
1702680408,"CC0_1_0","Urocitellus columbianus","PRESERVED_SPECIMEN",-120.0342713,51.6497471,2828,1965,7,8,"CA","British Columbia","","Clearwater; near Wells Gray Park","CAN | British Columbia | Clearwater; near Wells Gray Park","UWBM","Collector(s): Ernest S. Booth; Preparator(s): Ernest S. Booth","http://arctos.database.museum/guid/UWBM:Mamm:42487"
1702680406,"CC0_1_0","Urocitellus columbianus","PRESERVED_SPECIMEN",-118.3414038,45.9739628,13,1953,5,21,"US","Oregon","Umatilla County","Spofford","USA | Oregon | Umatilla | Spofford","UWBM","","http://arctos.database.museum/guid/UWBM:Mamm:42503"
1702680399,"CC0_1_0","Urocitellus columbianus","PRESERVED_SPECIMEN",-114.9841294,50.5970083,4915,1963,8,11,"CA","Alberta","","Seebe; Highwood Pass; 46 mi S; Kananaskis Improvement District, Census Division 15","CAN | Alberta | Kananaskis District | Seebe; Highwood Pass; 46 mi S","UWBM","Collector(s): Ernest S. Booth; Preparator(s): Ernest S. Booth","http://arctos.database.museum/guid/UWBM:Mamm:42478"
1702680395,"CC0_1_0","Urocitellus columbianus","PRESERVED_SPECIMEN",-120.0342713,51.6497471,2828,1965,7,8,"CA","British Columbia","","Clearwater; near Wells Gray Park","CAN | British Columbia | Clearwater; near Wells Gray Park","UWBM","Collector(s): Lowell S. Booth; Preparator(s): Lowell S. Booth","http://arctos.database.museum/guid/UWBM:Mamm:42481"
1702680391,"CC0_1_0","Urocitellus columbianus","PRESERVED_SPECIMEN",-120.0342713,51.6497471,2828,1965,7,8,"CA","British Columbia","","Clearwater; near Wells Gray Park","CAN | British Columbia | Clearwater; near Wells Gray Park","UWBM","Collector(s): Ernest S. Booth; Preparator(s): Ernest S. Booth","http://arctos.database.museum/guid/UWBM:Mamm:42483"
1702680382,"CC0_1_0","Urocitellus columbianus","PRESERVED_SPECIMEN",-114.9841294,50.5970083,4915,1963,8,11,"CA","Alberta","","Seebe; Highwood Pass; 46 mi S; Kananaskis Improvement District, Census Division 15","CAN | Alberta | Kananaskis District | Seebe; Highwood Pass; 46 mi S","UWBM","Collector(s): Ernest S. Booth; Preparator(s): Ernest S. Booth","http://arctos.database.museum/guid/UWBM:Mamm:42479"
1702678199,"CC0_1_0","Urocitellus columbianus","PRESERVED_SPECIMEN",-118.8194674,48.5583249,2517,1989,6,19,"US","Washington","Ferry County","Republic; N. Fork of Scatter Cr.; 6.5 mi S, 3.75 mi W","USA | Washington | Ferry | Republic; N. Fork of Scatter Cr.; 6.5 mi S, 3.75 mi W","UWBM","","http://arctos.database.museum/guid/UWBM:Mamm:39195"
1702678184,"CC0_1_0","Urocitellus columbianus","PRESERVED_SPECIMEN",-118.1872246,48.7317465,1606,1989,6,16,"US","Washington","Ferry County","Boyds; S. Fork of Boulder Cr., at Slide Cr.; 1.25 mi N, 2.5 mi W","USA | Washington | Ferry | Boyds; S. Fork of Boulder Cr., at Slide Cr.; 1.25 mi N, 2.5 mi W","UWBM","","http://arctos.database.museum/guid/UWBM:Mamm:39191"
1702678171,"CC0_1_0","Urocitellus columbianus","PRESERVED_SPECIMEN",-118.8194674,48.5583249,2517,1989,6,19,"US","Washington","Ferry County","Republic; N. Fork of Scatter Cr.; 6.2 mi S, 3.75 mi W","USA | Washington | Ferry | Republic; N. Fork of Scatter Cr.; 6.2 mi S, 3.75 mi W","UWBM","","http://arctos.database.museum/guid/UWBM:Mamm:39193"
1702678159,"CC0_1_0","Urocitellus columbianus","PRESERVED_SPECIMEN",-118.1872246,48.7317465,1606,1989,6,16,"US","Washington","Ferry County","Boyds; S. Fork of Boulder Cr., at Slide Cr.; 1.25 mi N, 2.5 mi W","USA | Washington | Ferry | Boyds; S. Fork of Boulder Cr., at Slide Cr.; 1.25 mi N, 2.5 mi W","UWBM","","http://arctos.database.museum/guid/UWBM:Mamm:39192"
1702678133,"CC0_1_0","Urocitellus columbianus","PRESERVED_SPECIMEN",-118.1872246,48.7317465,1606,1989,6,16,"US","Washington","Ferry County","Boyds; S. Fork of Boulder Cr., at Slide Cr.; 1.25 mi N, 2.5 mi W","USA | Washington | Ferry | Boyds; S. Fork of Boulder Cr., at Slide Cr.; 1.25 mi N, 2.5 mi W","UWBM","","http://arctos.database.museum/guid/UWBM:Mamm:39190"
1702678118,"CC0_1_0","Urocitellus columbianus","PRESERVED_SPECIMEN",-118.8194674,48.5583249,2517,1989,6,19,"US","Washington","Ferry County","Republic; N. Fork of Scatter Cr.; 6.5 mi S, 3.75 mi W","USA | Washington | Ferry | Republic; N. Fork of Scatter Cr.; 6.5 mi S, 3.75 mi W","UWBM","","http://arctos.database.museum/guid/UWBM:Mamm:39194"
1702676576,"CC0_1_0","Urocitellus columbianus","PRESERVED_SPECIMEN",-120.6835,48.7215,1139,1990,8,10,"US","Washington","Whatcom County","Harts Pass; T37N R17E Sec 12","USA | Washington | Whatcom | Harts Pass; T37N R17E Sec 12","UWBM","Preparator(s): Eugene Edwin Makela","http://arctos.database.museum/guid/UWBM:Mamm:37531"
1702676568,"CC0_1_0","Urocitellus columbianus","PRESERVED_SPECIMEN",-120.6835,48.7215,1139,1990,8,10,"US","Washington","Whatcom County","Harts Pass; T37N R17E Sec 12","USA | Washington | Whatcom | Harts Pass; T37N R17E Sec 12","UWBM","Preparator(s): Eugene Edwin Makela","http://arctos.database.museum/guid/UWBM:Mamm:37533"
1702676549,"CC0_1_0","Urocitellus columbianus","PRESERVED_SPECIMEN",-120.6835,48.7215,1139,1990,8,10,"US","Washington","Whatcom County","Harts Pass; T37N R17E Sec 12","USA | Washington | Whatcom | Harts Pass; T37N R17E Sec 12","UWBM","Preparator(s): Eugene Edwin Makela","http://arctos.database.museum/guid/UWBM:Mamm:37534"
1702676546,"CC0_1_0","Urocitellus columbianus","PRESERVED_SPECIMEN",-120.6835,48.7215,1139,1990,8,10,"US","Washington","Whatcom County","Harts Pass; T37N R17E Sec 12","USA | Washington | Whatcom | Harts Pass; T37N R17E Sec 12","UWBM","Preparator(s): Eugene Edwin Makela","http://arctos.database.museum/guid/UWBM:Mamm:37532"
1702675511,"CC0_1_0","Urocitellus columbianus","PRESERVED_SPECIMEN",-120.5092232,49.0529351,37874,1963,7,16,"CA","British Columbia","","Princeton; uphill from Falls Auto Court; 28 mi S","CAN | British Columbia | Princeton; uphill from Falls Auto Court; 28 mi S","UWBM","Collector(s): Burton T. Ostenson; Preparator(s): Burton T. Ostenson","http://arctos.database.museum/guid/UWBM:Mamm:36482"
1702675466,"CC0_1_0","Urocitellus columbianus","PRESERVED_SPECIMEN",-120.5092232,49.0529351,37874,NA,NA,NA,"CA","British Columbia","","Princeton; 28 mi S","CAN | British Columbia | Princeton; 28 mi S","UWBM","Collector(s): Burton T. Ostenson; Preparator(s): Burton T. Ostenson","http://arctos.database.museum/guid/UWBM:Mamm:36481"
1702673367,"CC0_1_0","Urocitellus columbianus","PRESERVED_SPECIMEN",-117.1622,48.5037,1139,1986,6,11,"US","Washington","Pend Oreille County","off logging road; T35N R45E Sec 30","USA | Washington | Pend Oreille | off logging road; T35N R45E Sec 30","UWBM","","http://arctos.database.museum/guid/UWBM:Mamm:34342"
1702668989,"CC0_1_0","Urocitellus columbianus","PRESERVED_SPECIMEN",-116.7910958,47.8192696,22544,1974,6,30,"US","Idaho","Kootenai County","hwy between Spokane and Lake Pend Oreille","USA | Idaho | Kootenai | hwy between Spokane and Lake Pend Oreille","UWBM","","http://arctos.database.museum/guid/UWBM:Mamm:28583"
1702667433,"CC0_1_0","Urocitellus columbianus","PRESERVED_SPECIMEN",-116.5008643,51.4997794,44028,1941,7,15,"CA","British Columbia","","Yoho National Park","CAN | British Columbia | Yoho National Park","UWBM","","http://arctos.database.museum/guid/UWBM:Mamm:19668"
1702667213,"CC0_1_0","Urocitellus columbianus","PRESERVED_SPECIMEN",-118.7375661,48.6480516,1622,1951,10,23,"US","Washington","Ferry County","Republic","USA | Washington | Ferry | Republic","UWBM","","http://arctos.database.museum/guid/UWBM:Mamm:19170"
1702667154,"CC0_1_0","Urocitellus columbianus","PRESERVED_SPECIMEN",-118.9122939,48.64805,11491,1956,6,26,"US","Washington","Ferry County","Republic; Granite Creek Camp; 8 mi W","USA | Washington | Ferry | Republic; Granite Creek Camp; 8 mi W","UWBM","Collector(s): William Russell Goodge; Preparator(s): William Russell Goodge","http://arctos.database.museum/guid/UWBM:Mamm:18924"
1702667137,"CC0_1_0","Urocitellus columbianus","PRESERVED_SPECIMEN",-118.9122939,48.64805,11491,1956,6,26,"US","Washington","Ferry County","Republic; Granite Creek Camp; 8 mi W","USA | Washington | Ferry | Republic; Granite Creek Camp; 8 mi W","UWBM","Collector(s): William Russell Goodge; Preparator(s): William Russell Goodge","http://arctos.database.museum/guid/UWBM:Mamm:18925"
1702667136,"CC0_1_0","Urocitellus columbianus","PRESERVED_SPECIMEN",-118.94538,48.69467,9025,1956,6,26,"US","Washington","Okanogan County","on road between Wauconda and Granite Creek Camp","USA | Washington | Okanogan | on road between Wauconda and Granite Creek Camp","UWBM","Collector(s): William Russell Goodge; Preparator(s): William Russell Goodge","http://arctos.database.museum/guid/UWBM:Mamm:18923"
1702666242,"CC0_1_0","Urocitellus columbianus","PRESERVED_SPECIMEN",NA,NA,NA,1953,7,8,"US","Washington","King County","Seattle; University of Washington","CAPT | Washington | King County | Seattle; University of Washington","UWBM","Collector(s): Arthur D. Svihla","http://arctos.database.museum/guid/UWBM:Mamm:14176"
1702666193,"CC0_1_0","Urocitellus columbianus","PRESERVED_SPECIMEN",-118.7375661,48.6480516,1622,1949,7,28,"US","Washington","Ferry County","Republic","USA | Washington | Ferry | Republic","UWBM","Collector(s): Arthur D. Svihla; Preparator(s): William Russell Goodge","http://arctos.database.museum/guid/UWBM:Mamm:14267"
1702666011,"CC0_1_0","Urocitellus columbianus","PRESERVED_SPECIMEN",-118.7375661,48.6480516,1622,1949,7,28,"US","Washington","Ferry County","Republic","USA | Washington | Ferry | Republic","UWBM","Collector(s): Arthur D. Svihla; Preparator(s): William Russell Goodge","http://arctos.database.museum/guid/UWBM:Mamm:12818"
1702665997,"CC0_1_0","Urocitellus columbianus","PRESERVED_SPECIMEN",-118.7375661,48.6480516,1622,1949,7,28,"US","Washington","Ferry County","Republic","USA | Washington | Ferry | Republic","UWBM","Collector(s): Arthur D. Svihla; Preparator(s): William Russell Goodge","http://arctos.database.museum/guid/UWBM:Mamm:12819"
1702665987,"CC0_1_0","Urocitellus columbianus","PRESERVED_SPECIMEN",-118.2198009,45.9904637,7255,1942,4,9,"US","Oregon","Umatilla County","Cottonwood Canyon; Walla Walla, 8 mi SE","USA | Oregon | Umatilla | Cottonwood Canyon; Walla Walla, 8 mi SE","UWBM","Collector(s): Ernest S. Booth; Preparator(s): Ernest S. Booth","http://arctos.database.museum/guid/UWBM:Mamm:12791"
1702665959,"CC0_1_0","Urocitellus columbianus","PRESERVED_SPECIMEN",-118.2198009,45.9904637,7255,1942,5,5,"US","Oregon","Umatilla County","Cottonwood Canyon; Walla Walla, 8 mi SE","USA | Oregon | Umatilla | Cottonwood Canyon; Walla Walla, 8 mi SE","UWBM","Collector(s): Glen McLin; Preparator(s): Ernest S. Booth","http://arctos.database.museum/guid/UWBM:Mamm:12794"
1702665958,"CC0_1_0","Urocitellus columbianus","PRESERVED_SPECIMEN",-118.7375661,48.6480516,1622,1949,7,28,"US","Washington","Ferry County","Republic","USA | Washington | Ferry | Republic","UWBM","Collector(s): Arthur D. Svihla; Preparator(s): William Russell Goodge","http://arctos.database.museum/guid/UWBM:Mamm:12820"
1702665922,"CC0_1_0","Urocitellus columbianus","PRESERVED_SPECIMEN",NA,NA,NA,NA,NA,NA,"US","Washington","","No specific locality recorded.","USA | Washington |","UWBM","Collector(s): Arthur D. Svihla","http://arctos.database.museum/guid/UWBM:Mamm:12600"
1702665854,"CC0_1_0","Urocitellus columbianus","PRESERVED_SPECIMEN",-116.7801928,47.67757,25119,1945,4,27,"US","Idaho","Kootenai County","near Coeur d'Alene","USA | Idaho | Kootenai | near Coeur d'Alene","UWBM","","http://arctos.database.museum/guid/UWBM:Mamm:12285"
1702665853,"CC0_1_0","Urocitellus columbianus","PRESERVED_SPECIMEN",-116.7801928,47.67757,25119,1945,4,27,"US","Idaho","Kootenai County","near Coeur d'Alene","USA | Idaho | Kootenai | near Coeur d'Alene","UWBM","","http://arctos.database.museum/guid/UWBM:Mamm:12288"
1702665833,"CC0_1_0","Urocitellus columbianus","PRESERVED_SPECIMEN",-116.7801928,47.67757,25119,1945,4,26,"US","Idaho","Kootenai County","near Coeur d'Alene","USA | Idaho | Kootenai | near Coeur d'Alene","UWBM","","http://arctos.database.museum/guid/UWBM:Mamm:12286"
1702665831,"CC0_1_0","Urocitellus columbianus","PRESERVED_SPECIMEN",-116.7801928,47.67757,25119,1945,4,27,"US","Idaho","Kootenai County","near Coeur d'Alene","USA | Idaho | Kootenai | near Coeur d'Alene","UWBM","","http://arctos.database.museum/guid/UWBM:Mamm:12287"
1423736126,"CC0_1_0","Urocitellus columbianus","PRESERVED_SPECIMEN",NA,NA,NA,1977,7,8,"US","Idaho","Custer","NW STANLEY, VICINITY LOLA CR. CAMP GR.","N. America | USA | ID | Custer | NW STANLEY, VICINITY LOLA CR. CAMP GR.","HSU","T. HOLMES #229","http://portal.vertnet.org/o/hsu/vertebratemammals?id=2658"
1423735256,"CC0_1_0","Urocitellus columbianus","PRESERVED_SPECIMEN",NA,NA,NA,1975,6,22,"US","Idaho","Custer","18MI. NW STANLEY, VIC. LOLA CR. CAMP GR.,CHALLIS NATL. FOREST","N. America | USA | ID | Custer | 18MI. NW STANLEY, VIC. LOLA CR. CAMP GR.,CHALLIS NATL. FOREST","HSU","T.E. LAWLOR","http://portal.vertnet.org/o/hsu/vertebratemammals?id=1839"
1423735233,"CC0_1_0","Urocitellus columbianus","PRESERVED_SPECIMEN",NA,NA,NA,1975,6,21,"US","Montana","Missoula","7MI.E MISSOULA, LOLO PICNIC GROUNDS, PATTEE CANYON","N. America | USA | MT | Missoula | 7MI.E MISSOULA, LOLO PICNIC GROUNDS, PATTEE CANYON","HSU","R.M. SULLIVAN #87","http://portal.vertnet.org/o/hsu/vertebratemammals?id=1840"
1325913913,"CC0_1_0","Urocitellus columbianus","PRESERVED_SPECIMEN",-114.246,44.30876,89962,1948,10,26,"US","Idaho","Custer","","North America | United States | Idaho | Custer","SUI","Rohner, John R.","http://portal.vertnet.org/o/sui/vert?id=urn:catalog:sui:vert:31879"
1325911054,"CC0_1_0","Urocitellus columbianus","PRESERVED_SPECIMEN",-117,46.73238,6910,1890,6,28,"US","Idaho","Latah","Moscow","North America | United States | Idaho | Latah","SUI","McNamu, Clay; USDA Biological Survey","http://portal.vertnet.org/o/sui/vert?id=urn:catalog:sui:vert:26821"
1325911016,"CC0_1_0","Urocitellus columbianus","PRESERVED_SPECIMEN",-117,46.73238,6910,1890,6,28,"US","Idaho","Latah","Moscow","North America | United States | Idaho | Latah | Moscow, Idaho","SUI","McNamee, Clay; USDA Biological Survey","http://portal.vertnet.org/o/sui/vert?id=urn:catalog:sui:vert:26791"
1323943420,"CC_BY_NC_4_0","Urocitellus columbianus","PRESERVED_SPECIMEN",-115.0347101,51.0279198,NA,2006,7,25,"CA","Alberta","","Kananaskis Field Station, Kananaskis","Kananaskis Field Station, Kananaskis","ROM","Bateman, K",""
1323943417,"CC_BY_NC_4_0","Urocitellus columbianus","PRESERVED_SPECIMEN",-115.0347101,51.0279198,NA,2006,8,4,"CA","Alberta","","Kananaskis Field Station, Kananaskis","Kananaskis Field Station, Kananaskis","ROM","Bateman, K",""
1323943410,"CC_BY_NC_4_0","Urocitellus columbianus","PRESERVED_SPECIMEN",-115.0347101,51.0279198,NA,2006,7,25,"CA","Alberta","","Kananaskis Field Station, Kananaskis","Kananaskis Field Station, Kananaskis","ROM","Bateman, K",""
1323943406,"CC_BY_NC_4_0","Urocitellus columbianus","PRESERVED_SPECIMEN",-115.0347101,51.0279198,NA,2006,7,13,"CA","Alberta","","Kananaskis Field Station, Kananaskis","Kananaskis Field Station, Kananaskis","ROM","Bateman, K",""
1323943401,"CC_BY_NC_4_0","Urocitellus columbianus","PRESERVED_SPECIMEN",-115.0347101,51.0279198,NA,2006,8,4,"CA","Alberta","","Kananaskis Field Station, Kananaskis","Kananaskis Field Station, Kananaskis","ROM","Bateman, K",""
1292012917,"CC0_1_0","Urocitellus columbianus","PRESERVED_SPECIMEN",NA,NA,NA,1975,7,28,"CA","Bc","","","","BBM","",""
1292012839,"CC0_1_0","Urocitellus columbianus","PRESERVED_SPECIMEN",NA,NA,NA,1975,7,28,"CA","Bc","","","","BBM","",""
1292012589,"CC0_1_0","Urocitellus columbianus","PRESERVED_SPECIMEN",NA,NA,NA,1960,7,15,"CA","Bc","Kootenay","","","BBM","J. Poole & Frank Lyman Beebe",""
1292012110,"CC0_1_0","Urocitellus columbianus","PRESERVED_SPECIMEN",NA,NA,NA,1989,8,NA,"CA","Bc","Lower Mainland","","","BBM","Richard(Dick) J. Cannings",""
1292008602,"CC0_1_0","Urocitellus columbianus","PRESERVED_SPECIMEN",-116.031332,50.508619,NA,1977,8,17,"CA","Bc","Kootenay","","","BBM","K. Simpson & A. Cooper",""
1292008524,"CC0_1_0","Urocitellus columbianus","PRESERVED_SPECIMEN",-116.031332,50.508619,NA,1977,8,17,"CA","Bc","Kootenay","","","BBM","K. Simpson",""
1292008504,"CC0_1_0","Urocitellus columbianus","PRESERVED_SPECIMEN",-116.031332,50.508619,NA,1977,8,17,"CA","Bc","Kootenay","","","BBM","K. Simpson & A. Cooper",""
1292008405,"CC0_1_0","Urocitellus columbianus","PRESERVED_SPECIMEN",NA,NA,NA,1981,7,26,"CA","Bc","Lower Mainland","","","BBM","Richard(Dick) J. Cannings",""
1292004364,"CC0_1_0","Urocitellus columbianus","PRESERVED_SPECIMEN",-119.139671,50.55085,NA,1946,4,21,"CA","Bc","Okanagan","","","BBM","James W. Wynne",""
1292004321,"CC0_1_0","Urocitellus columbianus","PRESERVED_SPECIMEN",-119.139671,50.55085,NA,1946,4,21,"CA","Bc","Okanagan","","","BBM","James W. Wynne",""
1292004320,"CC0_1_0","Urocitellus columbianus","PRESERVED_SPECIMEN",-119.139671,50.55085,NA,1946,4,21,"CA","Bc","Okanagan","","","BBM","James W. Wynne",""
1292004183,"CC0_1_0","Urocitellus columbianus","PRESERVED_SPECIMEN",NA,NA,NA,1950,5,7,"CA","Bc","Okanagan","","","BBM","James W. Wynne",""
1292003902,"CC0_1_0","Urocitellus columbianus","PRESERVED_SPECIMEN",NA,NA,NA,1952,6,14,"CA","Alberta","","","","BBM","J. Bristol Foster",""
1292002617,"CC0_1_0","Urocitellus columbianus","PRESERVED_SPECIMEN",NA,NA,NA,1956,5,4,"CA","Bc","Okanagan","","","BBM","W.A. Sheppe",""
1292002601,"CC0_1_0","Urocitellus columbianus","PRESERVED_SPECIMEN",-120.50616,49.242809,NA,1958,5,3,"CA","Bc","Okanagan","","","BBM","W.A. Sheppe",""
1292001980,"CC0_1_0","Urocitellus columbianus","PRESERVED_SPECIMEN",NA,NA,NA,1955,6,23,"CA","Bc","Okanagan","","","BBM","Ian McTaggart Cowan",""
1292000814,"CC0_1_0","Urocitellus columbianus","PRESERVED_SPECIMEN",-119.336111,49.038611,NA,1931,7,5,"CA","Bc","Okanagan","","","BBM","Kenneth Racey",""
1292000808,"CC0_1_0","Urocitellus columbianus","PRESERVED_SPECIMEN",-119.336111,49.038611,NA,1931,7,7,"CA","Bc","Okanagan","","","BBM","Kenneth Racey",""
1292000770,"CC0_1_0","Urocitellus columbianus","PRESERVED_SPECIMEN",-119.336111,49.038611,NA,1931,7,11,"CA","Bc","Okanagan","","","BBM","Kenneth Racey",""
1291998903,"CC0_1_0","Urocitellus columbianus","PRESERVED_SPECIMEN",-119.35,50.233333,NA,1938,4,20,"CA","Bc","Okanagan","","","BBM","A.C. Brooks",""
1291998897,"CC0_1_0","Urocitellus columbianus","PRESERVED_SPECIMEN",NA,NA,NA,NA,NA,NA,"CA","Bc","Thompson-Nicola","","","BBM","R.W. Ritcey",""
1291998876,"CC0_1_0","Urocitellus columbianus","PRESERVED_SPECIMEN",-119.35,50.233333,NA,1938,4,9,"CA","Bc","Okanagan","","","BBM","A.C. Brooks",""
1291998866,"CC0_1_0","Urocitellus columbianus","PRESERVED_SPECIMEN",-119.35,50.233333,NA,1939,7,5,"CA","Bc","Okanagan","","","BBM","A.C. Brooks",""
1291998271,"CC0_1_0","Urocitellus columbianus","PRESERVED_SPECIMEN",NA,NA,NA,1950,5,11,"CA","Bc","Thompson-Nicola","","","BBM","Patrick(Pat) W. Martin",""
1291998262,"CC0_1_0","Urocitellus columbianus","PRESERVED_SPECIMEN",NA,NA,NA,1949,6,17,"CA","Bc","Lower Mainland","","","BBM","C. MacLeod",""
1291998243,"CC0_1_0","Urocitellus columbianus","PRESERVED_SPECIMEN",NA,NA,NA,1950,5,14,"CA","Bc","Thompson-Nicola","","","BBM","R.W. Ritcey",""
1291998234,"CC0_1_0","Urocitellus columbianus","PRESERVED_SPECIMEN",NA,NA,NA,1950,5,14,"CA","Bc","Thompson-Nicola","","","BBM","Patrick(Pat) W. Martin",""
1291998227,"CC0_1_0","Urocitellus columbianus","PRESERVED_SPECIMEN",NA,NA,NA,1949,6,17,"CA","Bc","Lower Mainland","","","BBM","C. MacLeod",""
1291998206,"CC0_1_0","Urocitellus columbianus","PRESERVED_SPECIMEN",NA,NA,NA,1950,6,20,"CA","Bc","Thompson-Nicola","","","BBM","Patrick(Pat) W. Martin",""
1291997452,"CC0_1_0","Urocitellus columbianus","PRESERVED_SPECIMEN",NA,NA,NA,1946,5,21,"CA","Alberta","Jasper National Park","","","BBM","Ian McTaggart Cowan",""
1291997397,"CC0_1_0","Urocitellus columbianus","PRESERVED_SPECIMEN",NA,NA,NA,1946,7,12,"CA","Alberta","Banff National Park","","","BBM","Ian McTaggart Cowan",""
1291996847,"CC0_1_0","Urocitellus columbianus","PRESERVED_SPECIMEN",NA,NA,NA,1945,8,11,"CA","Alberta","Banff National Park","","","BBM","Ian McTaggart Cowan",""
1291996807,"CC0_1_0","Urocitellus columbianus","PRESERVED_SPECIMEN",NA,NA,NA,1945,5,6,"CA","Bc","Omineca-Peace","","","BBM","Ian McTaggart Cowan",""
1291996705,"CC0_1_0","Urocitellus columbianus","PRESERVED_SPECIMEN",-115.690278,51.133056,NA,NA,NA,NA,"CA","Alberta","Banff National Park","","","BBM","W. Peyto",""
1291996694,"CC0_1_0","Urocitellus columbianus","PRESERVED_SPECIMEN",-115.690278,51.133056,NA,1924,6,NA,"CA","Alberta","Banff National Park","","","BBM","W. Peyto",""
1291996686,"CC0_1_0","Urocitellus columbianus","PRESERVED_SPECIMEN",-115.690278,51.133056,NA,NA,NA,NA,"CA","Alberta","Banff National Park","","","BBM","W. Peyto",""
1291996675,"CC0_1_0","Urocitellus columbianus","PRESERVED_SPECIMEN",-115.690278,51.133056,NA,NA,NA,NA,"CA","Alberta","Banff National Park","","","BBM","W. Peyto",""
1291996661,"CC0_1_0","Urocitellus columbianus","PRESERVED_SPECIMEN",-115.690278,51.133056,NA,NA,NA,NA,"CA","Alberta","Banff National Park","","","BBM","W. Peyto",""
1291996655,"CC0_1_0","Urocitellus columbianus","PRESERVED_SPECIMEN",-115.690278,51.133056,NA,1924,6,NA,"CA","Alberta","Banff National Park","","","BBM","W. Peyto",""
1291996645,"CC0_1_0","Urocitellus columbianus","PRESERVED_SPECIMEN",-115.690278,51.133056,NA,NA,NA,NA,"CA","Alberta","Banff National Park","","","BBM","W. Peyto",""
1291996640,"CC0_1_0","Urocitellus columbianus","PRESERVED_SPECIMEN",-115.690278,51.133056,NA,1924,6,NA,"CA","Alberta","Banff National Park","","","BBM","W. Peyto",""
1291996639,"CC0_1_0","Urocitellus columbianus","PRESERVED_SPECIMEN",-115.690278,51.133056,NA,NA,NA,NA,"CA","Alberta","Banff National Park","","","BBM","W. Peyto",""
1291996633,"CC0_1_0","Urocitellus columbianus","PRESERVED_SPECIMEN",-115.690278,51.133056,NA,1929,NA,NA,"CA","Alberta","Banff National Park","","","BBM","W. Peyto",""
1291996631,"CC0_1_0","Urocitellus columbianus","PRESERVED_SPECIMEN",-115.690278,51.133056,NA,NA,NA,NA,"CA","Alberta","Banff National Park","","","BBM","W. Peyto",""
1291996609,"CC0_1_0","Urocitellus columbianus","PRESERVED_SPECIMEN",-115.690278,51.133056,NA,NA,NA,NA,"CA","Alberta","Banff National Park","","","BBM","W. Peyto",""
1291996607,"CC0_1_0","Urocitellus columbianus","PRESERVED_SPECIMEN",-115.690278,51.133056,NA,1924,6,NA,"CA","Alberta","Banff National Park","","","BBM","W. Peyto",""
1291996606,"CC0_1_0","Urocitellus columbianus","PRESERVED_SPECIMEN",-115.690278,51.133056,NA,NA,NA,NA,"CA","Alberta","Banff National Park","","","BBM","W. Peyto",""
1291996605,"CC0_1_0","Urocitellus columbianus","PRESERVED_SPECIMEN",-115.690278,51.133056,NA,1929,NA,NA,"CA","Alberta","Banff National Park","","","BBM","W. Peyto",""
1291996603,"CC0_1_0","Urocitellus columbianus","PRESERVED_SPECIMEN",-115.690278,51.133056,NA,1924,6,NA,"CA","Alberta","Banff National Park","","","BBM","W. Peyto",""
1291996598,"CC0_1_0","Urocitellus columbianus","PRESERVED_SPECIMEN",-115.690278,51.133056,NA,NA,NA,NA,"CA","Alberta","Banff National Park","","","BBM","W. Peyto",""
1291996593,"CC0_1_0","Urocitellus columbianus","PRESERVED_SPECIMEN",-115.690278,51.133056,NA,NA,NA,NA,"CA","Alberta","Banff National Park","","","BBM","W. Peyto",""
1291996589,"CC0_1_0","Urocitellus columbianus","PRESERVED_SPECIMEN",-115.690278,51.133056,NA,1924,6,NA,"CA","Alberta","Banff National Park","","","BBM","W. Peyto",""
1291996586,"CC0_1_0","Urocitellus columbianus","PRESERVED_SPECIMEN",-115.690278,51.133056,NA,1929,NA,NA,"CA","Alberta","Banff National Park","","","BBM","W. Peyto",""
1291996583,"CC0_1_0","Urocitellus columbianus","PRESERVED_SPECIMEN",-115.690278,51.133056,NA,NA,NA,NA,"CA","Alberta","Banff National Park","","","BBM","W. Peyto",""
1291996579,"CC0_1_0","Urocitellus columbianus","PRESERVED_SPECIMEN",-115.690278,51.133056,NA,1929,NA,NA,"CA","Alberta","Banff National Park","","","BBM","W. Peyto",""
1291996576,"CC0_1_0","Urocitellus columbianus","PRESERVED_SPECIMEN",-115.690278,51.133056,NA,1924,6,NA,"CA","Alberta","Banff National Park","","","BBM","W. Peyto",""
1291996575,"CC0_1_0","Urocitellus columbianus","PRESERVED_SPECIMEN",-115.690278,51.133056,NA,1924,6,NA,"CA","Alberta","Banff National Park","","","BBM","W. Peyto",""
1291996574,"CC0_1_0","Urocitellus columbianus","PRESERVED_SPECIMEN",-115.690278,51.133056,NA,1929,NA,NA,"CA","Alberta","Banff National Park","","","BBM","W. Peyto",""
1291996573,"CC0_1_0","Urocitellus columbianus","PRESERVED_SPECIMEN",-115.690278,51.133056,NA,1924,6,NA,"CA","Alberta","Banff National Park","","","BBM","W. Peyto",""
1291996570,"CC0_1_0","Urocitellus columbianus","PRESERVED_SPECIMEN",-115.690278,51.133056,NA,1929,NA,NA,"CA","Alberta","Banff National Park","","","BBM","W. Peyto",""
1291996568,"CC0_1_0","Urocitellus columbianus","PRESERVED_SPECIMEN",-115.690278,51.133056,NA,1924,6,NA,"CA","Alberta","Banff National Park","","","BBM","W. Peyto",""
1291996539,"CC0_1_0","Urocitellus columbianus","PRESERVED_SPECIMEN",-115.690278,51.133056,NA,1924,6,NA,"CA","Alberta","Banff National Park","","","BBM","W. Peyto",""
1291996523,"CC0_1_0","Urocitellus columbianus","PRESERVED_SPECIMEN",-115.690278,51.133056,NA,1924,6,NA,"CA","Alberta","Banff National Park","","","BBM","W. Peyto",""
1291996515,"CC0_1_0","Urocitellus columbianus","PRESERVED_SPECIMEN",-115.690278,51.133056,NA,1924,6,NA,"CA","Alberta","Banff National Park","","","BBM","W. Peyto",""
1291996507,"CC0_1_0","Urocitellus columbianus","PRESERVED_SPECIMEN",-115.690278,51.133056,NA,1924,6,NA,"CA","Alberta","Banff National Park","","","BBM","W. Peyto",""
1291996498,"CC0_1_0","Urocitellus columbianus","PRESERVED_SPECIMEN",-115.690278,51.133056,NA,1924,6,NA,"CA","Alberta","Banff National Park","","","BBM","W. Peyto",""
1291996475,"CC0_1_0","Urocitellus columbianus","PRESERVED_SPECIMEN",NA,NA,NA,1944,7,10,"CA","Alberta","Jasper National Park","","","BBM","James Hatter",""
1291996374,"CC0_1_0","Urocitellus columbianus","PRESERVED_SPECIMEN",NA,NA,NA,1941,12,17,"US","Or","Umatilla","","","BBM","J. Oliver",""
1291995386,"CC0_1_0","Urocitellus columbianus","PRESERVED_SPECIMEN",-119.280052,50.700387,NA,1929,5,28,"CA","Bc","Thompson-Nicola","","","BBM","Ian McTaggart Cowan",""
1211866282,"CC_BY_NC_4_0","Urocitellus columbianus","PRESERVED_SPECIMEN",-121.583333,53.066667,NA,NA,NA,NA,"CA","British Columbia","Cariboo","Near Barkerville","Near Barkerville","ROM","Munro, JA",""
1211866067,"CC_BY_NC_4_0","Urocitellus columbianus","PRESERVED_SPECIMEN",-118.033333,52.933333,NA,1946,6,4,"CA","Alberta","","Maligne River, Jasper National Park","Maligne River, Jasper National Park","ROM","Banfield, AF",""
1211864476,"CC_BY_NC_4_0","Urocitellus columbianus","PRESERVED_SPECIMEN",NA,NA,NA,1949,6,17,"CA","British Columbia","","Eagle Lake, Murphy Lake","Eagle Lake, Murphy Lake","ROM","Lanning, RG; et al",""
1211864138,"CC_BY_NC_4_0","Urocitellus columbianus","PRESERVED_SPECIMEN",-120.033333,51.65,NA,1965,7,8,"CA","British Columbia","","Clearwater","Clearwater","ROM","Booth, L",""
1211863910,"CC_BY_NC_4_0","Urocitellus columbianus","PRESERVED_SPECIMEN",-116.25,51.5,NA,1951,5,9,"CA","Alberta","","Hillsdale, Banff National Park","Hillsdale, Banff National Park","ROM","Banfield, AF",""
1211863865,"CC_BY_NC_4_0","Urocitellus columbianus","PRESERVED_SPECIMEN",-117.516667,51.3,NA,1947,7,20,"CA","British Columbia","","Roger's Passing, Glacier National Park, Kootenay","Roger's Passing, Glacier National Park, Kootenay","ROM","Banfield, AWF",""
1211863574,"CC_BY_NC_4_0","Urocitellus columbianus","PRESERVED_SPECIMEN",-116.9,51.25,NA,1971,7,9,"CA","British Columbia","","1 mi W  of Nicholson","1 mi W  of Nicholson","ROM","Dick, JA; Murphy, GB",""
1211863432,"CC_BY_NC_4_0","Urocitellus columbianus","PRESERVED_SPECIMEN",NA,NA,NA,1977,7,19,"CA","Alberta","","Banff National Park","Banff National Park","ROM","Canadian Wildlife Service; Banff Nat Pk",""
1211862332,"CC_BY_NC_4_0","Urocitellus columbianus","PRESERVED_SPECIMEN",-113.95,50.766667,NA,1972,3,21,"CA","Alberta","","Sheep River Valley W of Okotoks","Sheep River Valley W of Okotoks","ROM","Burns, JA; Taylor, ME",""
1211861906,"CC_BY_NC_4_0","Urocitellus columbianus","PRESERVED_SPECIMEN",-113.833333,50.583333,NA,1914,7,15,"CA","Alberta","","High River","High River","ROM","Gould, H",""
1211861581,"CC_BY_NC_4_0","Urocitellus columbianus","PRESERVED_SPECIMEN",-119.266667,50.266667,NA,1926,5,15,"CA","British Columbia","Okanagan-Similkameen","Vernon, Swan Lake, Osoyoos","Vernon, Swan Lake, Osoyoos","ROM","Racey, K",""
1211861488,"CC_BY_NC_4_0","Urocitellus columbianus","PRESERVED_SPECIMEN",-119.35,50.233333,NA,1936,4,27,"CA","British Columbia","Okanagan-Similkameen","Okanagan Landing, Osoyoos","Okanagan Landing, Osoyoos","ROM","Munro, JA",""
1211861435,"CC_BY_NC_4_0","Urocitellus columbianus","PRESERVED_SPECIMEN",-119.35,50.233333,NA,1937,7,30,"CA","British Columbia","Okanagan-Similkameen","Okanagan Landing, Osoyoos","Okanagan Landing, Osoyoos","ROM","Brooks, AC",""
1211861430,"CC_BY_NC_4_0","Urocitellus columbianus","PRESERVED_SPECIMEN",-119.35,50.233333,NA,1931,5,9,"CA","British Columbia","Okanagan-Similkameen","Okanagan Landing, Osoyoos","Okanagan Landing, Osoyoos","ROM","Munro, JA",""
1211861423,"CC_BY_NC_4_0","Urocitellus columbianus","PRESERVED_SPECIMEN",-119.35,50.233333,NA,1936,4,27,"CA","British Columbia","Okanagan-Similkameen","Okanagan Landing, Osoyoos","Okanagan Landing, Osoyoos","ROM","Munro, JA",""
1211861418,"CC_BY_NC_4_0","Urocitellus columbianus","PRESERVED_SPECIMEN",-119.35,50.233333,NA,1929,4,27,"CA","British Columbia","Okanagan-Similkameen","Okanagan Landing, Osoyoos","Okanagan Landing, Osoyoos","ROM","Munro, JA",""
1211861411,"CC_BY_NC_4_0","Urocitellus columbianus","PRESERVED_SPECIMEN",-119.35,50.233333,NA,1936,4,28,"CA","British Columbia","Okanagan-Similkameen","Okanagan Landing, Osoyoos","Okanagan Landing, Osoyoos","ROM","Munro, JA",""
1211861401,"CC_BY_NC_4_0","Urocitellus columbianus","PRESERVED_SPECIMEN",-119.35,50.233333,NA,1931,4,19,"CA","British Columbia","Okanagan-Similkameen","Okanagan Landing, Osoyoos","Okanagan Landing, Osoyoos","ROM","Munro, JA",""
1211861109,"CC_BY_NC_4_0","Urocitellus columbianus","PRESERVED_SPECIMEN",-114.533333,50.183333,NA,1977,7,15,"CA","Alberta","","Kananaskis Road, Forestry Trunk Road At Mile 50 N of Coleman","Kananaskis Road, Forestry Trunk Road At Mile 50 N of Coleman","ROM","Burns, JA",""
1211859492,"CC_BY_NC_4_0","Urocitellus columbianus","PRESERVED_SPECIMEN",-115.8,49.483333,NA,1914,5,10,"CA","British Columbia","","Cranbrook, Kootenay","Cranbrook, Kootenay","ROM","Garret, CB",""
1211859482,"CC_BY_NC_4_0","Urocitellus columbianus","PRESERVED_SPECIMEN",-115.8,49.483333,NA,1924,5,10,"CA","British Columbia","","Cranbrook, Kootenay","Cranbrook, Kootenay","ROM","Garret, CB",""
1211859464,"CC_BY_NC_4_0","Urocitellus columbianus","PRESERVED_SPECIMEN",-115.8,49.483333,NA,1914,5,10,"CA","British Columbia","","Cranbrook, Kootenay, Hospital Creek","Cranbrook, Kootenay, Hospital Creek","ROM","Garret, CB",""
1211859461,"CC_BY_NC_4_0","Urocitellus columbianus","PRESERVED_SPECIMEN",-115.8,49.483333,NA,1914,5,10,"CA","British Columbia","","Cranbrook, Kootenay, Hospital Creek","Cranbrook, Kootenay, Hospital Creek","ROM","Garret, CB",""
1211859459,"CC_BY_NC_4_0","Urocitellus columbianus","PRESERVED_SPECIMEN",-115.8,49.483333,NA,1909,4,17,"CA","British Columbia","","Cranbrook, Kootenay","Cranbrook, Kootenay","ROM","Garret, CB",""
1211859415,"CC_BY_NC_4_0","Urocitellus columbianus","PRESERVED_SPECIMEN",-117.483333,49.466667,NA,1927,5,19,"CA","British Columbia","","Bonnington Falls, Near Nelson","Bonnington Falls, Near Nelson","ROM","",""
1211858757,"CC_BY_NC_4_0","Urocitellus columbianus","PRESERVED_SPECIMEN",-114.083333,49.183333,NA,1985,7,16,"CA","Alberta","","Yarrow Creek, Alpine Meadow","Yarrow Creek, Alpine Meadow","ROM","Woodward, SM; Gibson, JS",""
1211858742,"CC_BY_NC_4_0","Urocitellus columbianus","PRESERVED_SPECIMEN",-114.083333,49.183333,NA,1985,7,19,"CA","Alberta","","Yarrow Creek, Tamaracks Above Meadow","Yarrow Creek, Tamaracks Above Meadow","ROM","Woodward, SM; Gibson, JS",""
1211858733,"CC_BY_NC_4_0","Urocitellus columbianus","PRESERVED_SPECIMEN",-114.083333,49.183333,NA,1985,7,18,"CA","Alberta","","Yarrow Creek, Transect 1","Yarrow Creek, Transect 1","ROM","Woodward, SM; Gibson, JS",""
1211858732,"CC_BY_NC_4_0","Urocitellus columbianus","PRESERVED_SPECIMEN",-114.083333,49.183333,NA,1985,7,19,"CA","Alberta","","Yarrow Creek, Tamaracks Above Meadow","Yarrow Creek, Tamaracks Above Meadow","ROM","Woodward, SM; Gibson, JS",""
1211858716,"CC_BY_NC_4_0","Urocitellus columbianus","PRESERVED_SPECIMEN",-114.083333,49.183333,NA,1985,7,20,"CA","Alberta","","Yarrow Creek, Across From Camp","Yarrow Creek, Across From Camp","ROM","Woodward, SM; Gibson, JS",""
1211858698,"CC_BY_NC_4_0","Urocitellus columbianus","PRESERVED_SPECIMEN",-114.083333,49.183333,NA,1985,7,16,"CA","Alberta","","Yarrow Creek, Transect 1","Yarrow Creek, Transect 1","ROM","Woodward, SM; Gibson, JS",""
1211856203,"CC_BY_NC_4_0","Urocitellus columbianus","PRESERVED_SPECIMEN",-116.35,48.566667,NA,1949,7,25,"US","Idaho","Boundary","26 mi N of Naples","26 mi N of Naples","ROM","Walden, LA",""
1211856087,"CC_BY_NC_4_0","Urocitellus columbianus","PRESERVED_SPECIMEN",-117.916667,48.55,NA,1923,4,13,"US","Washington","Stevens","Calville","Calville","ROM","Couch, LK",""
1211854707,"CC_BY_NC_4_0","Urocitellus columbianus","PRESERVED_SPECIMEN",-114.66667,48.1,NA,1949,7,25,"US","Montana","Flathead","25 mi SW of Marion, Flathead Lake","25 mi SW of Marion, Flathead Lake","ROM","Peterson, RL",""
1211851597,"CC_BY_NC_4_0","Urocitellus columbianus","PRESERVED_SPECIMEN",-114.23333,47.016667,5.22,1949,7,19,"US","Montana","Missoula","5 mi W of Frenchtown","5 mi W of Frenchtown","ROM","Peterson, RL",""
1211850389,"CC_BY_NC_4_0","Urocitellus columbianus","PRESERVED_SPECIMEN",-112.75,46.25,1.44,1949,7,19,"US","Montana","Deer Lodge","1 mi E of Galen","1 mi E of Galen","ROM","Walden, LA",""
1211782685,"CC_BY_NC_4_0","Urocitellus columbianus","PRESERVED_SPECIMEN",-116.25,51.5,NA,1951,5,9,"CA","Alberta","","Hillsdale, Banff National Park","Hillsdale, Banff National Park","ROM","Banfield, AF",""
1065080230,"CC0_1_0","Urocitellus columbianus","PRESERVED_SPECIMEN",NA,NA,NA,1964,7,31,"CA","British Columbia","","","CAN | British Col. | - | 19 mi. W of Invermere 8200ft; nearest city: Invermere","CSUC","D.A. Sutton","http://portal.vertnet.org/o/csuc/mammals?id=1483"
1044010367,"CC_BY_4_0","Urocitellus columbianus","PRESERVED_SPECIMEN",NA,NA,NA,NA,NA,NA,"US","","","Flathead Lake, S. end, Lake Co. Montana","","MNHN","Dolph, I.;Dolph, I.",""
